image_id,image_path,processed
IMG_1902261 - Viren Viren.jpg,C:\Users\user\OneDrive\Desktop\New folder (2)\New folder\smart-tire-analyzer\dataset\raw\tread_images\IMG_1902261 - Viren Viren.jpg,True
IMG_1902262 - Viren Viren.jpg,C:\Users\user\OneDrive\Desktop\New folder (2)\New folder\smart-tire-analyzer\dataset\raw\tread_images\IMG_1902262 - Viren Viren.jpg,False
IMG_1902263 - Viren Viren.jpg,C:\Users\user\OneDrive\Desktop\New folder (2)\New folder\smart-tire-analyzer\dataset\raw\tread_images\IMG_1902263 - Viren Viren.jpg,True
IMG_1902264 - Viren Viren.jpg,C:\Users\user\OneDrive\Desktop\New folder (2)\New folder\smart-tire-analyzer\dataset\raw\tread_images\IMG_1902264 - Viren Viren.jpg,True
IMG_1902265 - Viren Viren.jpg,C:\Users\user\OneDrive\Desktop\New folder (2)\New folder\smart-tire-analyzer\dataset\raw\tread_images\IMG_1902265 - Viren Viren.jpg,True
IMG_1902266 - Viren Viren.jpg,C:\Users\user\OneDrive\Desktop\New folder (2)\New folder\smart-tire-analyzer\dataset\raw\tread_images\IMG_1902266 - Viren Viren.jpg,True
IMG_1902267 - Viren Viren.jpg,C:\Users\user\OneDrive\Desktop\New folder (2)\New folder\smart-tire-analyzer\dataset\raw\tread_images\IMG_1902267 - Viren Viren.jpg,True
IMG_1902268 - Viren Viren.jpg,C:\Users\user\OneDrive\Desktop\New folder (2)\New folder\smart-tire-analyzer\dataset\raw\tread_images\IMG_1902268 - Viren Viren.jpg,False
IMG_1902269 - Viren Viren.jpg,C:\Users\user\OneDrive\Desktop\New folder (2)\New folder\smart-tire-analyzer\dataset\raw\tread_images\IMG_1902269 - Viren Viren.jpg,True
IMG_19022610 - Viren Viren.jpg,C:\Users\user\OneDrive\Desktop\New folder (2)\New folder\smart-tire-analyzer\dataset\raw\tread_images\IMG_19022610 - Viren Viren.jpg,True
IMG_19022611 - Viren Viren.jpg,C:\Users\user\OneDrive\Desktop\New folder (2)\New folder\smart-tire-analyzer\dataset\raw\tread_images\IMG_19022611 - Viren Viren.jpg,False
IMG_19022612 - Viren Viren.jpg,C:\Users\user\OneDrive\Desktop\New folder (2)\New folder\smart-tire-analyzer\dataset\raw\tread_images\IMG_19022612 - Viren Viren.jpg,True
IMG_19022613 - Viren Viren.jpg,C:\Users\user\OneDrive\Desktop\New folder (2)\New folder\smart-tire-analyzer\dataset\raw\tread_images\IMG_19022613 - Viren Viren.jpg,True
IMG_19022614 - Viren Viren.jpg,C:\Users\user\OneDrive\Desktop\New folder (2)\New folder\smart-tire-analyzer\dataset\raw\tread_images\IMG_19022614 - Viren Viren.jpg,False
IMG_19022615 - Viren Viren.jpg,C:\Users\user\OneDrive\Desktop\New folder (2)\New folder\smart-tire-analyzer\dataset\raw\tread_images\IMG_19022615 - Viren Viren.jpg,False
IMG_19022616 - Viren Viren.jpg,C:\Users\user\OneDrive\Desktop\New folder (2)\New folder\smart-tire-analyzer\dataset\raw\tread_images\IMG_19022616 - Viren Viren.jpg,True
IMG_19022617 - Viren Viren.jpg,C:\Users\user\OneDrive\Desktop\New folder (2)\New folder\smart-tire-analyzer\dataset\raw\tread_images\IMG_19022617 - Viren Viren.jpg,True
IMG_19022618 - Viren Viren.jpg,C:\Users\user\OneDrive\Desktop\New folder (2)\New folder\smart-tire-analyzer\dataset\raw\tread_images\IMG_19022618 - Viren Viren.jpg,True
IMG_19022619 - Viren Viren.jpg,C:\Users\user\OneDrive\Desktop\New folder (2)\New folder\smart-tire-analyzer\dataset\raw\tread_images\IMG_19022619 - Viren Viren.jpg,True
IMG_19022620 - Viren Viren.jpg,C:\Users\user\OneDrive\Desktop\New folder (2)\New folder\smart-tire-analyzer\dataset\raw\tread_images\IMG_19022620 - Viren Viren.jpg,False
IMG_19022621 - Viren Viren.jpg,C:\Users\user\OneDrive\Desktop\New folder (2)\New folder\smart-tire-analyzer\dataset\raw\tread_images\IMG_19022621 - Viren Viren.jpg,True
IMG_19022622 - Viren Viren.jpg,C:\Users\user\OneDrive\Desktop\New folder (2)\New folder\smart-tire-analyzer\dataset\raw\tread_images\IMG_19022622 - Viren Viren.jpg,True
IMG_19022623 - Viren Viren.jpg,C:\Users\user\OneDrive\Desktop\New folder (2)\New folder\smart-tire-analyzer\dataset\raw\tread_images\IMG_19022623 - Viren Viren.jpg,False
IMG_19022624 - Viren Viren.jpg,C:\Users\user\OneDrive\Desktop\New folder (2)\New folder\smart-tire-analyzer\dataset\raw\tread_images\IMG_19022624 - Viren Viren.jpg,False
IMG_19022625 - Viren Viren.jpg,C:\Users\user\OneDrive\Desktop\New folder (2)\New folder\smart-tire-analyzer\dataset\raw\tread_images\IMG_19022625 - Viren Viren.jpg,True
IMG_19022626 - Viren Viren.jpg,C:\Users\user\OneDrive\Desktop\New folder (2)\New folder\smart-tire-analyzer\dataset\raw\tread_images\IMG_19022626 - Viren Viren.jpg,False
IMG_19022627 - Viren Viren.jpg,C:\Users\user\OneDrive\Desktop\New folder (2)\New folder\smart-tire-analyzer\dataset\raw\tread_images\IMG_19022627 - Viren Viren.jpg,True
IMG_19022628 - Viren Viren.jpg,C:\Users\user\OneDrive\Desktop\New folder (2)\New folder\smart-tire-analyzer\dataset\raw\tread_images\IMG_19022628 - Viren Viren.jpg,True
IMG_19022629 - Viren Viren.jpg,C:\Users\user\OneDrive\Desktop\New folder (2)\New folder\smart-tire-analyzer\dataset\raw\tread_images\IMG_19022629 - Viren Viren.jpg,True
IMG_19022630 - Viren Viren.jpg,C:\Users\user\OneDrive\Desktop\New folder (2)\New folder\smart-tire-analyzer\dataset\raw\tread_images\IMG_19022630 - Viren Viren.jpg,True
IMG_19022631 - Viren Viren.jpg,C:\Users\user\OneDrive\Desktop\New folder (2)\New folder\smart-tire-analyzer\dataset\raw\tread_images\IMG_19022631 - Viren Viren.jpg,False
IMG_19022632 - Viren Viren.jpg,C:\Users\user\OneDrive\Desktop\New folder (2)\New folder\smart-tire-analyzer\dataset\raw\tread_images\IMG_19022632 - Viren Viren.jpg,False
IMG_19022633 - Viren Viren.jpg,C:\Users\user\OneDrive\Desktop\New folder (2)\New folder\smart-tire-analyzer\dataset\raw\tread_images\IMG_19022633 - Viren Viren.jpg,True
IMG_19022634 - Viren Viren.jpg,C:\Users\user\OneDrive\Desktop\New folder (2)\New folder\smart-tire-analyzer\dataset\raw\tread_images\IMG_19022634 - Viren Viren.jpg,True
IMG_19022635 - Viren Viren.jpg,C:\Users\user\OneDrive\Desktop\New folder (2)\New folder\smart-tire-analyzer\dataset\raw\tread_images\IMG_19022635 - Viren Viren.jpg,False
IMG_19022636 - Viren Viren.jpg,C:\Users\user\OneDrive\Desktop\New folder (2)\New folder\smart-tire-analyzer\dataset\raw\tread_images\IMG_19022636 - Viren Viren.jpg,False
IMG_19022637 - Viren Viren.jpg,C:\Users\user\OneDrive\Desktop\New folder (2)\New folder\smart-tire-analyzer\dataset\raw\tread_images\IMG_19022637 - Viren Viren.jpg,False
IMG_19022638 - Viren Viren.jpg,C:\Users\user\OneDrive\Desktop\New folder (2)\New folder\smart-tire-analyzer\dataset\raw\tread_images\IMG_19022638 - Viren Viren.jpg,False
IMG_19022639 - Viren Viren.jpg,C:\Users\user\OneDrive\Desktop\New folder (2)\New folder\smart-tire-analyzer\dataset\raw\tread_images\IMG_19022639 - Viren Viren.jpg,False
IMG_19022640 - Viren Viren.jpg,C:\Users\user\OneDrive\Desktop\New folder (2)\New folder\smart-tire-analyzer\dataset\raw\tread_images\IMG_19022640 - Viren Viren.jpg,True
IMG_19022641 - Viren Viren.jpg,C:\Users\user\OneDrive\Desktop\New folder (2)\New folder\smart-tire-analyzer\dataset\raw\tread_images\IMG_19022641 - Viren Viren.jpg,False
IMG_19022642 - Viren Viren.jpg,C:\Users\user\OneDrive\Desktop\New folder (2)\New folder\smart-tire-analyzer\dataset\raw\tread_images\IMG_19022642 - Viren Viren.jpg,False
IMG_19022643 - Viren Viren.jpg,C:\Users\user\OneDrive\Desktop\New folder (2)\New folder\smart-tire-analyzer\dataset\raw\tread_images\IMG_19022643 - Viren Viren.jpg,True
IMG_19022644 - Viren Viren.jpg,C:\Users\user\OneDrive\Desktop\New folder (2)\New folder\smart-tire-analyzer\dataset\raw\tread_images\IMG_19022644 - Viren Viren.jpg,True
IMG_19022645 - Viren Viren.jpg,C:\Users\user\OneDrive\Desktop\New folder (2)\New folder\smart-tire-analyzer\dataset\raw\tread_images\IMG_19022645 - Viren Viren.jpg,True
IMG_19022646 - Viren Viren.jpg,C:\Users\user\OneDrive\Desktop\New folder (2)\New folder\smart-tire-analyzer\dataset\raw\tread_images\IMG_19022646 - Viren Viren.jpg,True
IMG_19022647 - Viren Viren.jpg,C:\Users\user\OneDrive\Desktop\New folder (2)\New folder\smart-tire-analyzer\dataset\raw\tread_images\IMG_19022647 - Viren Viren.jpg,True
IMG_7342[1] - Viren Viren.JPG,C:\Users\user\OneDrive\Desktop\New folder (2)\New folder\smart-tire-analyzer\dataset\raw\tread_images\IMG_7342[1] - Viren Viren.JPG,True
IMG_7345 - Ubaid Elahi Baba.jpeg,C:\Users\user\OneDrive\Desktop\New folder (2)\New folder\smart-tire-analyzer\dataset\raw\tread_images\IMG_7345 - Ubaid Elahi Baba.jpeg,True
IMG_7348 - Ubaid Elahi Baba.jpeg,C:\Users\user\OneDrive\Desktop\New folder (2)\New folder\smart-tire-analyzer\dataset\raw\tread_images\IMG_7348 - Ubaid Elahi Baba.jpeg,True
IMG_7351 - Ubaid Elahi Baba.jpeg,C:\Users\user\OneDrive\Desktop\New folder (2)\New folder\smart-tire-analyzer\dataset\raw\tread_images\IMG_7351 - Ubaid Elahi Baba.jpeg,True
IMG_7354 - Ubaid Elahi Baba.jpeg,C:\Users\user\OneDrive\Desktop\New folder (2)\New folder\smart-tire-analyzer\dataset\raw\tread_images\IMG_7354 - Ubaid Elahi Baba.jpeg,True
IMG_7357 - Ubaid Elahi Baba.jpeg,C:\Users\user\OneDrive\Desktop\New folder (2)\New folder\smart-tire-analyzer\dataset\raw\tread_images\IMG_7357 - Ubaid Elahi Baba.jpeg,True
IMG_7361 - Ubaid Elahi Baba.jpeg,C:\Users\user\OneDrive\Desktop\New folder (2)\New folder\smart-tire-analyzer\dataset\raw\tread_images\IMG_7361 - Ubaid Elahi Baba.jpeg,False
IMG_7364 - Ubaid Elahi Baba.jpeg,C:\Users\user\OneDrive\Desktop\New folder (2)\New folder\smart-tire-analyzer\dataset\raw\tread_images\IMG_7364 - Ubaid Elahi Baba.jpeg,True
IMG_7367 - Ubaid Elahi Baba.jpeg,C:\Users\user\OneDrive\Desktop\New folder (2)\New folder\smart-tire-analyzer\dataset\raw\tread_images\IMG_7367 - Ubaid Elahi Baba.jpeg,True
IMG_7370 - Ubaid Elahi Baba.jpeg,C:\Users\user\OneDrive\Desktop\New folder (2)\New folder\smart-tire-analyzer\dataset\raw\tread_images\IMG_7370 - Ubaid Elahi Baba.jpeg,True
IMG_7373 - Ubaid Elahi Baba.jpeg,C:\Users\user\OneDrive\Desktop\New folder (2)\New folder\smart-tire-analyzer\dataset\raw\tread_images\IMG_7373 - Ubaid Elahi Baba.jpeg,True
IMG_7376 - Ubaid Elahi Baba.jpeg,C:\Users\user\OneDrive\Desktop\New folder (2)\New folder\smart-tire-analyzer\dataset\raw\tread_images\IMG_7376 - Ubaid Elahi Baba.jpeg,True
IMG_7380 - Ubaid Elahi Baba.jpeg,C:\Users\user\OneDrive\Desktop\New folder (2)\New folder\smart-tire-analyzer\dataset\raw\tread_images\IMG_7380 - Ubaid Elahi Baba.jpeg,True
IMG_7384 - Ubaid Elahi Baba.jpeg,C:\Users\user\OneDrive\Desktop\New folder (2)\New folder\smart-tire-analyzer\dataset\raw\tread_images\IMG_7384 - Ubaid Elahi Baba.jpeg,True
IMG_7387 - Ubaid Elahi Baba.jpeg,C:\Users\user\OneDrive\Desktop\New folder (2)\New folder\smart-tire-analyzer\dataset\raw\tread_images\IMG_7387 - Ubaid Elahi Baba.jpeg,False
IMG_7390 - Ubaid Elahi Baba.jpeg,C:\Users\user\OneDrive\Desktop\New folder (2)\New folder\smart-tire-analyzer\dataset\raw\tread_images\IMG_7390 - Ubaid Elahi Baba.jpeg,True
IMG_7394 - Ubaid Elahi Baba.jpeg,C:\Users\user\OneDrive\Desktop\New folder (2)\New folder\smart-tire-analyzer\dataset\raw\tread_images\IMG_7394 - Ubaid Elahi Baba.jpeg,True
IMG_7398 - Ubaid Elahi Baba.jpeg,C:\Users\user\OneDrive\Desktop\New folder (2)\New folder\smart-tire-analyzer\dataset\raw\tread_images\IMG_7398 - Ubaid Elahi Baba.jpeg,True
IMG_7401 - Ubaid Elahi Baba.jpeg,C:\Users\user\OneDrive\Desktop\New folder (2)\New folder\smart-tire-analyzer\dataset\raw\tread_images\IMG_7401 - Ubaid Elahi Baba.jpeg,True
IMG_7405 - Ubaid Elahi Baba.jpeg,C:\Users\user\OneDrive\Desktop\New folder (2)\New folder\smart-tire-analyzer\dataset\raw\tread_images\IMG_7405 - Ubaid Elahi Baba.jpeg,True
IMG_7408 - Ubaid Elahi Baba.jpeg,C:\Users\user\OneDrive\Desktop\New folder (2)\New folder\smart-tire-analyzer\dataset\raw\tread_images\IMG_7408 - Ubaid Elahi Baba.jpeg,True
IMG_7411 - Ubaid Elahi Baba.jpeg,C:\Users\user\OneDrive\Desktop\New folder (2)\New folder\smart-tire-analyzer\dataset\raw\tread_images\IMG_7411 - Ubaid Elahi Baba.jpeg,True
IMG_7415 - Ubaid Elahi Baba.jpeg,C:\Users\user\OneDrive\Desktop\New folder (2)\New folder\smart-tire-analyzer\dataset\raw\tread_images\IMG_7415 - Ubaid Elahi Baba.jpeg,True
IMG_7418 - Ubaid Elahi Baba.jpeg,C:\Users\user\OneDrive\Desktop\New folder (2)\New folder\smart-tire-analyzer\dataset\raw\tread_images\IMG_7418 - Ubaid Elahi Baba.jpeg,True
IMG_7421 - Ubaid Elahi Baba.jpeg,C:\Users\user\OneDrive\Desktop\New folder (2)\New folder\smart-tire-analyzer\dataset\raw\tread_images\IMG_7421 - Ubaid Elahi Baba.jpeg,True
IMG_7424 - Ubaid Elahi Baba.jpeg,C:\Users\user\OneDrive\Desktop\New folder (2)\New folder\smart-tire-analyzer\dataset\raw\tread_images\IMG_7424 - Ubaid Elahi Baba.jpeg,True
IMG_7427 - Ubaid Elahi Baba.jpeg,C:\Users\user\OneDrive\Desktop\New folder (2)\New folder\smart-tire-analyzer\dataset\raw\tread_images\IMG_7427 - Ubaid Elahi Baba.jpeg,True
IMG_7430 - Ubaid Elahi Baba.jpeg,C:\Users\user\OneDrive\Desktop\New folder (2)\New folder\smart-tire-analyzer\dataset\raw\tread_images\IMG_7430 - Ubaid Elahi Baba.jpeg,True
IMG_7433 - Ubaid Elahi Baba.jpeg,C:\Users\user\OneDrive\Desktop\New folder (2)\New folder\smart-tire-analyzer\dataset\raw\tread_images\IMG_7433 - Ubaid Elahi Baba.jpeg,True
IMG_7436 - Ubaid Elahi Baba.jpeg,C:\Users\user\OneDrive\Desktop\New folder (2)\New folder\smart-tire-analyzer\dataset\raw\tread_images\IMG_7436 - Ubaid Elahi Baba.jpeg,True
IMG_7439 - Ubaid Elahi Baba.jpeg,C:\Users\user\OneDrive\Desktop\New folder (2)\New folder\smart-tire-analyzer\dataset\raw\tread_images\IMG_7439 - Ubaid Elahi Baba.jpeg,True
IMG_7442 - Ubaid Elahi Baba.jpeg,C:\Users\user\OneDrive\Desktop\New folder (2)\New folder\smart-tire-analyzer\dataset\raw\tread_images\IMG_7442 - Ubaid Elahi Baba.jpeg,True
IMG_7445 - Ubaid Elahi Baba.jpeg,C:\Users\user\OneDrive\Desktop\New folder (2)\New folder\smart-tire-analyzer\dataset\raw\tread_images\IMG_7445 - Ubaid Elahi Baba.jpeg,True
IMG_7448 - Ubaid Elahi Baba.jpeg,C:\Users\user\OneDrive\Desktop\New folder (2)\New folder\smart-tire-analyzer\dataset\raw\tread_images\IMG_7448 - Ubaid Elahi Baba.jpeg,True
IMG_7451 - Ubaid Elahi Baba.jpeg,C:\Users\user\OneDrive\Desktop\New folder (2)\New folder\smart-tire-analyzer\dataset\raw\tread_images\IMG_7451 - Ubaid Elahi Baba.jpeg,True
IMG_7454 - Ubaid Elahi Baba.jpeg,C:\Users\user\OneDrive\Desktop\New folder (2)\New folder\smart-tire-analyzer\dataset\raw\tread_images\IMG_7454 - Ubaid Elahi Baba.jpeg,True
IMG_7457 - Ubaid Elahi Baba.jpeg,C:\Users\user\OneDrive\Desktop\New folder (2)\New folder\smart-tire-analyzer\dataset\raw\tread_images\IMG_7457 - Ubaid Elahi Baba.jpeg,True
IMG_7460 - Ubaid Elahi Baba.jpeg,C:\Users\user\OneDrive\Desktop\New folder (2)\New folder\smart-tire-analyzer\dataset\raw\tread_images\IMG_7460 - Ubaid Elahi Baba.jpeg,True
IMG_7463 - Ubaid Elahi Baba.jpeg,C:\Users\user\OneDrive\Desktop\New folder (2)\New folder\smart-tire-analyzer\dataset\raw\tread_images\IMG_7463 - Ubaid Elahi Baba.jpeg,True
IMG_7463[1] - Viren Viren.JPG,C:\Users\user\OneDrive\Desktop\New folder (2)\New folder\smart-tire-analyzer\dataset\raw\tread_images\IMG_7463[1] - Viren Viren.JPG,True
IMG_7469[2] - Viren Viren.JPG,C:\Users\user\OneDrive\Desktop\New folder (2)\New folder\smart-tire-analyzer\dataset\raw\tread_images\IMG_7469[2] - Viren Viren.JPG,True
IMG_7472[1] - Viren Viren.JPG,C:\Users\user\OneDrive\Desktop\New folder (2)\New folder\smart-tire-analyzer\dataset\raw\tread_images\IMG_7472[1] - Viren Viren.JPG,True
IMG_7475[1] - Viren Viren.JPG,C:\Users\user\OneDrive\Desktop\New folder (2)\New folder\smart-tire-analyzer\dataset\raw\tread_images\IMG_7475[1] - Viren Viren.JPG,True
IMG_7478[1] - Viren Viren.JPG,C:\Users\user\OneDrive\Desktop\New folder (2)\New folder\smart-tire-analyzer\dataset\raw\tread_images\IMG_7478[1] - Viren Viren.JPG,True
IMG_7481[1] - Viren Viren.JPG,C:\Users\user\OneDrive\Desktop\New folder (2)\New folder\smart-tire-analyzer\dataset\raw\tread_images\IMG_7481[1] - Viren Viren.JPG,True
IMG_7484[1] - Viren Viren.JPG,C:\Users\user\OneDrive\Desktop\New folder (2)\New folder\smart-tire-analyzer\dataset\raw\tread_images\IMG_7484[1] - Viren Viren.JPG,True
IMG_7487[2] - Viren Viren.JPG,C:\Users\user\OneDrive\Desktop\New folder (2)\New folder\smart-tire-analyzer\dataset\raw\tread_images\IMG_7487[2] - Viren Viren.JPG,True
IMG_7490[1] - Viren Viren.JPG,C:\Users\user\OneDrive\Desktop\New folder (2)\New folder\smart-tire-analyzer\dataset\raw\tread_images\IMG_7490[1] - Viren Viren.JPG,True
IMG_7493[1] - Viren Viren.JPG,C:\Users\user\OneDrive\Desktop\New folder (2)\New folder\smart-tire-analyzer\dataset\raw\tread_images\IMG_7493[1] - Viren Viren.JPG,True
IMG_7496[1] - Viren Viren.JPG,C:\Users\user\OneDrive\Desktop\New folder (2)\New folder\smart-tire-analyzer\dataset\raw\tread_images\IMG_7496[1] - Viren Viren.JPG,False
IMG_7499[2] - Viren Viren.JPG,C:\Users\user\OneDrive\Desktop\New folder (2)\New folder\smart-tire-analyzer\dataset\raw\tread_images\IMG_7499[2] - Viren Viren.JPG,False
IMG_7502[1] - Viren Viren.JPG,C:\Users\user\OneDrive\Desktop\New folder (2)\New folder\smart-tire-analyzer\dataset\raw\tread_images\IMG_7502[1] - Viren Viren.JPG,True
IMG_7509[1] - Viren Viren.JPG,C:\Users\user\OneDrive\Desktop\New folder (2)\New folder\smart-tire-analyzer\dataset\raw\tread_images\IMG_7509[1] - Viren Viren.JPG,True
IMG_7512[1] - 25cp08 tyre.JPG,C:\Users\user\OneDrive\Desktop\New folder (2)\New folder\smart-tire-analyzer\dataset\raw\tread_images\IMG_7512[1] - 25cp08 tyre.JPG,True
IMG_7515[1] - Viren Viren.JPG,C:\Users\user\OneDrive\Desktop\New folder (2)\New folder\smart-tire-analyzer\dataset\raw\tread_images\IMG_7515[1] - Viren Viren.JPG,True
IMG_7518[1] - 25cp08 tyre.JPG,C:\Users\user\OneDrive\Desktop\New folder (2)\New folder\smart-tire-analyzer\dataset\raw\tread_images\IMG_7518[1] - 25cp08 tyre.JPG,True
IMG_7524 - Ubaid Elahi Baba.jpeg,C:\Users\user\OneDrive\Desktop\New folder (2)\New folder\smart-tire-analyzer\dataset\raw\tread_images\IMG_7524 - Ubaid Elahi Baba.jpeg,True
IMG_7527 - Ubaid Elahi Baba.jpeg,C:\Users\user\OneDrive\Desktop\New folder (2)\New folder\smart-tire-analyzer\dataset\raw\tread_images\IMG_7527 - Ubaid Elahi Baba.jpeg,True
IMG_7530 - Ubaid Elahi Baba.jpeg,C:\Users\user\OneDrive\Desktop\New folder (2)\New folder\smart-tire-analyzer\dataset\raw\tread_images\IMG_7530 - Ubaid Elahi Baba.jpeg,True
IMG_7533 - Ubaid Elahi Baba.jpeg,C:\Users\user\OneDrive\Desktop\New folder (2)\New folder\smart-tire-analyzer\dataset\raw\tread_images\IMG_7533 - Ubaid Elahi Baba.jpeg,True
IMG_7536 - Ubaid Elahi Baba.jpeg,C:\Users\user\OneDrive\Desktop\New folder (2)\New folder\smart-tire-analyzer\dataset\raw\tread_images\IMG_7536 - Ubaid Elahi Baba.jpeg,True
IMG_7539 - Ubaid Elahi Baba.jpeg,C:\Users\user\OneDrive\Desktop\New folder (2)\New folder\smart-tire-analyzer\dataset\raw\tread_images\IMG_7539 - Ubaid Elahi Baba.jpeg,True
IMG_7542 - Ubaid Elahi Baba.jpeg,C:\Users\user\OneDrive\Desktop\New folder (2)\New folder\smart-tire-analyzer\dataset\raw\tread_images\IMG_7542 - Ubaid Elahi Baba.jpeg,True
IMG_7546 - Ubaid Elahi Baba.jpeg,C:\Users\user\OneDrive\Desktop\New folder (2)\New folder\smart-tire-analyzer\dataset\raw\tread_images\IMG_7546 - Ubaid Elahi Baba.jpeg,True
IMG_7549 - Ubaid Elahi Baba.jpeg,C:\Users\user\OneDrive\Desktop\New folder (2)\New folder\smart-tire-analyzer\dataset\raw\tread_images\IMG_7549 - Ubaid Elahi Baba.jpeg,True
IMG_7552 - Ubaid Elahi Baba.jpeg,C:\Users\user\OneDrive\Desktop\New folder (2)\New folder\smart-tire-analyzer\dataset\raw\tread_images\IMG_7552 - Ubaid Elahi Baba.jpeg,True
IMG_7555 - Ubaid Elahi Baba.jpeg,C:\Users\user\OneDrive\Desktop\New folder (2)\New folder\smart-tire-analyzer\dataset\raw\tread_images\IMG_7555 - Ubaid Elahi Baba.jpeg,True
IMG_7558 - Ubaid Elahi Baba.jpeg,C:\Users\user\OneDrive\Desktop\New folder (2)\New folder\smart-tire-analyzer\dataset\raw\tread_images\IMG_7558 - Ubaid Elahi Baba.jpeg,True
IMG_7561 - Ubaid Elahi Baba.jpeg,C:\Users\user\OneDrive\Desktop\New folder (2)\New folder\smart-tire-analyzer\dataset\raw\tread_images\IMG_7561 - Ubaid Elahi Baba.jpeg,True
IMG_7561[1] - Viren Viren.JPG,C:\Users\user\OneDrive\Desktop\New folder (2)\New folder\smart-tire-analyzer\dataset\raw\tread_images\IMG_7561[1] - Viren Viren.JPG,True
IMG_7564[1] - Viren Viren.JPG,C:\Users\user\OneDrive\Desktop\New folder (2)\New folder\smart-tire-analyzer\dataset\raw\tread_images\IMG_7564[1] - Viren Viren.JPG,True
IMG_7567[1] - Viren Viren.JPG,C:\Users\user\OneDrive\Desktop\New folder (2)\New folder\smart-tire-analyzer\dataset\raw\tread_images\IMG_7567[1] - Viren Viren.JPG,True
IMG_7570[1] - Viren Viren.JPG,C:\Users\user\OneDrive\Desktop\New folder (2)\New folder\smart-tire-analyzer\dataset\raw\tread_images\IMG_7570[1] - Viren Viren.JPG,False
IMG_7573[1] - Viren Viren.JPG,C:\Users\user\OneDrive\Desktop\New folder (2)\New folder\smart-tire-analyzer\dataset\raw\tread_images\IMG_7573[1] - Viren Viren.JPG,False
IMG_7576[1] - Viren Viren.JPG,C:\Users\user\OneDrive\Desktop\New folder (2)\New folder\smart-tire-analyzer\dataset\raw\tread_images\IMG_7576[1] - Viren Viren.JPG,False
IMG_7579[1] - Viren Viren.JPG,C:\Users\user\OneDrive\Desktop\New folder (2)\New folder\smart-tire-analyzer\dataset\raw\tread_images\IMG_7579[1] - Viren Viren.JPG,True
IMG_7582[1] - Viren Viren.JPG,C:\Users\user\OneDrive\Desktop\New folder (2)\New folder\smart-tire-analyzer\dataset\raw\tread_images\IMG_7582[1] - Viren Viren.JPG,True
IMG_7585[1] - Viren Viren.JPG,C:\Users\user\OneDrive\Desktop\New folder (2)\New folder\smart-tire-analyzer\dataset\raw\tread_images\IMG_7585[1] - Viren Viren.JPG,True
IMG_7588[1] - Viren Viren.JPG,C:\Users\user\OneDrive\Desktop\New folder (2)\New folder\smart-tire-analyzer\dataset\raw\tread_images\IMG_7588[1] - Viren Viren.JPG,True
IMG_7591[1] - Viren Viren.JPG,C:\Users\user\OneDrive\Desktop\New folder (2)\New folder\smart-tire-analyzer\dataset\raw\tread_images\IMG_7591[1] - Viren Viren.JPG,True
IMG_7594[1] - Viren Viren.JPG,C:\Users\user\OneDrive\Desktop\New folder (2)\New folder\smart-tire-analyzer\dataset\raw\tread_images\IMG_7594[1] - Viren Viren.JPG,True
IMG_7597[1] - Viren Viren.JPG,C:\Users\user\OneDrive\Desktop\New folder (2)\New folder\smart-tire-analyzer\dataset\raw\tread_images\IMG_7597[1] - Viren Viren.JPG,True
IMG_7600[1] - Viren Viren.JPG,C:\Users\user\OneDrive\Desktop\New folder (2)\New folder\smart-tire-analyzer\dataset\raw\tread_images\IMG_7600[1] - Viren Viren.JPG,True
IMG_7603[1] - Viren Viren.JPG,C:\Users\user\OneDrive\Desktop\New folder (2)\New folder\smart-tire-analyzer\dataset\raw\tread_images\IMG_7603[1] - Viren Viren.JPG,True
IMG_7879[1] - Viren Viren.JPG,C:\Users\user\OneDrive\Desktop\New folder (2)\New folder\smart-tire-analyzer\dataset\raw\tread_images\IMG_7879[1] - Viren Viren.JPG,True
IMG_7882[1] - Viren Viren.JPG,C:\Users\user\OneDrive\Desktop\New folder (2)\New folder\smart-tire-analyzer\dataset\raw\tread_images\IMG_7882[1] - Viren Viren.JPG,True
IMG_7885[1] - Viren Viren.JPG,C:\Users\user\OneDrive\Desktop\New folder (2)\New folder\smart-tire-analyzer\dataset\raw\tread_images\IMG_7885[1] - Viren Viren.JPG,True
IMG_7888[1] - Viren Viren.JPG,C:\Users\user\OneDrive\Desktop\New folder (2)\New folder\smart-tire-analyzer\dataset\raw\tread_images\IMG_7888[1] - Viren Viren.JPG,True
IMG_7891[1] - Viren Viren.JPG,C:\Users\user\OneDrive\Desktop\New folder (2)\New folder\smart-tire-analyzer\dataset\raw\tread_images\IMG_7891[1] - Viren Viren.JPG,True
IMG_7897[1] - Viren Viren.JPG,C:\Users\user\OneDrive\Desktop\New folder (2)\New folder\smart-tire-analyzer\dataset\raw\tread_images\IMG_7897[1] - Viren Viren.JPG,True
IMG_7900[1] - Viren Viren.JPG,C:\Users\user\OneDrive\Desktop\New folder (2)\New folder\smart-tire-analyzer\dataset\raw\tread_images\IMG_7900[1] - Viren Viren.JPG,True
IMG_7903[1] - Viren Viren.JPG,C:\Users\user\OneDrive\Desktop\New folder (2)\New folder\smart-tire-analyzer\dataset\raw\tread_images\IMG_7903[1] - Viren Viren.JPG,True
IMG_7906[1] - Viren Viren.JPG,C:\Users\user\OneDrive\Desktop\New folder (2)\New folder\smart-tire-analyzer\dataset\raw\tread_images\IMG_7906[1] - Viren Viren.JPG,True
IMG_7909[1] - Viren Viren.JPG,C:\Users\user\OneDrive\Desktop\New folder (2)\New folder\smart-tire-analyzer\dataset\raw\tread_images\IMG_7909[1] - Viren Viren.JPG,True
IMG_7912[1] - Viren Viren.JPG,C:\Users\user\OneDrive\Desktop\New folder (2)\New folder\smart-tire-analyzer\dataset\raw\tread_images\IMG_7912[1] - Viren Viren.JPG,True
IMG_7915[1] - Viren Viren.JPG,C:\Users\user\OneDrive\Desktop\New folder (2)\New folder\smart-tire-analyzer\dataset\raw\tread_images\IMG_7915[1] - Viren Viren.JPG,True
IMG_7918[1] - Viren Viren.JPG,C:\Users\user\OneDrive\Desktop\New folder (2)\New folder\smart-tire-analyzer\dataset\raw\tread_images\IMG_7918[1] - Viren Viren.JPG,True
IMG_7921[1] - Viren Viren.JPG,C:\Users\user\OneDrive\Desktop\New folder (2)\New folder\smart-tire-analyzer\dataset\raw\tread_images\IMG_7921[1] - Viren Viren.JPG,True
IMG_7924[1] - Viren Viren.JPG,C:\Users\user\OneDrive\Desktop\New folder (2)\New folder\smart-tire-analyzer\dataset\raw\tread_images\IMG_7924[1] - Viren Viren.JPG,True
IMG_7927[1] - Viren Viren.JPG,C:\Users\user\OneDrive\Desktop\New folder (2)\New folder\smart-tire-analyzer\dataset\raw\tread_images\IMG_7927[1] - Viren Viren.JPG,True
IMG_7930[1] - Viren Viren.JPG,C:\Users\user\OneDrive\Desktop\New folder (2)\New folder\smart-tire-analyzer\dataset\raw\tread_images\IMG_7930[1] - Viren Viren.JPG,True
IMG_7933[1] - Viren Viren.JPG,C:\Users\user\OneDrive\Desktop\New folder (2)\New folder\smart-tire-analyzer\dataset\raw\tread_images\IMG_7933[1] - Viren Viren.JPG,True
IMG_7936[1] - Viren Viren.JPG,C:\Users\user\OneDrive\Desktop\New folder (2)\New folder\smart-tire-analyzer\dataset\raw\tread_images\IMG_7936[1] - Viren Viren.JPG,True
IMG_7939[1] - Viren Viren.JPG,C:\Users\user\OneDrive\Desktop\New folder (2)\New folder\smart-tire-analyzer\dataset\raw\tread_images\IMG_7939[1] - Viren Viren.JPG,False
IMG_7942[1] - Viren Viren.JPG,C:\Users\user\OneDrive\Desktop\New folder (2)\New folder\smart-tire-analyzer\dataset\raw\tread_images\IMG_7942[1] - Viren Viren.JPG,True
IMG_7945[1] - Viren Viren.JPG,C:\Users\user\OneDrive\Desktop\New folder (2)\New folder\smart-tire-analyzer\dataset\raw\tread_images\IMG_7945[1] - Viren Viren.JPG,True
IMG_7948[1] - Viren Viren.JPG,C:\Users\user\OneDrive\Desktop\New folder (2)\New folder\smart-tire-analyzer\dataset\raw\tread_images\IMG_7948[1] - Viren Viren.JPG,True
IMG_7951[1] - Viren Viren.JPG,C:\Users\user\OneDrive\Desktop\New folder (2)\New folder\smart-tire-analyzer\dataset\raw\tread_images\IMG_7951[1] - Viren Viren.JPG,True
IMG_7954[1] - Viren Viren.JPG,C:\Users\user\OneDrive\Desktop\New folder (2)\New folder\smart-tire-analyzer\dataset\raw\tread_images\IMG_7954[1] - Viren Viren.JPG,True
IMG_7957[1] - Viren Viren.JPG,C:\Users\user\OneDrive\Desktop\New folder (2)\New folder\smart-tire-analyzer\dataset\raw\tread_images\IMG_7957[1] - Viren Viren.JPG,False
IMG_7960[1] - Viren Viren.JPG,C:\Users\user\OneDrive\Desktop\New folder (2)\New folder\smart-tire-analyzer\dataset\raw\tread_images\IMG_7960[1] - Viren Viren.JPG,True
IMG_8169[1] - Viren Viren.JPG,C:\Users\user\OneDrive\Desktop\New folder (2)\New folder\smart-tire-analyzer\dataset\raw\tread_images\IMG_8169[1] - Viren Viren.JPG,True
IMG_8172[1] - Viren Viren.JPG,C:\Users\user\OneDrive\Desktop\New folder (2)\New folder\smart-tire-analyzer\dataset\raw\tread_images\IMG_8172[1] - Viren Viren.JPG,True
IMG_8175[1] - Viren Viren.JPG,C:\Users\user\OneDrive\Desktop\New folder (2)\New folder\smart-tire-analyzer\dataset\raw\tread_images\IMG_8175[1] - Viren Viren.JPG,True
IMG_8178[1] - Viren Viren.JPG,C:\Users\user\OneDrive\Desktop\New folder (2)\New folder\smart-tire-analyzer\dataset\raw\tread_images\IMG_8178[1] - Viren Viren.JPG,True
IMG_8181[1] - Viren Viren.JPG,C:\Users\user\OneDrive\Desktop\New folder (2)\New folder\smart-tire-analyzer\dataset\raw\tread_images\IMG_8181[1] - Viren Viren.JPG,True
IMG_8187[1] - Viren Viren.JPG,C:\Users\user\OneDrive\Desktop\New folder (2)\New folder\smart-tire-analyzer\dataset\raw\tread_images\IMG_8187[1] - Viren Viren.JPG,True
IMG_8197[1] - Viren Viren.JPG,C:\Users\user\OneDrive\Desktop\New folder (2)\New folder\smart-tire-analyzer\dataset\raw\tread_images\IMG_8197[1] - Viren Viren.JPG,True
IMG_8200[1] - Viren Viren.JPG,C:\Users\user\OneDrive\Desktop\New folder (2)\New folder\smart-tire-analyzer\dataset\raw\tread_images\IMG_8200[1] - Viren Viren.JPG,True
IMG_8203[1] - Viren Viren.JPG,C:\Users\user\OneDrive\Desktop\New folder (2)\New folder\smart-tire-analyzer\dataset\raw\tread_images\IMG_8203[1] - Viren Viren.JPG,True
IMG_8207[1] - Viren Viren.JPG,C:\Users\user\OneDrive\Desktop\New folder (2)\New folder\smart-tire-analyzer\dataset\raw\tread_images\IMG_8207[1] - Viren Viren.JPG,True
IMG_8210[1] - Viren Viren.JPG,C:\Users\user\OneDrive\Desktop\New folder (2)\New folder\smart-tire-analyzer\dataset\raw\tread_images\IMG_8210[1] - Viren Viren.JPG,True
IMG_8214[1] - Viren Viren.JPG,C:\Users\user\OneDrive\Desktop\New folder (2)\New folder\smart-tire-analyzer\dataset\raw\tread_images\IMG_8214[1] - Viren Viren.JPG,True
IMG_8217[1] - Viren Viren.JPG,C:\Users\user\OneDrive\Desktop\New folder (2)\New folder\smart-tire-analyzer\dataset\raw\tread_images\IMG_8217[1] - Viren Viren.JPG,True
IMG_8221[1] - Viren Viren.JPG,C:\Users\user\OneDrive\Desktop\New folder (2)\New folder\smart-tire-analyzer\dataset\raw\tread_images\IMG_8221[1] - Viren Viren.JPG,True
IMG_8224[1] - Viren Viren.JPG,C:\Users\user\OneDrive\Desktop\New folder (2)\New folder\smart-tire-analyzer\dataset\raw\tread_images\IMG_8224[1] - Viren Viren.JPG,True
IMG_8227[1] - Viren Viren.JPG,C:\Users\user\OneDrive\Desktop\New folder (2)\New folder\smart-tire-analyzer\dataset\raw\tread_images\IMG_8227[1] - Viren Viren.JPG,True
IMG_8231[1] - Viren Viren.JPG,C:\Users\user\OneDrive\Desktop\New folder (2)\New folder\smart-tire-analyzer\dataset\raw\tread_images\IMG_8231[1] - Viren Viren.JPG,True
IMG_8234[1] - Viren Viren.JPG,C:\Users\user\OneDrive\Desktop\New folder (2)\New folder\smart-tire-analyzer\dataset\raw\tread_images\IMG_8234[1] - Viren Viren.JPG,True
IMG_8237[1] - Viren Viren.JPG,C:\Users\user\OneDrive\Desktop\New folder (2)\New folder\smart-tire-analyzer\dataset\raw\tread_images\IMG_8237[1] - Viren Viren.JPG,True
IMG_8240[1] - Viren Viren.JPG,C:\Users\user\OneDrive\Desktop\New folder (2)\New folder\smart-tire-analyzer\dataset\raw\tread_images\IMG_8240[1] - Viren Viren.JPG,True
IMG_8243[1] - Viren Viren.JPG,C:\Users\user\OneDrive\Desktop\New folder (2)\New folder\smart-tire-analyzer\dataset\raw\tread_images\IMG_8243[1] - Viren Viren.JPG,True
IMG_8246[1] - Viren Viren.JPG,C:\Users\user\OneDrive\Desktop\New folder (2)\New folder\smart-tire-analyzer\dataset\raw\tread_images\IMG_8246[1] - Viren Viren.JPG,True
IMG_8250[1] - Viren Viren.JPG,C:\Users\user\OneDrive\Desktop\New folder (2)\New folder\smart-tire-analyzer\dataset\raw\tread_images\IMG_8250[1] - Viren Viren.JPG,True
IMG_8253[1] - Viren Viren.JPG,C:\Users\user\OneDrive\Desktop\New folder (2)\New folder\smart-tire-analyzer\dataset\raw\tread_images\IMG_8253[1] - Viren Viren.JPG,True
IMG_8277[1] - Viren Viren.JPG,C:\Users\user\OneDrive\Desktop\New folder (2)\New folder\smart-tire-analyzer\dataset\raw\tread_images\IMG_8277[1] - Viren Viren.JPG,True
IMG_8280[1] - Viren Viren.JPG,C:\Users\user\OneDrive\Desktop\New folder (2)\New folder\smart-tire-analyzer\dataset\raw\tread_images\IMG_8280[1] - Viren Viren.JPG,True
IMG_8283[1] - Viren Viren.JPG,C:\Users\user\OneDrive\Desktop\New folder (2)\New folder\smart-tire-analyzer\dataset\raw\tread_images\IMG_8283[1] - Viren Viren.JPG,True
IMG_8286[1] - Viren Viren.JPG,C:\Users\user\OneDrive\Desktop\New folder (2)\New folder\smart-tire-analyzer\dataset\raw\tread_images\IMG_8286[1] - Viren Viren.JPG,True
IMG_8289[1] - Viren Viren.JPG,C:\Users\user\OneDrive\Desktop\New folder (2)\New folder\smart-tire-analyzer\dataset\raw\tread_images\IMG_8289[1] - Viren Viren.JPG,True
IMG_8292[1] - Viren Viren.JPG,C:\Users\user\OneDrive\Desktop\New folder (2)\New folder\smart-tire-analyzer\dataset\raw\tread_images\IMG_8292[1] - Viren Viren.JPG,True
IMG_8295[1] - Viren Viren.JPG,C:\Users\user\OneDrive\Desktop\New folder (2)\New folder\smart-tire-analyzer\dataset\raw\tread_images\IMG_8295[1] - Viren Viren.JPG,False
IMG_8298[1] - Viren Viren.JPG,C:\Users\user\OneDrive\Desktop\New folder (2)\New folder\smart-tire-analyzer\dataset\raw\tread_images\IMG_8298[1] - Viren Viren.JPG,True
IMG_8301[1] - Viren Viren.JPG,C:\Users\user\OneDrive\Desktop\New folder (2)\New folder\smart-tire-analyzer\dataset\raw\tread_images\IMG_8301[1] - Viren Viren.JPG,True
IMG_8304[1] - Viren Viren.JPG,C:\Users\user\OneDrive\Desktop\New folder (2)\New folder\smart-tire-analyzer\dataset\raw\tread_images\IMG_8304[1] - Viren Viren.JPG,True
IMG_8307[1] - Viren Viren.JPG,C:\Users\user\OneDrive\Desktop\New folder (2)\New folder\smart-tire-analyzer\dataset\raw\tread_images\IMG_8307[1] - Viren Viren.JPG,True
IMG_8310[1] - Viren Viren.JPG,C:\Users\user\OneDrive\Desktop\New folder (2)\New folder\smart-tire-analyzer\dataset\raw\tread_images\IMG_8310[1] - Viren Viren.JPG,True
IMG_8313[1] - Viren Viren.JPG,C:\Users\user\OneDrive\Desktop\New folder (2)\New folder\smart-tire-analyzer\dataset\raw\tread_images\IMG_8313[1] - Viren Viren.JPG,True
IMG_8316[1] - Viren Viren.JPG,C:\Users\user\OneDrive\Desktop\New folder (2)\New folder\smart-tire-analyzer\dataset\raw\tread_images\IMG_8316[1] - Viren Viren.JPG,False
IMG_8319[1] - Viren Viren.JPG,C:\Users\user\OneDrive\Desktop\New folder (2)\New folder\smart-tire-analyzer\dataset\raw\tread_images\IMG_8319[1] - Viren Viren.JPG,True
IMG_8322[1] - Viren Viren.JPG,C:\Users\user\OneDrive\Desktop\New folder (2)\New folder\smart-tire-analyzer\dataset\raw\tread_images\IMG_8322[1] - Viren Viren.JPG,True
IMG_8325[1] - Viren Viren.JPG,C:\Users\user\OneDrive\Desktop\New folder (2)\New folder\smart-tire-analyzer\dataset\raw\tread_images\IMG_8325[1] - Viren Viren.JPG,True
IMG_8328[1] - Viren Viren.JPG,C:\Users\user\OneDrive\Desktop\New folder (2)\New folder\smart-tire-analyzer\dataset\raw\tread_images\IMG_8328[1] - Viren Viren.JPG,False
IMG_8372[1] - Viren Viren.JPG,C:\Users\user\OneDrive\Desktop\New folder (2)\New folder\smart-tire-analyzer\dataset\raw\tread_images\IMG_8372[1] - Viren Viren.JPG,True
IMG_8375[1] - Viren Viren.JPG,C:\Users\user\OneDrive\Desktop\New folder (2)\New folder\smart-tire-analyzer\dataset\raw\tread_images\IMG_8375[1] - Viren Viren.JPG,True
IMG_8381[1] - Viren Viren.JPG,C:\Users\user\OneDrive\Desktop\New folder (2)\New folder\smart-tire-analyzer\dataset\raw\tread_images\IMG_8381[1] - Viren Viren.JPG,True
IMG_8384[1] - Viren Viren.JPG,C:\Users\user\OneDrive\Desktop\New folder (2)\New folder\smart-tire-analyzer\dataset\raw\tread_images\IMG_8384[1] - Viren Viren.JPG,True
IMG_8387[1] - Viren Viren.JPG,C:\Users\user\OneDrive\Desktop\New folder (2)\New folder\smart-tire-analyzer\dataset\raw\tread_images\IMG_8387[1] - Viren Viren.JPG,True
IMG_8394[1] - Viren Viren.JPG,C:\Users\user\OneDrive\Desktop\New folder (2)\New folder\smart-tire-analyzer\dataset\raw\tread_images\IMG_8394[1] - Viren Viren.JPG,True
IMG_8397[1] - Viren Viren.JPG,C:\Users\user\OneDrive\Desktop\New folder (2)\New folder\smart-tire-analyzer\dataset\raw\tread_images\IMG_8397[1] - Viren Viren.JPG,True
IMG_8400[1] - Viren Viren.JPG,C:\Users\user\OneDrive\Desktop\New folder (2)\New folder\smart-tire-analyzer\dataset\raw\tread_images\IMG_8400[1] - Viren Viren.JPG,True
IMG_8403[1] - Viren Viren.JPG,C:\Users\user\OneDrive\Desktop\New folder (2)\New folder\smart-tire-analyzer\dataset\raw\tread_images\IMG_8403[1] - Viren Viren.JPG,True
IMG_8406[1] - Viren Viren.JPG,C:\Users\user\OneDrive\Desktop\New folder (2)\New folder\smart-tire-analyzer\dataset\raw\tread_images\IMG_8406[1] - Viren Viren.JPG,True
IMG_8409[1] - Viren Viren.JPG,C:\Users\user\OneDrive\Desktop\New folder (2)\New folder\smart-tire-analyzer\dataset\raw\tread_images\IMG_8409[1] - Viren Viren.JPG,True
IMG_8412[1] - Viren Viren.JPG,C:\Users\user\OneDrive\Desktop\New folder (2)\New folder\smart-tire-analyzer\dataset\raw\tread_images\IMG_8412[1] - Viren Viren.JPG,True
IMG_8415[1] - Viren Viren.JPG,C:\Users\user\OneDrive\Desktop\New folder (2)\New folder\smart-tire-analyzer\dataset\raw\tread_images\IMG_8415[1] - Viren Viren.JPG,True
IMG_8418[1] - Viren Viren.JPG,C:\Users\user\OneDrive\Desktop\New folder (2)\New folder\smart-tire-analyzer\dataset\raw\tread_images\IMG_8418[1] - Viren Viren.JPG,True
IMG_8421[1] - Viren Viren.JPG,C:\Users\user\OneDrive\Desktop\New folder (2)\New folder\smart-tire-analyzer\dataset\raw\tread_images\IMG_8421[1] - Viren Viren.JPG,True
IMG_8424[1] - Viren Viren.JPG,C:\Users\user\OneDrive\Desktop\New folder (2)\New folder\smart-tire-analyzer\dataset\raw\tread_images\IMG_8424[1] - Viren Viren.JPG,True
IMG_8427[1] - Viren Viren.JPG,C:\Users\user\OneDrive\Desktop\New folder (2)\New folder\smart-tire-analyzer\dataset\raw\tread_images\IMG_8427[1] - Viren Viren.JPG,True
IMG_8430[1] - Viren Viren.JPG,C:\Users\user\OneDrive\Desktop\New folder (2)\New folder\smart-tire-analyzer\dataset\raw\tread_images\IMG_8430[1] - Viren Viren.JPG,True
IMG_8433[1] - Viren Viren.JPG,C:\Users\user\OneDrive\Desktop\New folder (2)\New folder\smart-tire-analyzer\dataset\raw\tread_images\IMG_8433[1] - Viren Viren.JPG,True
IMG_8436[1] - Viren Viren.JPG,C:\Users\user\OneDrive\Desktop\New folder (2)\New folder\smart-tire-analyzer\dataset\raw\tread_images\IMG_8436[1] - Viren Viren.JPG,True
IMG_8439[1] - Viren Viren.JPG,C:\Users\user\OneDrive\Desktop\New folder (2)\New folder\smart-tire-analyzer\dataset\raw\tread_images\IMG_8439[1] - Viren Viren.JPG,True
IMG_8442[1] - Viren Viren.JPG,C:\Users\user\OneDrive\Desktop\New folder (2)\New folder\smart-tire-analyzer\dataset\raw\tread_images\IMG_8442[1] - Viren Viren.JPG,False
IMG_8445[1] - Viren Viren.JPG,C:\Users\user\OneDrive\Desktop\New folder (2)\New folder\smart-tire-analyzer\dataset\raw\tread_images\IMG_8445[1] - Viren Viren.JPG,True
IMG_8448[1] - Viren Viren.JPG,C:\Users\user\OneDrive\Desktop\New folder (2)\New folder\smart-tire-analyzer\dataset\raw\tread_images\IMG_8448[1] - Viren Viren.JPG,False
IMG_8451[1] - Viren Viren.JPG,C:\Users\user\OneDrive\Desktop\New folder (2)\New folder\smart-tire-analyzer\dataset\raw\tread_images\IMG_8451[1] - Viren Viren.JPG,True
IMG_8454[1] - Viren Viren.JPG,C:\Users\user\OneDrive\Desktop\New folder (2)\New folder\smart-tire-analyzer\dataset\raw\tread_images\IMG_8454[1] - Viren Viren.JPG,False
IMG_8458[1] - Viren Viren.JPG,C:\Users\user\OneDrive\Desktop\New folder (2)\New folder\smart-tire-analyzer\dataset\raw\tread_images\IMG_8458[1] - Viren Viren.JPG,True
IMG_8461[1] - Viren Viren.JPG,C:\Users\user\OneDrive\Desktop\New folder (2)\New folder\smart-tire-analyzer\dataset\raw\tread_images\IMG_8461[1] - Viren Viren.JPG,True
IMG_8464[1] - Viren Viren.JPG,C:\Users\user\OneDrive\Desktop\New folder (2)\New folder\smart-tire-analyzer\dataset\raw\tread_images\IMG_8464[1] - Viren Viren.JPG,True
IMG_8467[1] - Viren Viren.JPG,C:\Users\user\OneDrive\Desktop\New folder (2)\New folder\smart-tire-analyzer\dataset\raw\tread_images\IMG_8467[1] - Viren Viren.JPG,True
IMG_8469[1] - Viren Viren.JPG,C:\Users\user\OneDrive\Desktop\New folder (2)\New folder\smart-tire-analyzer\dataset\raw\tread_images\IMG_8469[1] - Viren Viren.JPG,True
IMG_8472[1] - Viren Viren.JPG,C:\Users\user\OneDrive\Desktop\New folder (2)\New folder\smart-tire-analyzer\dataset\raw\tread_images\IMG_8472[1] - Viren Viren.JPG,True
IMG_8476[1] - Viren Viren.JPG,C:\Users\user\OneDrive\Desktop\New folder (2)\New folder\smart-tire-analyzer\dataset\raw\tread_images\IMG_8476[1] - Viren Viren.JPG,True
IMG_8479[1] - Viren Viren.JPG,C:\Users\user\OneDrive\Desktop\New folder (2)\New folder\smart-tire-analyzer\dataset\raw\tread_images\IMG_8479[1] - Viren Viren.JPG,True
IMG_8482[1] - Viren Viren.JPG,C:\Users\user\OneDrive\Desktop\New folder (2)\New folder\smart-tire-analyzer\dataset\raw\tread_images\IMG_8482[1] - Viren Viren.JPG,True
IMG_8485[1] - Viren Viren.JPG,C:\Users\user\OneDrive\Desktop\New folder (2)\New folder\smart-tire-analyzer\dataset\raw\tread_images\IMG_8485[1] - Viren Viren.JPG,True
IMG_8489[1] - Viren Viren.JPG,C:\Users\user\OneDrive\Desktop\New folder (2)\New folder\smart-tire-analyzer\dataset\raw\tread_images\IMG_8489[1] - Viren Viren.JPG,True
IMG_8491[1] - Viren Viren.JPG,C:\Users\user\OneDrive\Desktop\New folder (2)\New folder\smart-tire-analyzer\dataset\raw\tread_images\IMG_8491[1] - Viren Viren.JPG,True
IMG_8494[1] - Viren Viren.JPG,C:\Users\user\OneDrive\Desktop\New folder (2)\New folder\smart-tire-analyzer\dataset\raw\tread_images\IMG_8494[1] - Viren Viren.JPG,True
IMG_8497[1] - Viren Viren.JPG,C:\Users\user\OneDrive\Desktop\New folder (2)\New folder\smart-tire-analyzer\dataset\raw\tread_images\IMG_8497[1] - Viren Viren.JPG,True
IMG_8500[1] - Viren Viren.JPG,C:\Users\user\OneDrive\Desktop\New folder (2)\New folder\smart-tire-analyzer\dataset\raw\tread_images\IMG_8500[1] - Viren Viren.JPG,True
IMG_8826 - Viren Viren.JPG,C:\Users\user\OneDrive\Desktop\New folder (2)\New folder\smart-tire-analyzer\dataset\raw\tread_images\IMG_8826 - Viren Viren.JPG,False
IMG_8829 - Viren Viren.JPG,C:\Users\user\OneDrive\Desktop\New folder (2)\New folder\smart-tire-analyzer\dataset\raw\tread_images\IMG_8829 - Viren Viren.JPG,True
IMG_8832 - Viren Viren.JPG,C:\Users\user\OneDrive\Desktop\New folder (2)\New folder\smart-tire-analyzer\dataset\raw\tread_images\IMG_8832 - Viren Viren.JPG,True
IMG_8835[1] - Viren Viren.JPG,C:\Users\user\OneDrive\Desktop\New folder (2)\New folder\smart-tire-analyzer\dataset\raw\tread_images\IMG_8835[1] - Viren Viren.JPG,True
IMG_8838 - Viren Viren.JPG,C:\Users\user\OneDrive\Desktop\New folder (2)\New folder\smart-tire-analyzer\dataset\raw\tread_images\IMG_8838 - Viren Viren.JPG,True
IMG_8841 - Viren Viren.JPG,C:\Users\user\OneDrive\Desktop\New folder (2)\New folder\smart-tire-analyzer\dataset\raw\tread_images\IMG_8841 - Viren Viren.JPG,True
IMG_8844[1] - Viren Viren.JPG,C:\Users\user\OneDrive\Desktop\New folder (2)\New folder\smart-tire-analyzer\dataset\raw\tread_images\IMG_8844[1] - Viren Viren.JPG,True
IMG_8847 - Viren Viren.JPG,C:\Users\user\OneDrive\Desktop\New folder (2)\New folder\smart-tire-analyzer\dataset\raw\tread_images\IMG_8847 - Viren Viren.JPG,True
IMG_8850 - Viren Viren.JPG,C:\Users\user\OneDrive\Desktop\New folder (2)\New folder\smart-tire-analyzer\dataset\raw\tread_images\IMG_8850 - Viren Viren.JPG,True
IMG_8853 - Viren Viren.JPG,C:\Users\user\OneDrive\Desktop\New folder (2)\New folder\smart-tire-analyzer\dataset\raw\tread_images\IMG_8853 - Viren Viren.JPG,True
IMG_8856 - Viren Viren.JPG,C:\Users\user\OneDrive\Desktop\New folder (2)\New folder\smart-tire-analyzer\dataset\raw\tread_images\IMG_8856 - Viren Viren.JPG,True
IMG_8859[1] - Viren Viren.JPG,C:\Users\user\OneDrive\Desktop\New folder (2)\New folder\smart-tire-analyzer\dataset\raw\tread_images\IMG_8859[1] - Viren Viren.JPG,True
IMG_8862 - Viren Viren.JPG,C:\Users\user\OneDrive\Desktop\New folder (2)\New folder\smart-tire-analyzer\dataset\raw\tread_images\IMG_8862 - Viren Viren.JPG,False
IMG_8865 - Viren Viren.JPG,C:\Users\user\OneDrive\Desktop\New folder (2)\New folder\smart-tire-analyzer\dataset\raw\tread_images\IMG_8865 - Viren Viren.JPG,True
IMG_8868 - Viren Viren.JPG,C:\Users\user\OneDrive\Desktop\New folder (2)\New folder\smart-tire-analyzer\dataset\raw\tread_images\IMG_8868 - Viren Viren.JPG,True
IMG_8871 - Viren Viren.JPG,C:\Users\user\OneDrive\Desktop\New folder (2)\New folder\smart-tire-analyzer\dataset\raw\tread_images\IMG_8871 - Viren Viren.JPG,False
IMG_8874 - Viren Viren.JPG,C:\Users\user\OneDrive\Desktop\New folder (2)\New folder\smart-tire-analyzer\dataset\raw\tread_images\IMG_8874 - Viren Viren.JPG,True
IMG_8877 - Viren Viren.JPG,C:\Users\user\OneDrive\Desktop\New folder (2)\New folder\smart-tire-analyzer\dataset\raw\tread_images\IMG_8877 - Viren Viren.JPG,False
IMG_8880 - Viren Viren.JPG,C:\Users\user\OneDrive\Desktop\New folder (2)\New folder\smart-tire-analyzer\dataset\raw\tread_images\IMG_8880 - Viren Viren.JPG,True
IMG_8884 - Viren Viren.JPG,C:\Users\user\OneDrive\Desktop\New folder (2)\New folder\smart-tire-analyzer\dataset\raw\tread_images\IMG_8884 - Viren Viren.JPG,True
IMG_8887 - Viren Viren.JPG,C:\Users\user\OneDrive\Desktop\New folder (2)\New folder\smart-tire-analyzer\dataset\raw\tread_images\IMG_8887 - Viren Viren.JPG,False
IMG_8890 - Viren Viren.JPG,C:\Users\user\OneDrive\Desktop\New folder (2)\New folder\smart-tire-analyzer\dataset\raw\tread_images\IMG_8890 - Viren Viren.JPG,True
IMG_8893 - Viren Viren.JPG,C:\Users\user\OneDrive\Desktop\New folder (2)\New folder\smart-tire-analyzer\dataset\raw\tread_images\IMG_8893 - Viren Viren.JPG,True
IMG_8896 - Viren Viren.JPG,C:\Users\user\OneDrive\Desktop\New folder (2)\New folder\smart-tire-analyzer\dataset\raw\tread_images\IMG_8896 - Viren Viren.JPG,False
IMG_8899 - Viren Viren.JPG,C:\Users\user\OneDrive\Desktop\New folder (2)\New folder\smart-tire-analyzer\dataset\raw\tread_images\IMG_8899 - Viren Viren.JPG,True
IMG_8903 - Viren Viren.JPG,C:\Users\user\OneDrive\Desktop\New folder (2)\New folder\smart-tire-analyzer\dataset\raw\tread_images\IMG_8903 - Viren Viren.JPG,True
IMG_8906 - Viren Viren.JPG,C:\Users\user\OneDrive\Desktop\New folder (2)\New folder\smart-tire-analyzer\dataset\raw\tread_images\IMG_8906 - Viren Viren.JPG,True
IMG_8909 - Viren Viren.JPG,C:\Users\user\OneDrive\Desktop\New folder (2)\New folder\smart-tire-analyzer\dataset\raw\tread_images\IMG_8909 - Viren Viren.JPG,True
IMG_8912 - Viren Viren.JPG,C:\Users\user\OneDrive\Desktop\New folder (2)\New folder\smart-tire-analyzer\dataset\raw\tread_images\IMG_8912 - Viren Viren.JPG,False
IMG_8916 - Viren Viren.JPG,C:\Users\user\OneDrive\Desktop\New folder (2)\New folder\smart-tire-analyzer\dataset\raw\tread_images\IMG_8916 - Viren Viren.JPG,False
IMG_8919 - Viren Viren.JPG,C:\Users\user\OneDrive\Desktop\New folder (2)\New folder\smart-tire-analyzer\dataset\raw\tread_images\IMG_8919 - Viren Viren.JPG,True
IMG_8781 - Viren Viren.JPG,C:\Users\user\OneDrive\Desktop\New folder (2)\New folder\smart-tire-analyzer\dataset\raw\tread_images\IMG_8781 - Viren Viren.JPG,False
IMG_8784 - Viren Viren.JPG,C:\Users\user\OneDrive\Desktop\New folder (2)\New folder\smart-tire-analyzer\dataset\raw\tread_images\IMG_8784 - Viren Viren.JPG,False
IMG_8787 - Viren Viren.JPG,C:\Users\user\OneDrive\Desktop\New folder (2)\New folder\smart-tire-analyzer\dataset\raw\tread_images\IMG_8787 - Viren Viren.JPG,True
IMG_8790 - Viren Viren.JPG,C:\Users\user\OneDrive\Desktop\New folder (2)\New folder\smart-tire-analyzer\dataset\raw\tread_images\IMG_8790 - Viren Viren.JPG,True
IMG_8793 - Viren Viren.JPG,C:\Users\user\OneDrive\Desktop\New folder (2)\New folder\smart-tire-analyzer\dataset\raw\tread_images\IMG_8793 - Viren Viren.JPG,True
IMG_8796 - Viren Viren.JPG,C:\Users\user\OneDrive\Desktop\New folder (2)\New folder\smart-tire-analyzer\dataset\raw\tread_images\IMG_8796 - Viren Viren.JPG,True
IMG_8799 - Viren Viren.JPG,C:\Users\user\OneDrive\Desktop\New folder (2)\New folder\smart-tire-analyzer\dataset\raw\tread_images\IMG_8799 - Viren Viren.JPG,True
IMG_8802 - Viren Viren.JPG,C:\Users\user\OneDrive\Desktop\New folder (2)\New folder\smart-tire-analyzer\dataset\raw\tread_images\IMG_8802 - Viren Viren.JPG,True
IMG_8805 - Viren Viren.JPG,C:\Users\user\OneDrive\Desktop\New folder (2)\New folder\smart-tire-analyzer\dataset\raw\tread_images\IMG_8805 - Viren Viren.JPG,True
IMG_8808 - Viren Viren.JPG,C:\Users\user\OneDrive\Desktop\New folder (2)\New folder\smart-tire-analyzer\dataset\raw\tread_images\IMG_8808 - Viren Viren.JPG,True
IMG_8811 - Viren Viren.JPG,C:\Users\user\OneDrive\Desktop\New folder (2)\New folder\smart-tire-analyzer\dataset\raw\tread_images\IMG_8811 - Viren Viren.JPG,True
IMG_8814 - Viren Viren.JPG,C:\Users\user\OneDrive\Desktop\New folder (2)\New folder\smart-tire-analyzer\dataset\raw\tread_images\IMG_8814 - Viren Viren.JPG,True
IMG_8817 - Viren Viren.JPG,C:\Users\user\OneDrive\Desktop\New folder (2)\New folder\smart-tire-analyzer\dataset\raw\tread_images\IMG_8817 - Viren Viren.JPG,True
IMG_8820 - Viren Viren.JPG,C:\Users\user\OneDrive\Desktop\New folder (2)\New folder\smart-tire-analyzer\dataset\raw\tread_images\IMG_8820 - Viren Viren.JPG,True
IMG_8939 - Viren Viren.JPG,C:\Users\user\OneDrive\Desktop\New folder (2)\New folder\smart-tire-analyzer\dataset\raw\tread_images\IMG_8939 - Viren Viren.JPG,True
IMG_8942 - Viren Viren.JPG,C:\Users\user\OneDrive\Desktop\New folder (2)\New folder\smart-tire-analyzer\dataset\raw\tread_images\IMG_8942 - Viren Viren.JPG,True
IMG_8945 - Viren Viren.JPG,C:\Users\user\OneDrive\Desktop\New folder (2)\New folder\smart-tire-analyzer\dataset\raw\tread_images\IMG_8945 - Viren Viren.JPG,True
IMG_8948 - Viren Viren.JPG,C:\Users\user\OneDrive\Desktop\New folder (2)\New folder\smart-tire-analyzer\dataset\raw\tread_images\IMG_8948 - Viren Viren.JPG,True
IMG_8951 - Viren Viren.JPG,C:\Users\user\OneDrive\Desktop\New folder (2)\New folder\smart-tire-analyzer\dataset\raw\tread_images\IMG_8951 - Viren Viren.JPG,False
IMG_8954 - Viren Viren.JPG,C:\Users\user\OneDrive\Desktop\New folder (2)\New folder\smart-tire-analyzer\dataset\raw\tread_images\IMG_8954 - Viren Viren.JPG,True
IMG_8957 - Viren Viren.JPG,C:\Users\user\OneDrive\Desktop\New folder (2)\New folder\smart-tire-analyzer\dataset\raw\tread_images\IMG_8957 - Viren Viren.JPG,True
IMG_8960 - Viren Viren.JPG,C:\Users\user\OneDrive\Desktop\New folder (2)\New folder\smart-tire-analyzer\dataset\raw\tread_images\IMG_8960 - Viren Viren.JPG,True
IMG_8963 - Viren Viren.JPG,C:\Users\user\OneDrive\Desktop\New folder (2)\New folder\smart-tire-analyzer\dataset\raw\tread_images\IMG_8963 - Viren Viren.JPG,True
IMG_8966 - Viren Viren.JPG,C:\Users\user\OneDrive\Desktop\New folder (2)\New folder\smart-tire-analyzer\dataset\raw\tread_images\IMG_8966 - Viren Viren.JPG,True
IMG_8969 - Viren Viren.JPG,C:\Users\user\OneDrive\Desktop\New folder (2)\New folder\smart-tire-analyzer\dataset\raw\tread_images\IMG_8969 - Viren Viren.JPG,True
IMG_8972 - Viren Viren.JPG,C:\Users\user\OneDrive\Desktop\New folder (2)\New folder\smart-tire-analyzer\dataset\raw\tread_images\IMG_8972 - Viren Viren.JPG,True
IMG_8975 - Viren Viren.JPG,C:\Users\user\OneDrive\Desktop\New folder (2)\New folder\smart-tire-analyzer\dataset\raw\tread_images\IMG_8975 - Viren Viren.JPG,False
IMG_8978 - Viren Viren.JPG,C:\Users\user\OneDrive\Desktop\New folder (2)\New folder\smart-tire-analyzer\dataset\raw\tread_images\IMG_8978 - Viren Viren.JPG,True
IMG_8981 - Viren Viren.JPG,C:\Users\user\OneDrive\Desktop\New folder (2)\New folder\smart-tire-analyzer\dataset\raw\tread_images\IMG_8981 - Viren Viren.JPG,True
IMG_8984 - Viren Viren.JPG,C:\Users\user\OneDrive\Desktop\New folder (2)\New folder\smart-tire-analyzer\dataset\raw\tread_images\IMG_8984 - Viren Viren.JPG,True
IMG_8987 - Viren Viren.JPG,C:\Users\user\OneDrive\Desktop\New folder (2)\New folder\smart-tire-analyzer\dataset\raw\tread_images\IMG_8987 - Viren Viren.JPG,True
IMG_8990 - Viren Viren.JPG,C:\Users\user\OneDrive\Desktop\New folder (2)\New folder\smart-tire-analyzer\dataset\raw\tread_images\IMG_8990 - Viren Viren.JPG,True
IMG_8993 - Viren Viren.JPG,C:\Users\user\OneDrive\Desktop\New folder (2)\New folder\smart-tire-analyzer\dataset\raw\tread_images\IMG_8993 - Viren Viren.JPG,True
IMG_8996 - Viren Viren.JPG,C:\Users\user\OneDrive\Desktop\New folder (2)\New folder\smart-tire-analyzer\dataset\raw\tread_images\IMG_8996 - Viren Viren.JPG,True
IMG_8999 - Viren Viren.JPG,C:\Users\user\OneDrive\Desktop\New folder (2)\New folder\smart-tire-analyzer\dataset\raw\tread_images\IMG_8999 - Viren Viren.JPG,True
IMG_9003 - Viren Viren.JPG,C:\Users\user\OneDrive\Desktop\New folder (2)\New folder\smart-tire-analyzer\dataset\raw\tread_images\IMG_9003 - Viren Viren.JPG,True
IMG_9006 - Viren Viren.JPG,C:\Users\user\OneDrive\Desktop\New folder (2)\New folder\smart-tire-analyzer\dataset\raw\tread_images\IMG_9006 - Viren Viren.JPG,True
IMG_9009 - Viren Viren.JPG,C:\Users\user\OneDrive\Desktop\New folder (2)\New folder\smart-tire-analyzer\dataset\raw\tread_images\IMG_9009 - Viren Viren.JPG,False
IMG_9012 - Viren Viren.JPG,C:\Users\user\OneDrive\Desktop\New folder (2)\New folder\smart-tire-analyzer\dataset\raw\tread_images\IMG_9012 - Viren Viren.JPG,True
IMG_9015 - Viren Viren.JPG,C:\Users\user\OneDrive\Desktop\New folder (2)\New folder\smart-tire-analyzer\dataset\raw\tread_images\IMG_9015 - Viren Viren.JPG,True
IMG_9018 - Viren Viren.JPG,C:\Users\user\OneDrive\Desktop\New folder (2)\New folder\smart-tire-analyzer\dataset\raw\tread_images\IMG_9018 - Viren Viren.JPG,True
IMG_9021 - Viren Viren.JPG,C:\Users\user\OneDrive\Desktop\New folder (2)\New folder\smart-tire-analyzer\dataset\raw\tread_images\IMG_9021 - Viren Viren.JPG,True
IMG_9024 - Viren Viren.JPG,C:\Users\user\OneDrive\Desktop\New folder (2)\New folder\smart-tire-analyzer\dataset\raw\tread_images\IMG_9024 - Viren Viren.JPG,True
IMG_9027 - Viren Viren.JPG,C:\Users\user\OneDrive\Desktop\New folder (2)\New folder\smart-tire-analyzer\dataset\raw\tread_images\IMG_9027 - Viren Viren.JPG,True
IMG_9030 - Viren Viren.JPG,C:\Users\user\OneDrive\Desktop\New folder (2)\New folder\smart-tire-analyzer\dataset\raw\tread_images\IMG_9030 - Viren Viren.JPG,True
IMG_9033 - Viren Viren.JPG,C:\Users\user\OneDrive\Desktop\New folder (2)\New folder\smart-tire-analyzer\dataset\raw\tread_images\IMG_9033 - Viren Viren.JPG,True
IMG_9036 - Viren Viren.JPG,C:\Users\user\OneDrive\Desktop\New folder (2)\New folder\smart-tire-analyzer\dataset\raw\tread_images\IMG_9036 - Viren Viren.JPG,True
IMG_9039 - Viren Viren.JPG,C:\Users\user\OneDrive\Desktop\New folder (2)\New folder\smart-tire-analyzer\dataset\raw\tread_images\IMG_9039 - Viren Viren.JPG,True
IMG_9042 - Viren Viren.JPG,C:\Users\user\OneDrive\Desktop\New folder (2)\New folder\smart-tire-analyzer\dataset\raw\tread_images\IMG_9042 - Viren Viren.JPG,True
IMG_9045 - Viren Viren.JPG,C:\Users\user\OneDrive\Desktop\New folder (2)\New folder\smart-tire-analyzer\dataset\raw\tread_images\IMG_9045 - Viren Viren.JPG,True
IMG_9048 - Viren Viren.JPG,C:\Users\user\OneDrive\Desktop\New folder (2)\New folder\smart-tire-analyzer\dataset\raw\tread_images\IMG_9048 - Viren Viren.JPG,True
IMG_9051 - Viren Viren.JPG,C:\Users\user\OneDrive\Desktop\New folder (2)\New folder\smart-tire-analyzer\dataset\raw\tread_images\IMG_9051 - Viren Viren.JPG,True
IMG_9054 - Viren Viren.JPG,C:\Users\user\OneDrive\Desktop\New folder (2)\New folder\smart-tire-analyzer\dataset\raw\tread_images\IMG_9054 - Viren Viren.JPG,True
IMG_9057 - Viren Viren.JPG,C:\Users\user\OneDrive\Desktop\New folder (2)\New folder\smart-tire-analyzer\dataset\raw\tread_images\IMG_9057 - Viren Viren.JPG,True
IMG_9060 - Viren Viren.JPG,C:\Users\user\OneDrive\Desktop\New folder (2)\New folder\smart-tire-analyzer\dataset\raw\tread_images\IMG_9060 - Viren Viren.JPG,True
IMG_9063 - Viren Viren.JPG,C:\Users\user\OneDrive\Desktop\New folder (2)\New folder\smart-tire-analyzer\dataset\raw\tread_images\IMG_9063 - Viren Viren.JPG,True
IMG_9066 - Viren Viren.JPG,C:\Users\user\OneDrive\Desktop\New folder (2)\New folder\smart-tire-analyzer\dataset\raw\tread_images\IMG_9066 - Viren Viren.JPG,True
IMG_9069 - Viren Viren.JPG,C:\Users\user\OneDrive\Desktop\New folder (2)\New folder\smart-tire-analyzer\dataset\raw\tread_images\IMG_9069 - Viren Viren.JPG,True
IMG_9072 - Viren Viren.JPG,C:\Users\user\OneDrive\Desktop\New folder (2)\New folder\smart-tire-analyzer\dataset\raw\tread_images\IMG_9072 - Viren Viren.JPG,False
IMG_9075 - Viren Viren.JPG,C:\Users\user\OneDrive\Desktop\New folder (2)\New folder\smart-tire-analyzer\dataset\raw\tread_images\IMG_9075 - Viren Viren.JPG,False
IMG_9079 - Viren Viren.JPG,C:\Users\user\OneDrive\Desktop\New folder (2)\New folder\smart-tire-analyzer\dataset\raw\tread_images\IMG_9079 - Viren Viren.JPG,True
IMG_9084 - Viren Viren.JPG,C:\Users\user\OneDrive\Desktop\New folder (2)\New folder\smart-tire-analyzer\dataset\raw\tread_images\IMG_9084 - Viren Viren.JPG,True
IMG_9087 - Viren Viren.JPG,C:\Users\user\OneDrive\Desktop\New folder (2)\New folder\smart-tire-analyzer\dataset\raw\tread_images\IMG_9087 - Viren Viren.JPG,True
IMG_9090 - Viren Viren.JPG,C:\Users\user\OneDrive\Desktop\New folder (2)\New folder\smart-tire-analyzer\dataset\raw\tread_images\IMG_9090 - Viren Viren.JPG,True
IMG_9094 - Viren Viren.JPG,C:\Users\user\OneDrive\Desktop\New folder (2)\New folder\smart-tire-analyzer\dataset\raw\tread_images\IMG_9094 - Viren Viren.JPG,True
IMG_9097 - Viren Viren.JPG,C:\Users\user\OneDrive\Desktop\New folder (2)\New folder\smart-tire-analyzer\dataset\raw\tread_images\IMG_9097 - Viren Viren.JPG,True
IMG_9101 - Viren Viren.JPG,C:\Users\user\OneDrive\Desktop\New folder (2)\New folder\smart-tire-analyzer\dataset\raw\tread_images\IMG_9101 - Viren Viren.JPG,True
IMG_9104 - Viren Viren.JPG,C:\Users\user\OneDrive\Desktop\New folder (2)\New folder\smart-tire-analyzer\dataset\raw\tread_images\IMG_9104 - Viren Viren.JPG,False
IMG_9107 - Viren Viren.JPG,C:\Users\user\OneDrive\Desktop\New folder (2)\New folder\smart-tire-analyzer\dataset\raw\tread_images\IMG_9107 - Viren Viren.JPG,True
IMG_9110 - Viren Viren.JPG,C:\Users\user\OneDrive\Desktop\New folder (2)\New folder\smart-tire-analyzer\dataset\raw\tread_images\IMG_9110 - Viren Viren.JPG,True
IMG_9113 - Viren Viren.JPG,C:\Users\user\OneDrive\Desktop\New folder (2)\New folder\smart-tire-analyzer\dataset\raw\tread_images\IMG_9113 - Viren Viren.JPG,True
IMG_9116 - Viren Viren.JPG,C:\Users\user\OneDrive\Desktop\New folder (2)\New folder\smart-tire-analyzer\dataset\raw\tread_images\IMG_9116 - Viren Viren.JPG,True
IMG_9119 - Viren Viren.JPG,,False
IMG_9123 - Viren Viren.JPG,C:\Users\user\OneDrive\Desktop\New folder (2)\New folder\smart-tire-analyzer\dataset\raw\tread_images\IMG_9123 - Viren Viren.JPG,False
IMG_9126 - Viren Viren.JPG,C:\Users\user\OneDrive\Desktop\New folder (2)\New folder\smart-tire-analyzer\dataset\raw\tread_images\IMG_9126 - Viren Viren.JPG,False
IMG_9129 - Viren Viren.JPG,C:\Users\user\OneDrive\Desktop\New folder (2)\New folder\smart-tire-analyzer\dataset\raw\tread_images\IMG_9129 - Viren Viren.JPG,True
IMG_9132 - Viren Viren.JPG,C:\Users\user\OneDrive\Desktop\New folder (2)\New folder\smart-tire-analyzer\dataset\raw\tread_images\IMG_9132 - Viren Viren.JPG,False
IMG_9135 - Viren Viren.JPG,C:\Users\user\OneDrive\Desktop\New folder (2)\New folder\smart-tire-analyzer\dataset\raw\tread_images\IMG_9135 - Viren Viren.JPG,False
IMG_9138 - Viren Viren.JPG,C:\Users\user\OneDrive\Desktop\New folder (2)\New folder\smart-tire-analyzer\dataset\raw\tread_images\IMG_9138 - Viren Viren.JPG,True
IMG_9200 - Viren Viren.JPG,C:\Users\user\OneDrive\Desktop\New folder (2)\New folder\smart-tire-analyzer\dataset\raw\tread_images\IMG_9200 - Viren Viren.JPG,True
IMG_9301 - Viren Viren.JPG,C:\Users\user\OneDrive\Desktop\New folder (2)\New folder\smart-tire-analyzer\dataset\raw\tread_images\IMG_9301 - Viren Viren.JPG,True
IMG_9304 - Viren Viren.JPG,C:\Users\user\OneDrive\Desktop\New folder (2)\New folder\smart-tire-analyzer\dataset\raw\tread_images\IMG_9304 - Viren Viren.JPG,True
IMG_9307 - Viren Viren.JPG,C:\Users\user\OneDrive\Desktop\New folder (2)\New folder\smart-tire-analyzer\dataset\raw\tread_images\IMG_9307 - Viren Viren.JPG,True
IMG_9310 - Viren Viren.JPG,C:\Users\user\OneDrive\Desktop\New folder (2)\New folder\smart-tire-analyzer\dataset\raw\tread_images\IMG_9310 - Viren Viren.JPG,True
IMG_9314 - Viren Viren.JPG,C:\Users\user\OneDrive\Desktop\New folder (2)\New folder\smart-tire-analyzer\dataset\raw\tread_images\IMG_9314 - Viren Viren.JPG,True
IMG_9317 - Viren Viren.JPG,C:\Users\user\OneDrive\Desktop\New folder (2)\New folder\smart-tire-analyzer\dataset\raw\tread_images\IMG_9317 - Viren Viren.JPG,False
IMG_9320 - Viren Viren.JPG,C:\Users\user\OneDrive\Desktop\New folder (2)\New folder\smart-tire-analyzer\dataset\raw\tread_images\IMG_9320 - Viren Viren.JPG,True
IMG_9323 - Viren Viren.JPG,C:\Users\user\OneDrive\Desktop\New folder (2)\New folder\smart-tire-analyzer\dataset\raw\tread_images\IMG_9323 - Viren Viren.JPG,True
IMG_9326[1] - Viren Viren.JPG,C:\Users\user\OneDrive\Desktop\New folder (2)\New folder\smart-tire-analyzer\dataset\raw\tread_images\IMG_9326[1] - Viren Viren.JPG,False
IMG_9329 - Viren Viren.JPG,C:\Users\user\OneDrive\Desktop\New folder (2)\New folder\smart-tire-analyzer\dataset\raw\tread_images\IMG_9329 - Viren Viren.JPG,True
IMG_9332 - Viren Viren.JPG,C:\Users\user\OneDrive\Desktop\New folder (2)\New folder\smart-tire-analyzer\dataset\raw\tread_images\IMG_9332 - Viren Viren.JPG,True
IMG_9335 - Viren Viren.JPG,C:\Users\user\OneDrive\Desktop\New folder (2)\New folder\smart-tire-analyzer\dataset\raw\tread_images\IMG_9335 - Viren Viren.JPG,False
IMG_9344 - Viren Viren.JPG,C:\Users\user\OneDrive\Desktop\New folder (2)\New folder\smart-tire-analyzer\dataset\raw\tread_images\IMG_9344 - Viren Viren.JPG,True
IMG_9347 - Viren Viren.JPG,C:\Users\user\OneDrive\Desktop\New folder (2)\New folder\smart-tire-analyzer\dataset\raw\tread_images\IMG_9347 - Viren Viren.JPG,False
IMG_9350 - Viren Viren.JPG,C:\Users\user\OneDrive\Desktop\New folder (2)\New folder\smart-tire-analyzer\dataset\raw\tread_images\IMG_9350 - Viren Viren.JPG,False
IMG_9353 - Viren Viren.JPG,C:\Users\user\OneDrive\Desktop\New folder (2)\New folder\smart-tire-analyzer\dataset\raw\tread_images\IMG_9353 - Viren Viren.JPG,True
IMG_9356 - Viren Viren.JPG,C:\Users\user\OneDrive\Desktop\New folder (2)\New folder\smart-tire-analyzer\dataset\raw\tread_images\IMG_9356 - Viren Viren.JPG,False
IMG_9359 - Viren Viren.JPG,C:\Users\user\OneDrive\Desktop\New folder (2)\New folder\smart-tire-analyzer\dataset\raw\tread_images\IMG_9359 - Viren Viren.JPG,True
IMG_9362 - Viren Viren.JPG,C:\Users\user\OneDrive\Desktop\New folder (2)\New folder\smart-tire-analyzer\dataset\raw\tread_images\IMG_9362 - Viren Viren.JPG,True
IMG_9365 - Viren Viren.JPG,C:\Users\user\OneDrive\Desktop\New folder (2)\New folder\smart-tire-analyzer\dataset\raw\tread_images\IMG_9365 - Viren Viren.JPG,True
IMG_9368 - Viren Viren.JPG,C:\Users\user\OneDrive\Desktop\New folder (2)\New folder\smart-tire-analyzer\dataset\raw\tread_images\IMG_9368 - Viren Viren.JPG,False
IMG_9371 - Viren Viren.JPG,C:\Users\user\OneDrive\Desktop\New folder (2)\New folder\smart-tire-analyzer\dataset\raw\tread_images\IMG_9371 - Viren Viren.JPG,True
IMG_9374 - Viren Viren.JPG,C:\Users\user\OneDrive\Desktop\New folder (2)\New folder\smart-tire-analyzer\dataset\raw\tread_images\IMG_9374 - Viren Viren.JPG,True
IMG_9377 - Viren Viren.JPG,C:\Users\user\OneDrive\Desktop\New folder (2)\New folder\smart-tire-analyzer\dataset\raw\tread_images\IMG_9377 - Viren Viren.JPG,False
IMG_9380 - Viren Viren.JPG,C:\Users\user\OneDrive\Desktop\New folder (2)\New folder\smart-tire-analyzer\dataset\raw\tread_images\IMG_9380 - Viren Viren.JPG,True
IMG_9383 - Viren Viren.JPG,C:\Users\user\OneDrive\Desktop\New folder (2)\New folder\smart-tire-analyzer\dataset\raw\tread_images\IMG_9383 - Viren Viren.JPG,True
IMG_9386 - Viren Viren.JPG,C:\Users\user\OneDrive\Desktop\New folder (2)\New folder\smart-tire-analyzer\dataset\raw\tread_images\IMG_9386 - Viren Viren.JPG,False
IMG_9389 - Viren Viren.JPG,C:\Users\user\OneDrive\Desktop\New folder (2)\New folder\smart-tire-analyzer\dataset\raw\tread_images\IMG_9389 - Viren Viren.JPG,False
IMG_9392 - Viren Viren.JPG,C:\Users\user\OneDrive\Desktop\New folder (2)\New folder\smart-tire-analyzer\dataset\raw\tread_images\IMG_9392 - Viren Viren.JPG,False
IMG_9395 - Viren Viren.JPG,C:\Users\user\OneDrive\Desktop\New folder (2)\New folder\smart-tire-analyzer\dataset\raw\tread_images\IMG_9395 - Viren Viren.JPG,True
IMG_9398 - Viren Viren.JPG,C:\Users\user\OneDrive\Desktop\New folder (2)\New folder\smart-tire-analyzer\dataset\raw\tread_images\IMG_9398 - Viren Viren.JPG,False
IMG_9404 - Viren Viren.JPG,C:\Users\user\OneDrive\Desktop\New folder (2)\New folder\smart-tire-analyzer\dataset\raw\tread_images\IMG_9404 - Viren Viren.JPG,True
IMG_9407 - Viren Viren.JPG,C:\Users\user\OneDrive\Desktop\New folder (2)\New folder\smart-tire-analyzer\dataset\raw\tread_images\IMG_9407 - Viren Viren.JPG,True
IMG_9410 - Viren Viren.JPG,C:\Users\user\OneDrive\Desktop\New folder (2)\New folder\smart-tire-analyzer\dataset\raw\tread_images\IMG_9410 - Viren Viren.JPG,True
IMG_9413 - Viren Viren.JPG,C:\Users\user\OneDrive\Desktop\New folder (2)\New folder\smart-tire-analyzer\dataset\raw\tread_images\IMG_9413 - Viren Viren.JPG,True
IMG_9416 - Viren Viren.JPG,C:\Users\user\OneDrive\Desktop\New folder (2)\New folder\smart-tire-analyzer\dataset\raw\tread_images\IMG_9416 - Viren Viren.JPG,True
IMG_9419 - Viren Viren.JPG,C:\Users\user\OneDrive\Desktop\New folder (2)\New folder\smart-tire-analyzer\dataset\raw\tread_images\IMG_9419 - Viren Viren.JPG,False
IMG_9423 - Viren Viren.JPG,C:\Users\user\OneDrive\Desktop\New folder (2)\New folder\smart-tire-analyzer\dataset\raw\tread_images\IMG_9423 - Viren Viren.JPG,True
IMG_9426 - Viren Viren.JPG,C:\Users\user\OneDrive\Desktop\New folder (2)\New folder\smart-tire-analyzer\dataset\raw\tread_images\IMG_9426 - Viren Viren.JPG,True
IMG_9429 - Viren Viren.JPG,C:\Users\user\OneDrive\Desktop\New folder (2)\New folder\smart-tire-analyzer\dataset\raw\tread_images\IMG_9429 - Viren Viren.JPG,True
IMG_9433 - Shubham Chodankar.JPG,C:\Users\user\OneDrive\Desktop\New folder (2)\New folder\smart-tire-analyzer\dataset\raw\tread_images\IMG_9433 - Shubham Chodankar.JPG,True
IMG_9498 - Ubaid Elahi Baba.JPG,C:\Users\user\OneDrive\Desktop\New folder (2)\New folder\smart-tire-analyzer\dataset\raw\tread_images\IMG_9498 - Ubaid Elahi Baba.JPG,True
IMG_9628 - Ubaid Elahi Baba.JPG,C:\Users\user\OneDrive\Desktop\New folder (2)\New folder\smart-tire-analyzer\dataset\raw\tread_images\IMG_9628 - Ubaid Elahi Baba.JPG,True
IMG_9631 - Ubaid Elahi Baba.JPG,C:\Users\user\OneDrive\Desktop\New folder (2)\New folder\smart-tire-analyzer\dataset\raw\tread_images\IMG_9631 - Ubaid Elahi Baba.JPG,True
IMG_9634 - Ubaid Elahi Baba.JPG,C:\Users\user\OneDrive\Desktop\New folder (2)\New folder\smart-tire-analyzer\dataset\raw\tread_images\IMG_9634 - Ubaid Elahi Baba.JPG,True
IMG_9637 - Ubaid Elahi Baba.JPG,C:\Users\user\OneDrive\Desktop\New folder (2)\New folder\smart-tire-analyzer\dataset\raw\tread_images\IMG_9637 - Ubaid Elahi Baba.JPG,True
IMG_9640 - Ubaid Elahi Baba.JPG,C:\Users\user\OneDrive\Desktop\New folder (2)\New folder\smart-tire-analyzer\dataset\raw\tread_images\IMG_9640 - Ubaid Elahi Baba.JPG,True
IMG_9643 - Ubaid Elahi Baba.JPG,C:\Users\user\OneDrive\Desktop\New folder (2)\New folder\smart-tire-analyzer\dataset\raw\tread_images\IMG_9643 - Ubaid Elahi Baba.JPG,True
IMG_9646 - Ubaid Elahi Baba.JPG,C:\Users\user\OneDrive\Desktop\New folder (2)\New folder\smart-tire-analyzer\dataset\raw\tread_images\IMG_9646 - Ubaid Elahi Baba.JPG,True
IMG_9649 - Ubaid Elahi Baba.JPG,C:\Users\user\OneDrive\Desktop\New folder (2)\New folder\smart-tire-analyzer\dataset\raw\tread_images\IMG_9649 - Ubaid Elahi Baba.JPG,True
IMG_9652 - Ubaid Elahi Baba.JPG,C:\Users\user\OneDrive\Desktop\New folder (2)\New folder\smart-tire-analyzer\dataset\raw\tread_images\IMG_9652 - Ubaid Elahi Baba.JPG,True
IMG_9655 - Ubaid Elahi Baba.JPG,C:\Users\user\OneDrive\Desktop\New folder (2)\New folder\smart-tire-analyzer\dataset\raw\tread_images\IMG_9655 - Ubaid Elahi Baba.JPG,True
IMG_9658 - Ubaid Elahi Baba.JPG,C:\Users\user\OneDrive\Desktop\New folder (2)\New folder\smart-tire-analyzer\dataset\raw\tread_images\IMG_9658 - Ubaid Elahi Baba.JPG,True
IMG_9662 - Ubaid Elahi Baba.JPG,C:\Users\user\OneDrive\Desktop\New folder (2)\New folder\smart-tire-analyzer\dataset\raw\tread_images\IMG_9662 - Ubaid Elahi Baba.JPG,True
IMG_9665 - Ubaid Elahi Baba.JPG,C:\Users\user\OneDrive\Desktop\New folder (2)\New folder\smart-tire-analyzer\dataset\raw\tread_images\IMG_9665 - Ubaid Elahi Baba.JPG,False
IMG_9668 - Ubaid Elahi Baba.JPG,C:\Users\user\OneDrive\Desktop\New folder (2)\New folder\smart-tire-analyzer\dataset\raw\tread_images\IMG_9668 - Ubaid Elahi Baba.JPG,True
IMG_9671 - Ubaid Elahi Baba.JPG,C:\Users\user\OneDrive\Desktop\New folder (2)\New folder\smart-tire-analyzer\dataset\raw\tread_images\IMG_9671 - Ubaid Elahi Baba.JPG,True
IMG_9674 - Ubaid Elahi Baba.JPG,C:\Users\user\OneDrive\Desktop\New folder (2)\New folder\smart-tire-analyzer\dataset\raw\tread_images\IMG_9674 - Ubaid Elahi Baba.JPG,True
IMG_9677 - Ubaid Elahi Baba.JPG,C:\Users\user\OneDrive\Desktop\New folder (2)\New folder\smart-tire-analyzer\dataset\raw\tread_images\IMG_9677 - Ubaid Elahi Baba.JPG,False
IMG_9680 - Ubaid Elahi Baba.JPG,C:\Users\user\OneDrive\Desktop\New folder (2)\New folder\smart-tire-analyzer\dataset\raw\tread_images\IMG_9680 - Ubaid Elahi Baba.JPG,False
IMG_9683 - Ubaid Elahi Baba.JPG,C:\Users\user\OneDrive\Desktop\New folder (2)\New folder\smart-tire-analyzer\dataset\raw\tread_images\IMG_9683 - Ubaid Elahi Baba.JPG,True
IMG_9686 - Ubaid Elahi Baba.JPG,C:\Users\user\OneDrive\Desktop\New folder (2)\New folder\smart-tire-analyzer\dataset\raw\tread_images\IMG_9686 - Ubaid Elahi Baba.JPG,True
IMG_9689 - Ubaid Elahi Baba.JPG,C:\Users\user\OneDrive\Desktop\New folder (2)\New folder\smart-tire-analyzer\dataset\raw\tread_images\IMG_9689 - Ubaid Elahi Baba.JPG,False
IMG_9692 - Ubaid Elahi Baba.JPG,C:\Users\user\OneDrive\Desktop\New folder (2)\New folder\smart-tire-analyzer\dataset\raw\tread_images\IMG_9692 - Ubaid Elahi Baba.JPG,True
IMG_9695 - Ubaid Elahi Baba.JPG,C:\Users\user\OneDrive\Desktop\New folder (2)\New folder\smart-tire-analyzer\dataset\raw\tread_images\IMG_9695 - Ubaid Elahi Baba.JPG,True
IMG_9698 - Ubaid Elahi Baba.JPG,C:\Users\user\OneDrive\Desktop\New folder (2)\New folder\smart-tire-analyzer\dataset\raw\tread_images\IMG_9698 - Ubaid Elahi Baba.JPG,True
IMG_9701 - Ubaid Elahi Baba.JPG,C:\Users\user\OneDrive\Desktop\New folder (2)\New folder\smart-tire-analyzer\dataset\raw\tread_images\IMG_9701 - Ubaid Elahi Baba.JPG,True
IMG_9704 - Ubaid Elahi Baba.JPG,C:\Users\user\OneDrive\Desktop\New folder (2)\New folder\smart-tire-analyzer\dataset\raw\tread_images\IMG_9704 - Ubaid Elahi Baba.JPG,True
IMG_9707 - Ubaid Elahi Baba.JPG,C:\Users\user\OneDrive\Desktop\New folder (2)\New folder\smart-tire-analyzer\dataset\raw\tread_images\IMG_9707 - Ubaid Elahi Baba.JPG,True
IMG_9710 - Ubaid Elahi Baba.JPG,C:\Users\user\OneDrive\Desktop\New folder (2)\New folder\smart-tire-analyzer\dataset\raw\tread_images\IMG_9710 - Ubaid Elahi Baba.JPG,False
IMG_9713 - Ubaid Elahi Baba.JPG,C:\Users\user\OneDrive\Desktop\New folder (2)\New folder\smart-tire-analyzer\dataset\raw\tread_images\IMG_9713 - Ubaid Elahi Baba.JPG,False
IMG_9716 - Ubaid Elahi Baba.JPG,C:\Users\user\OneDrive\Desktop\New folder (2)\New folder\smart-tire-analyzer\dataset\raw\tread_images\IMG_9716 - Ubaid Elahi Baba.JPG,True
IMG_9719 - Ubaid Elahi Baba.JPG,C:\Users\user\OneDrive\Desktop\New folder (2)\New folder\smart-tire-analyzer\dataset\raw\tread_images\IMG_9719 - Ubaid Elahi Baba.JPG,True
IMG_9722 - Ubaid Elahi Baba.JPG,C:\Users\user\OneDrive\Desktop\New folder (2)\New folder\smart-tire-analyzer\dataset\raw\tread_images\IMG_9722 - Ubaid Elahi Baba.JPG,True
IMG_9725 - Ubaid Elahi Baba.JPG,C:\Users\user\OneDrive\Desktop\New folder (2)\New folder\smart-tire-analyzer\dataset\raw\tread_images\IMG_9725 - Ubaid Elahi Baba.JPG,True
IMG_9729 - Ubaid Elahi Baba.JPG,C:\Users\user\OneDrive\Desktop\New folder (2)\New folder\smart-tire-analyzer\dataset\raw\tread_images\IMG_9729 - Ubaid Elahi Baba.JPG,True
IMG_9733 - Ubaid Elahi Baba.JPG,C:\Users\user\OneDrive\Desktop\New folder (2)\New folder\smart-tire-analyzer\dataset\raw\tread_images\IMG_9733 - Ubaid Elahi Baba.JPG,False
IMG_9736 - Ubaid Elahi Baba.JPG,C:\Users\user\OneDrive\Desktop\New folder (2)\New folder\smart-tire-analyzer\dataset\raw\tread_images\IMG_9736 - Ubaid Elahi Baba.JPG,True
IMG_9740 - Ubaid Elahi Baba.JPG,C:\Users\user\OneDrive\Desktop\New folder (2)\New folder\smart-tire-analyzer\dataset\raw\tread_images\IMG_9740 - Ubaid Elahi Baba.JPG,True
IMG_9744 - Ubaid Elahi Baba.JPG,C:\Users\user\OneDrive\Desktop\New folder (2)\New folder\smart-tire-analyzer\dataset\raw\tread_images\IMG_9744 - Ubaid Elahi Baba.JPG,True
IMG_9747 - Ubaid Elahi Baba.JPG,C:\Users\user\OneDrive\Desktop\New folder (2)\New folder\smart-tire-analyzer\dataset\raw\tread_images\IMG_9747 - Ubaid Elahi Baba.JPG,True
IMG_9750 - Ubaid Elahi Baba.JPG,C:\Users\user\OneDrive\Desktop\New folder (2)\New folder\smart-tire-analyzer\dataset\raw\tread_images\IMG_9750 - Ubaid Elahi Baba.JPG,True
IMG_9753 - Ubaid Elahi Baba.JPG,C:\Users\user\OneDrive\Desktop\New folder (2)\New folder\smart-tire-analyzer\dataset\raw\tread_images\IMG_9753 - Ubaid Elahi Baba.JPG,True
IMG_9492 - Ubaid Elahi Baba.JPG,C:\Users\user\OneDrive\Desktop\New folder (2)\New folder\smart-tire-analyzer\dataset\raw\tread_images\IMG_9492 - Ubaid Elahi Baba.JPG,True
IMG_9501 - Ubaid Elahi Baba.JPG,C:\Users\user\OneDrive\Desktop\New folder (2)\New folder\smart-tire-analyzer\dataset\raw\tread_images\IMG_9501 - Ubaid Elahi Baba.JPG,True
IMG_9504 - Ubaid Elahi Baba.JPG,C:\Users\user\OneDrive\Desktop\New folder (2)\New folder\smart-tire-analyzer\dataset\raw\tread_images\IMG_9504 - Ubaid Elahi Baba.JPG,True
IMG_9507 - Ubaid Elahi Baba.JPG,C:\Users\user\OneDrive\Desktop\New folder (2)\New folder\smart-tire-analyzer\dataset\raw\tread_images\IMG_9507 - Ubaid Elahi Baba.JPG,True
IMG_9510 - Ubaid Elahi Baba.JPG,C:\Users\user\OneDrive\Desktop\New folder (2)\New folder\smart-tire-analyzer\dataset\raw\tread_images\IMG_9510 - Ubaid Elahi Baba.JPG,True
IMG_9513 - Ubaid Elahi Baba.JPG,C:\Users\user\OneDrive\Desktop\New folder (2)\New folder\smart-tire-analyzer\dataset\raw\tread_images\IMG_9513 - Ubaid Elahi Baba.JPG,True
IMG_9516 - Ubaid Elahi Baba.JPG,C:\Users\user\OneDrive\Desktop\New folder (2)\New folder\smart-tire-analyzer\dataset\raw\tread_images\IMG_9516 - Ubaid Elahi Baba.JPG,True
IMG_9519 - Ubaid Elahi Baba.JPG,C:\Users\user\OneDrive\Desktop\New folder (2)\New folder\smart-tire-analyzer\dataset\raw\tread_images\IMG_9519 - Ubaid Elahi Baba.JPG,True
IMG_9522 - Ubaid Elahi Baba.JPG,C:\Users\user\OneDrive\Desktop\New folder (2)\New folder\smart-tire-analyzer\dataset\raw\tread_images\IMG_9522 - Ubaid Elahi Baba.JPG,True
IMG_9525 - Ubaid Elahi Baba.JPG,C:\Users\user\OneDrive\Desktop\New folder (2)\New folder\smart-tire-analyzer\dataset\raw\tread_images\IMG_9525 - Ubaid Elahi Baba.JPG,True
IMG_9528 - Ubaid Elahi Baba.JPG,C:\Users\user\OneDrive\Desktop\New folder (2)\New folder\smart-tire-analyzer\dataset\raw\tread_images\IMG_9528 - Ubaid Elahi Baba.JPG,True
IMG_9531 - Ubaid Elahi Baba.JPG,C:\Users\user\OneDrive\Desktop\New folder (2)\New folder\smart-tire-analyzer\dataset\raw\tread_images\IMG_9531 - Ubaid Elahi Baba.JPG,True
IMG_9534 - Ubaid Elahi Baba.JPG,C:\Users\user\OneDrive\Desktop\New folder (2)\New folder\smart-tire-analyzer\dataset\raw\tread_images\IMG_9534 - Ubaid Elahi Baba.JPG,True
IMG_9537 - Ubaid Elahi Baba.JPG,C:\Users\user\OneDrive\Desktop\New folder (2)\New folder\smart-tire-analyzer\dataset\raw\tread_images\IMG_9537 - Ubaid Elahi Baba.JPG,True
IMG_9544 - Ubaid Elahi Baba.JPG,C:\Users\user\OneDrive\Desktop\New folder (2)\New folder\smart-tire-analyzer\dataset\raw\tread_images\IMG_9544 - Ubaid Elahi Baba.JPG,True
IMG_9547 - Ubaid Elahi Baba.JPG,C:\Users\user\OneDrive\Desktop\New folder (2)\New folder\smart-tire-analyzer\dataset\raw\tread_images\IMG_9547 - Ubaid Elahi Baba.JPG,True
IMG_9550 - Ubaid Elahi Baba.JPG,C:\Users\user\OneDrive\Desktop\New folder (2)\New folder\smart-tire-analyzer\dataset\raw\tread_images\IMG_9550 - Ubaid Elahi Baba.JPG,True
IMG_9553 - Ubaid Elahi Baba.JPG,C:\Users\user\OneDrive\Desktop\New folder (2)\New folder\smart-tire-analyzer\dataset\raw\tread_images\IMG_9553 - Ubaid Elahi Baba.JPG,True
IMG_9556 - Ubaid Elahi Baba.JPG,C:\Users\user\OneDrive\Desktop\New folder (2)\New folder\smart-tire-analyzer\dataset\raw\tread_images\IMG_9556 - Ubaid Elahi Baba.JPG,True
IMG_9559 - Ubaid Elahi Baba.JPG,C:\Users\user\OneDrive\Desktop\New folder (2)\New folder\smart-tire-analyzer\dataset\raw\tread_images\IMG_9559 - Ubaid Elahi Baba.JPG,True
IMG_9562 - Ubaid Elahi Baba.JPG,C:\Users\user\OneDrive\Desktop\New folder (2)\New folder\smart-tire-analyzer\dataset\raw\tread_images\IMG_9562 - Ubaid Elahi Baba.JPG,True
IMG_9565 - Ubaid Elahi Baba.JPG,C:\Users\user\OneDrive\Desktop\New folder (2)\New folder\smart-tire-analyzer\dataset\raw\tread_images\IMG_9565 - Ubaid Elahi Baba.JPG,True
IMG_9568 - Ubaid Elahi Baba.JPG,C:\Users\user\OneDrive\Desktop\New folder (2)\New folder\smart-tire-analyzer\dataset\raw\tread_images\IMG_9568 - Ubaid Elahi Baba.JPG,True
IMG_9571 - Ubaid Elahi Baba.JPG,C:\Users\user\OneDrive\Desktop\New folder (2)\New folder\smart-tire-analyzer\dataset\raw\tread_images\IMG_9571 - Ubaid Elahi Baba.JPG,True
IMG_9574 - Ubaid Elahi Baba.JPG,C:\Users\user\OneDrive\Desktop\New folder (2)\New folder\smart-tire-analyzer\dataset\raw\tread_images\IMG_9574 - Ubaid Elahi Baba.JPG,True
IMG_9577 - Ubaid Elahi Baba.JPG,C:\Users\user\OneDrive\Desktop\New folder (2)\New folder\smart-tire-analyzer\dataset\raw\tread_images\IMG_9577 - Ubaid Elahi Baba.JPG,True
IMG_9580 - Ubaid Elahi Baba.JPG,C:\Users\user\OneDrive\Desktop\New folder (2)\New folder\smart-tire-analyzer\dataset\raw\tread_images\IMG_9580 - Ubaid Elahi Baba.JPG,True
IMG_9583 - Ubaid Elahi Baba.JPG,C:\Users\user\OneDrive\Desktop\New folder (2)\New folder\smart-tire-analyzer\dataset\raw\tread_images\IMG_9583 - Ubaid Elahi Baba.JPG,True
IMG_9586 - Ubaid Elahi Baba.JPG,C:\Users\user\OneDrive\Desktop\New folder (2)\New folder\smart-tire-analyzer\dataset\raw\tread_images\IMG_9586 - Ubaid Elahi Baba.JPG,True
IMG_9589 - Ubaid Elahi Baba.JPG,C:\Users\user\OneDrive\Desktop\New folder (2)\New folder\smart-tire-analyzer\dataset\raw\tread_images\IMG_9589 - Ubaid Elahi Baba.JPG,True
IMG_9592 - Ubaid Elahi Baba.JPG,C:\Users\user\OneDrive\Desktop\New folder (2)\New folder\smart-tire-analyzer\dataset\raw\tread_images\IMG_9592 - Ubaid Elahi Baba.JPG,False
IMG_9595 - Ubaid Elahi Baba.JPG,C:\Users\user\OneDrive\Desktop\New folder (2)\New folder\smart-tire-analyzer\dataset\raw\tread_images\IMG_9595 - Ubaid Elahi Baba.JPG,True
IMG_9598 - Ubaid Elahi Baba.JPG,C:\Users\user\OneDrive\Desktop\New folder (2)\New folder\smart-tire-analyzer\dataset\raw\tread_images\IMG_9598 - Ubaid Elahi Baba.JPG,True
IMG_9601 - Ubaid Elahi Baba.JPG,C:\Users\user\OneDrive\Desktop\New folder (2)\New folder\smart-tire-analyzer\dataset\raw\tread_images\IMG_9601 - Ubaid Elahi Baba.JPG,True
IMG_9604 - Ubaid Elahi Baba.JPG,C:\Users\user\OneDrive\Desktop\New folder (2)\New folder\smart-tire-analyzer\dataset\raw\tread_images\IMG_9604 - Ubaid Elahi Baba.JPG,True
IMG_9607 - Ubaid Elahi Baba.JPG,C:\Users\user\OneDrive\Desktop\New folder (2)\New folder\smart-tire-analyzer\dataset\raw\tread_images\IMG_9607 - Ubaid Elahi Baba.JPG,True
IMG_9610 - Ubaid Elahi Baba.JPG,C:\Users\user\OneDrive\Desktop\New folder (2)\New folder\smart-tire-analyzer\dataset\raw\tread_images\IMG_9610 - Ubaid Elahi Baba.JPG,True
IMG_9613 - Ubaid Elahi Baba.JPG,C:\Users\user\OneDrive\Desktop\New folder (2)\New folder\smart-tire-analyzer\dataset\raw\tread_images\IMG_9613 - Ubaid Elahi Baba.JPG,False
IMG_9616 - Ubaid Elahi Baba.JPG,C:\Users\user\OneDrive\Desktop\New folder (2)\New folder\smart-tire-analyzer\dataset\raw\tread_images\IMG_9616 - Ubaid Elahi Baba.JPG,False
IMG_9619 - Ubaid Elahi Baba.JPG,C:\Users\user\OneDrive\Desktop\New folder (2)\New folder\smart-tire-analyzer\dataset\raw\tread_images\IMG_9619 - Ubaid Elahi Baba.JPG,True
IMG_9622 - Ubaid Elahi Baba.JPG,C:\Users\user\OneDrive\Desktop\New folder (2)\New folder\smart-tire-analyzer\dataset\raw\tread_images\IMG_9622 - Ubaid Elahi Baba.JPG,False
IMG_9847 - Viren Viren.JPG,C:\Users\user\OneDrive\Desktop\New folder (2)\New folder\smart-tire-analyzer\dataset\raw\tread_images\IMG_9847 - Viren Viren.JPG,True
IMG_9850 - Viren Viren.JPG,C:\Users\user\OneDrive\Desktop\New folder (2)\New folder\smart-tire-analyzer\dataset\raw\tread_images\IMG_9850 - Viren Viren.JPG,True
IMG_9853 - Viren Viren.JPG,C:\Users\user\OneDrive\Desktop\New folder (2)\New folder\smart-tire-analyzer\dataset\raw\tread_images\IMG_9853 - Viren Viren.JPG,True
IMG_9856 - Viren Viren.JPG,C:\Users\user\OneDrive\Desktop\New folder (2)\New folder\smart-tire-analyzer\dataset\raw\tread_images\IMG_9856 - Viren Viren.JPG,True
IMG_9859 - Viren Viren.JPG,C:\Users\user\OneDrive\Desktop\New folder (2)\New folder\smart-tire-analyzer\dataset\raw\tread_images\IMG_9859 - Viren Viren.JPG,True
IMG_9862 - Viren Viren.JPG,C:\Users\user\OneDrive\Desktop\New folder (2)\New folder\smart-tire-analyzer\dataset\raw\tread_images\IMG_9862 - Viren Viren.JPG,True
IMG_9866 - Viren Viren.JPG,C:\Users\user\OneDrive\Desktop\New folder (2)\New folder\smart-tire-analyzer\dataset\raw\tread_images\IMG_9866 - Viren Viren.JPG,True
IMG_9869 - Viren Viren.JPG,C:\Users\user\OneDrive\Desktop\New folder (2)\New folder\smart-tire-analyzer\dataset\raw\tread_images\IMG_9869 - Viren Viren.JPG,True
IMG_9872 - Viren Viren.JPG,C:\Users\user\OneDrive\Desktop\New folder (2)\New folder\smart-tire-analyzer\dataset\raw\tread_images\IMG_9872 - Viren Viren.JPG,False
IMG_9875 - Viren Viren.JPG,C:\Users\user\OneDrive\Desktop\New folder (2)\New folder\smart-tire-analyzer\dataset\raw\tread_images\IMG_9875 - Viren Viren.JPG,True
IMG_9878 - Viren Viren.JPG,C:\Users\user\OneDrive\Desktop\New folder (2)\New folder\smart-tire-analyzer\dataset\raw\tread_images\IMG_9878 - Viren Viren.JPG,True
IMG_9882 - Viren Viren.JPG,C:\Users\user\OneDrive\Desktop\New folder (2)\New folder\smart-tire-analyzer\dataset\raw\tread_images\IMG_9882 - Viren Viren.JPG,True
IMG_9885 - Viren Viren.JPG,C:\Users\user\OneDrive\Desktop\New folder (2)\New folder\smart-tire-analyzer\dataset\raw\tread_images\IMG_9885 - Viren Viren.JPG,True
IMG_9888 - Viren Viren.JPG,C:\Users\user\OneDrive\Desktop\New folder (2)\New folder\smart-tire-analyzer\dataset\raw\tread_images\IMG_9888 - Viren Viren.JPG,True
IMG_9891 - Viren Viren.JPG,C:\Users\user\OneDrive\Desktop\New folder (2)\New folder\smart-tire-analyzer\dataset\raw\tread_images\IMG_9891 - Viren Viren.JPG,True
IMG_9894 - Viren Viren.JPG,C:\Users\user\OneDrive\Desktop\New folder (2)\New folder\smart-tire-analyzer\dataset\raw\tread_images\IMG_9894 - Viren Viren.JPG,True
IMG_9897 - Viren Viren.JPG,C:\Users\user\OneDrive\Desktop\New folder (2)\New folder\smart-tire-analyzer\dataset\raw\tread_images\IMG_9897 - Viren Viren.JPG,True
IMG_9900 - Viren Viren.JPG,C:\Users\user\OneDrive\Desktop\New folder (2)\New folder\smart-tire-analyzer\dataset\raw\tread_images\IMG_9900 - Viren Viren.JPG,True
IMG_9903 - Viren Viren.JPG,C:\Users\user\OneDrive\Desktop\New folder (2)\New folder\smart-tire-analyzer\dataset\raw\tread_images\IMG_9903 - Viren Viren.JPG,True
IMG_9906 - Viren Viren.JPG,C:\Users\user\OneDrive\Desktop\New folder (2)\New folder\smart-tire-analyzer\dataset\raw\tread_images\IMG_9906 - Viren Viren.JPG,True
IMG_9910 - Viren Viren.JPG,C:\Users\user\OneDrive\Desktop\New folder (2)\New folder\smart-tire-analyzer\dataset\raw\tread_images\IMG_9910 - Viren Viren.JPG,True
IMG_9913 - Viren Viren.JPG,C:\Users\user\OneDrive\Desktop\New folder (2)\New folder\smart-tire-analyzer\dataset\raw\tread_images\IMG_9913 - Viren Viren.JPG,True
IMG_9916 - Viren Viren.JPG,C:\Users\user\OneDrive\Desktop\New folder (2)\New folder\smart-tire-analyzer\dataset\raw\tread_images\IMG_9916 - Viren Viren.JPG,True
IMG_9919 - Viren Viren.JPG,C:\Users\user\OneDrive\Desktop\New folder (2)\New folder\smart-tire-analyzer\dataset\raw\tread_images\IMG_9919 - Viren Viren.JPG,True
IMG_9923 - Viren Viren.JPG,C:\Users\user\OneDrive\Desktop\New folder (2)\New folder\smart-tire-analyzer\dataset\raw\tread_images\IMG_9923 - Viren Viren.JPG,True
IMG_9926 - Viren Viren.JPG,C:\Users\user\OneDrive\Desktop\New folder (2)\New folder\smart-tire-analyzer\dataset\raw\tread_images\IMG_9926 - Viren Viren.JPG,True
IMG_9930 - Viren Viren.JPG,C:\Users\user\OneDrive\Desktop\New folder (2)\New folder\smart-tire-analyzer\dataset\raw\tread_images\IMG_9930 - Viren Viren.JPG,True
IMG_9934 - Viren Viren.JPG,C:\Users\user\OneDrive\Desktop\New folder (2)\New folder\smart-tire-analyzer\dataset\raw\tread_images\IMG_9934 - Viren Viren.JPG,True
IMG_9938 - Viren Viren.JPG,C:\Users\user\OneDrive\Desktop\New folder (2)\New folder\smart-tire-analyzer\dataset\raw\tread_images\IMG_9938 - Viren Viren.JPG,True
IMG_9942 - Viren Viren.JPG,C:\Users\user\OneDrive\Desktop\New folder (2)\New folder\smart-tire-analyzer\dataset\raw\tread_images\IMG_9942 - Viren Viren.JPG,True
IMG_9946 - Viren Viren.JPG,C:\Users\user\OneDrive\Desktop\New folder (2)\New folder\smart-tire-analyzer\dataset\raw\tread_images\IMG_9946 - Viren Viren.JPG,True
IMG_9950 - Viren Viren.JPG,C:\Users\user\OneDrive\Desktop\New folder (2)\New folder\smart-tire-analyzer\dataset\raw\tread_images\IMG_9950 - Viren Viren.JPG,True
IMG_9954 - Viren Viren.JPG,C:\Users\user\OneDrive\Desktop\New folder (2)\New folder\smart-tire-analyzer\dataset\raw\tread_images\IMG_9954 - Viren Viren.JPG,True
IMG_9957 - Viren Viren.JPG,C:\Users\user\OneDrive\Desktop\New folder (2)\New folder\smart-tire-analyzer\dataset\raw\tread_images\IMG_9957 - Viren Viren.JPG,True
IMG_9960 - Viren Viren.JPG,C:\Users\user\OneDrive\Desktop\New folder (2)\New folder\smart-tire-analyzer\dataset\raw\tread_images\IMG_9960 - Viren Viren.JPG,True
IMG_9963 - Viren Viren.JPG,C:\Users\user\OneDrive\Desktop\New folder (2)\New folder\smart-tire-analyzer\dataset\raw\tread_images\IMG_9963 - Viren Viren.JPG,True
IMG_9966 - Viren Viren.JPG,C:\Users\user\OneDrive\Desktop\New folder (2)\New folder\smart-tire-analyzer\dataset\raw\tread_images\IMG_9966 - Viren Viren.JPG,True
IMG_9970 - Viren Viren.JPG,C:\Users\user\OneDrive\Desktop\New folder (2)\New folder\smart-tire-analyzer\dataset\raw\tread_images\IMG_9970 - Viren Viren.JPG,True
IMG_9974 - Viren Viren.JPG,C:\Users\user\OneDrive\Desktop\New folder (2)\New folder\smart-tire-analyzer\dataset\raw\tread_images\IMG_9974 - Viren Viren.JPG,True
IMG_9977 - Viren Viren.JPG,C:\Users\user\OneDrive\Desktop\New folder (2)\New folder\smart-tire-analyzer\dataset\raw\tread_images\IMG_9977 - Viren Viren.JPG,True
IMG_9980 - Viren Viren.JPG,C:\Users\user\OneDrive\Desktop\New folder (2)\New folder\smart-tire-analyzer\dataset\raw\tread_images\IMG_9980 - Viren Viren.JPG,True
IMG_9983 - Viren Viren.JPG,C:\Users\user\OneDrive\Desktop\New folder (2)\New folder\smart-tire-analyzer\dataset\raw\tread_images\IMG_9983 - Viren Viren.JPG,True
IMG_9986 - Viren Viren.JPG,C:\Users\user\OneDrive\Desktop\New folder (2)\New folder\smart-tire-analyzer\dataset\raw\tread_images\IMG_9986 - Viren Viren.JPG,True
IMG_9989 - Viren Viren.JPG,C:\Users\user\OneDrive\Desktop\New folder (2)\New folder\smart-tire-analyzer\dataset\raw\tread_images\IMG_9989 - Viren Viren.JPG,True
IMG_9992 - Viren Viren.JPG,C:\Users\user\OneDrive\Desktop\New folder (2)\New folder\smart-tire-analyzer\dataset\raw\tread_images\IMG_9992 - Viren Viren.JPG,True
IMG_9995 - Viren Viren.JPG,C:\Users\user\OneDrive\Desktop\New folder (2)\New folder\smart-tire-analyzer\dataset\raw\tread_images\IMG_9995 - Viren Viren.JPG,True
IMG_9998 - Viren Viren.JPG,C:\Users\user\OneDrive\Desktop\New folder (2)\New folder\smart-tire-analyzer\dataset\raw\tread_images\IMG_9998 - Viren Viren.JPG,True
IMG_0002 - Viren Viren.JPG,C:\Users\user\OneDrive\Desktop\New folder (2)\New folder\smart-tire-analyzer\dataset\raw\tread_images\IMG_0002 - Viren Viren.JPG,True
IMG_0005 - Viren Viren.JPG,C:\Users\user\OneDrive\Desktop\New folder (2)\New folder\smart-tire-analyzer\dataset\raw\tread_images\IMG_0005 - Viren Viren.JPG,True
IMG_0008 - Viren Viren.JPG,C:\Users\user\OneDrive\Desktop\New folder (2)\New folder\smart-tire-analyzer\dataset\raw\tread_images\IMG_0008 - Viren Viren.JPG,True
IMG_0011 - Viren Viren.JPG,C:\Users\user\OneDrive\Desktop\New folder (2)\New folder\smart-tire-analyzer\dataset\raw\tread_images\IMG_0011 - Viren Viren.JPG,True
IMG_0014 - Viren Viren.JPG,C:\Users\user\OneDrive\Desktop\New folder (2)\New folder\smart-tire-analyzer\dataset\raw\tread_images\IMG_0014 - Viren Viren.JPG,True
IMG_0017 - Viren Viren.JPG,C:\Users\user\OneDrive\Desktop\New folder (2)\New folder\smart-tire-analyzer\dataset\raw\tread_images\IMG_0017 - Viren Viren.JPG,True
IMG_0020 - Viren Viren.JPG,C:\Users\user\OneDrive\Desktop\New folder (2)\New folder\smart-tire-analyzer\dataset\raw\tread_images\IMG_0020 - Viren Viren.JPG,False
IMG_0023 - Viren Viren.JPG,C:\Users\user\OneDrive\Desktop\New folder (2)\New folder\smart-tire-analyzer\dataset\raw\tread_images\IMG_0023 - Viren Viren.JPG,True
IMG_0026 - Viren Viren.JPG,C:\Users\user\OneDrive\Desktop\New folder (2)\New folder\smart-tire-analyzer\dataset\raw\tread_images\IMG_0026 - Viren Viren.JPG,True
IMG_0029 - Viren Viren.JPG,C:\Users\user\OneDrive\Desktop\New folder (2)\New folder\smart-tire-analyzer\dataset\raw\tread_images\IMG_0029 - Viren Viren.JPG,True
IMG_0032 - Viren Viren.JPG,C:\Users\user\OneDrive\Desktop\New folder (2)\New folder\smart-tire-analyzer\dataset\raw\tread_images\IMG_0032 - Viren Viren.JPG,True
IMG_0035 - Viren Viren.JPG,C:\Users\user\OneDrive\Desktop\New folder (2)\New folder\smart-tire-analyzer\dataset\raw\tread_images\IMG_0035 - Viren Viren.JPG,True
IMG_0038 - Viren Viren.JPG,C:\Users\user\OneDrive\Desktop\New folder (2)\New folder\smart-tire-analyzer\dataset\raw\tread_images\IMG_0038 - Viren Viren.JPG,True
IMG_0041 - Viren Viren.JPG,C:\Users\user\OneDrive\Desktop\New folder (2)\New folder\smart-tire-analyzer\dataset\raw\tread_images\IMG_0041 - Viren Viren.JPG,False
IMG_0044 - Viren Viren.JPG,C:\Users\user\OneDrive\Desktop\New folder (2)\New folder\smart-tire-analyzer\dataset\raw\tread_images\IMG_0044 - Viren Viren.JPG,False
IMG_0047 - Viren Viren.JPG,C:\Users\user\OneDrive\Desktop\New folder (2)\New folder\smart-tire-analyzer\dataset\raw\tread_images\IMG_0047 - Viren Viren.JPG,False
IMG_0050 - Viren Viren.JPG,C:\Users\user\OneDrive\Desktop\New folder (2)\New folder\smart-tire-analyzer\dataset\raw\tread_images\IMG_0050 - Viren Viren.JPG,True
IMG_0053 - Viren Viren.JPG,C:\Users\user\OneDrive\Desktop\New folder (2)\New folder\smart-tire-analyzer\dataset\raw\tread_images\IMG_0053 - Viren Viren.JPG,True
IMG_0056 - Viren Viren.JPG,C:\Users\user\OneDrive\Desktop\New folder (2)\New folder\smart-tire-analyzer\dataset\raw\tread_images\IMG_0056 - Viren Viren.JPG,True
IMG_0059 - Viren Viren.JPG,C:\Users\user\OneDrive\Desktop\New folder (2)\New folder\smart-tire-analyzer\dataset\raw\tread_images\IMG_0059 - Viren Viren.JPG,False
IMG_0144 - Viren Viren.JPG,C:\Users\user\OneDrive\Desktop\New folder (2)\New folder\smart-tire-analyzer\dataset\raw\tread_images\IMG_0144 - Viren Viren.JPG,True
IMG_0147 - Viren Viren.JPG,C:\Users\user\OneDrive\Desktop\New folder (2)\New folder\smart-tire-analyzer\dataset\raw\tread_images\IMG_0147 - Viren Viren.JPG,True
IMG_0150 - Viren Viren.JPG,C:\Users\user\OneDrive\Desktop\New folder (2)\New folder\smart-tire-analyzer\dataset\raw\tread_images\IMG_0150 - Viren Viren.JPG,True
IMG_0153 - Viren Viren.JPG,C:\Users\user\OneDrive\Desktop\New folder (2)\New folder\smart-tire-analyzer\dataset\raw\tread_images\IMG_0153 - Viren Viren.JPG,True
IMG_0156 - Viren Viren.JPG,C:\Users\user\OneDrive\Desktop\New folder (2)\New folder\smart-tire-analyzer\dataset\raw\tread_images\IMG_0156 - Viren Viren.JPG,True
IMG_0159 - Viren Viren.JPG,C:\Users\user\OneDrive\Desktop\New folder (2)\New folder\smart-tire-analyzer\dataset\raw\tread_images\IMG_0159 - Viren Viren.JPG,True
IMG_0162 - Viren Viren.JPG,C:\Users\user\OneDrive\Desktop\New folder (2)\New folder\smart-tire-analyzer\dataset\raw\tread_images\IMG_0162 - Viren Viren.JPG,True
IMG_0165 - Viren Viren.JPG,C:\Users\user\OneDrive\Desktop\New folder (2)\New folder\smart-tire-analyzer\dataset\raw\tread_images\IMG_0165 - Viren Viren.JPG,True
IMG_0168 - Viren Viren.JPG,C:\Users\user\OneDrive\Desktop\New folder (2)\New folder\smart-tire-analyzer\dataset\raw\tread_images\IMG_0168 - Viren Viren.JPG,True
IMG_0171 - Viren Viren.JPG,C:\Users\user\OneDrive\Desktop\New folder (2)\New folder\smart-tire-analyzer\dataset\raw\tread_images\IMG_0171 - Viren Viren.JPG,True
IMG_0175 - Viren Viren.JPG,C:\Users\user\OneDrive\Desktop\New folder (2)\New folder\smart-tire-analyzer\dataset\raw\tread_images\IMG_0175 - Viren Viren.JPG,True
IMG_0177 - Viren Viren.JPG,C:\Users\user\OneDrive\Desktop\New folder (2)\New folder\smart-tire-analyzer\dataset\raw\tread_images\IMG_0177 - Viren Viren.JPG,True
IMG_0179 - Viren Viren.JPG,C:\Users\user\OneDrive\Desktop\New folder (2)\New folder\smart-tire-analyzer\dataset\raw\tread_images\IMG_0179 - Viren Viren.JPG,True
IMG_0181 - Viren Viren.JPG,C:\Users\user\OneDrive\Desktop\New folder (2)\New folder\smart-tire-analyzer\dataset\raw\tread_images\IMG_0181 - Viren Viren.JPG,True
IMG_0184 - Viren Viren.JPG,C:\Users\user\OneDrive\Desktop\New folder (2)\New folder\smart-tire-analyzer\dataset\raw\tread_images\IMG_0184 - Viren Viren.JPG,True
IMG_0187 - Viren Viren.JPG,C:\Users\user\OneDrive\Desktop\New folder (2)\New folder\smart-tire-analyzer\dataset\raw\tread_images\IMG_0187 - Viren Viren.JPG,True
IMG_0189 - Viren Viren.JPG,C:\Users\user\OneDrive\Desktop\New folder (2)\New folder\smart-tire-analyzer\dataset\raw\tread_images\IMG_0189 - Viren Viren.JPG,True
IMG_0192 - Viren Viren.JPG,C:\Users\user\OneDrive\Desktop\New folder (2)\New folder\smart-tire-analyzer\dataset\raw\tread_images\IMG_0192 - Viren Viren.JPG,True
IMG_0195 - Viren Viren.JPG,C:\Users\user\OneDrive\Desktop\New folder (2)\New folder\smart-tire-analyzer\dataset\raw\tread_images\IMG_0195 - Viren Viren.JPG,True
IMG_0200 - Viren Viren.JPG,C:\Users\user\OneDrive\Desktop\New folder (2)\New folder\smart-tire-analyzer\dataset\raw\tread_images\IMG_0200 - Viren Viren.JPG,True
IMG_0203 - Viren Viren.JPG,C:\Users\user\OneDrive\Desktop\New folder (2)\New folder\smart-tire-analyzer\dataset\raw\tread_images\IMG_0203 - Viren Viren.JPG,False
IMG_0206 - Viren Viren.JPG,C:\Users\user\OneDrive\Desktop\New folder (2)\New folder\smart-tire-analyzer\dataset\raw\tread_images\IMG_0206 - Viren Viren.JPG,False
IMG_0209 - Viren Viren.JPG,C:\Users\user\OneDrive\Desktop\New folder (2)\New folder\smart-tire-analyzer\dataset\raw\tread_images\IMG_0209 - Viren Viren.JPG,True
IMG_0212 - Viren Viren.JPG,C:\Users\user\OneDrive\Desktop\New folder (2)\New folder\smart-tire-analyzer\dataset\raw\tread_images\IMG_0212 - Viren Viren.JPG,False
IMG_0217 - Viren Viren.JPG,C:\Users\user\OneDrive\Desktop\New folder (2)\New folder\smart-tire-analyzer\dataset\raw\tread_images\IMG_0217 - Viren Viren.JPG,True
IMG_0222 - Viren Viren.JPG,C:\Users\user\OneDrive\Desktop\New folder (2)\New folder\smart-tire-analyzer\dataset\raw\tread_images\IMG_0222 - Viren Viren.JPG,True
IMG_0224 - Viren Viren.JPG,C:\Users\user\OneDrive\Desktop\New folder (2)\New folder\smart-tire-analyzer\dataset\raw\tread_images\IMG_0224 - Viren Viren.JPG,True
IMG_0227 - Viren Viren.JPG,C:\Users\user\OneDrive\Desktop\New folder (2)\New folder\smart-tire-analyzer\dataset\raw\tread_images\IMG_0227 - Viren Viren.JPG,True
IMG_0230 - Viren Viren.JPG,C:\Users\user\OneDrive\Desktop\New folder (2)\New folder\smart-tire-analyzer\dataset\raw\tread_images\IMG_0230 - Viren Viren.JPG,False
IMG_0233 - Viren Viren.JPG,C:\Users\user\OneDrive\Desktop\New folder (2)\New folder\smart-tire-analyzer\dataset\raw\tread_images\IMG_0233 - Viren Viren.JPG,True
IMG_0236 - Viren Viren.JPG,C:\Users\user\OneDrive\Desktop\New folder (2)\New folder\smart-tire-analyzer\dataset\raw\tread_images\IMG_0236 - Viren Viren.JPG,False
IMG_0239 - Viren Viren.JPG,C:\Users\user\OneDrive\Desktop\New folder (2)\New folder\smart-tire-analyzer\dataset\raw\tread_images\IMG_0239 - Viren Viren.JPG,False
IMG_0243 - Viren Viren.JPG,C:\Users\user\OneDrive\Desktop\New folder (2)\New folder\smart-tire-analyzer\dataset\raw\tread_images\IMG_0243 - Viren Viren.JPG,False
IMG_0247 - Viren Viren.JPG,C:\Users\user\OneDrive\Desktop\New folder (2)\New folder\smart-tire-analyzer\dataset\raw\tread_images\IMG_0247 - Viren Viren.JPG,True
IMG_0249 - Viren Viren.JPG,C:\Users\user\OneDrive\Desktop\New folder (2)\New folder\smart-tire-analyzer\dataset\raw\tread_images\IMG_0249 - Viren Viren.JPG,False
IMG_0252 - Viren Viren.JPG,C:\Users\user\OneDrive\Desktop\New folder (2)\New folder\smart-tire-analyzer\dataset\raw\tread_images\IMG_0252 - Viren Viren.JPG,False
IMG_0256 - Viren Viren.JPG,C:\Users\user\OneDrive\Desktop\New folder (2)\New folder\smart-tire-analyzer\dataset\raw\tread_images\IMG_0256 - Viren Viren.JPG,True
IMG_0260 - Viren Viren.JPG,C:\Users\user\OneDrive\Desktop\New folder (2)\New folder\smart-tire-analyzer\dataset\raw\tread_images\IMG_0260 - Viren Viren.JPG,True
IMG_0262 - Viren Viren.JPG,C:\Users\user\OneDrive\Desktop\New folder (2)\New folder\smart-tire-analyzer\dataset\raw\tread_images\IMG_0262 - Viren Viren.JPG,True
IMG_0265 - Viren Viren.JPG,C:\Users\user\OneDrive\Desktop\New folder (2)\New folder\smart-tire-analyzer\dataset\raw\tread_images\IMG_0265 - Viren Viren.JPG,False
IMG_0268 - Viren Viren.JPG,C:\Users\user\OneDrive\Desktop\New folder (2)\New folder\smart-tire-analyzer\dataset\raw\tread_images\IMG_0268 - Viren Viren.JPG,False
IMG_0271 - Viren Viren.JPG,C:\Users\user\OneDrive\Desktop\New folder (2)\New folder\smart-tire-analyzer\dataset\raw\tread_images\IMG_0271 - Viren Viren.JPG,True
IMG_0274 - Viren Viren.JPG,C:\Users\user\OneDrive\Desktop\New folder (2)\New folder\smart-tire-analyzer\dataset\raw\tread_images\IMG_0274 - Viren Viren.JPG,False
IMG_0277 - Viren Viren.JPG,C:\Users\user\OneDrive\Desktop\New folder (2)\New folder\smart-tire-analyzer\dataset\raw\tread_images\IMG_0277 - Viren Viren.JPG,True
IMG_0281 - Viren Viren.JPG,C:\Users\user\OneDrive\Desktop\New folder (2)\New folder\smart-tire-analyzer\dataset\raw\tread_images\IMG_0281 - Viren Viren.JPG,False
IMG_0284 - Viren Viren.JPG,C:\Users\user\OneDrive\Desktop\New folder (2)\New folder\smart-tire-analyzer\dataset\raw\tread_images\IMG_0284 - Viren Viren.JPG,True
IMG_0286 - Viren Viren.JPG,C:\Users\user\OneDrive\Desktop\New folder (2)\New folder\smart-tire-analyzer\dataset\raw\tread_images\IMG_0286 - Viren Viren.JPG,False
IMG_0289 - Viren Viren.JPG,C:\Users\user\OneDrive\Desktop\New folder (2)\New folder\smart-tire-analyzer\dataset\raw\tread_images\IMG_0289 - Viren Viren.JPG,True
IMG_0293 - Viren Viren.JPG,C:\Users\user\OneDrive\Desktop\New folder (2)\New folder\smart-tire-analyzer\dataset\raw\tread_images\IMG_0293 - Viren Viren.JPG,False
IMG_0296 - Viren Viren.JPG,C:\Users\user\OneDrive\Desktop\New folder (2)\New folder\smart-tire-analyzer\dataset\raw\tread_images\IMG_0296 - Viren Viren.JPG,True
IMG_0298 - Viren Viren.JPG,C:\Users\user\OneDrive\Desktop\New folder (2)\New folder\smart-tire-analyzer\dataset\raw\tread_images\IMG_0298 - Viren Viren.JPG,True
IMG_0301 - Viren Viren.JPG,C:\Users\user\OneDrive\Desktop\New folder (2)\New folder\smart-tire-analyzer\dataset\raw\tread_images\IMG_0301 - Viren Viren.JPG,False
IMG_0304 - Viren Viren.JPG,C:\Users\user\OneDrive\Desktop\New folder (2)\New folder\smart-tire-analyzer\dataset\raw\tread_images\IMG_0304 - Viren Viren.JPG,False
IMG_0308 - Viren Viren.JPG,C:\Users\user\OneDrive\Desktop\New folder (2)\New folder\smart-tire-analyzer\dataset\raw\tread_images\IMG_0308 - Viren Viren.JPG,False
IMG_0310 - Viren Viren.JPG,C:\Users\user\OneDrive\Desktop\New folder (2)\New folder\smart-tire-analyzer\dataset\raw\tread_images\IMG_0310 - Viren Viren.JPG,False
IMG_0313 - Viren Viren.JPG,C:\Users\user\OneDrive\Desktop\New folder (2)\New folder\smart-tire-analyzer\dataset\raw\tread_images\IMG_0313 - Viren Viren.JPG,False
IMG_0317 - Viren Viren.JPG,C:\Users\user\OneDrive\Desktop\New folder (2)\New folder\smart-tire-analyzer\dataset\raw\tread_images\IMG_0317 - Viren Viren.JPG,False
IMG_0320 - Viren Viren.JPG,C:\Users\user\OneDrive\Desktop\New folder (2)\New folder\smart-tire-analyzer\dataset\raw\tread_images\IMG_0320 - Viren Viren.JPG,False
IMG_0322 - Viren Viren.JPG,C:\Users\user\OneDrive\Desktop\New folder (2)\New folder\smart-tire-analyzer\dataset\raw\tread_images\IMG_0322 - Viren Viren.JPG,False
IMG_0325 - Viren Viren.JPG,C:\Users\user\OneDrive\Desktop\New folder (2)\New folder\smart-tire-analyzer\dataset\raw\tread_images\IMG_0325 - Viren Viren.JPG,False
IMG_0329 - Viren Viren.JPG,C:\Users\user\OneDrive\Desktop\New folder (2)\New folder\smart-tire-analyzer\dataset\raw\tread_images\IMG_0329 - Viren Viren.JPG,True
IMG_0332 - Viren Viren.JPG,C:\Users\user\OneDrive\Desktop\New folder (2)\New folder\smart-tire-analyzer\dataset\raw\tread_images\IMG_0332 - Viren Viren.JPG,True
IMG_0335 - Viren Viren.JPG,C:\Users\user\OneDrive\Desktop\New folder (2)\New folder\smart-tire-analyzer\dataset\raw\tread_images\IMG_0335 - Viren Viren.JPG,True
IMG20260325155830 - Viren Viren.jpg,C:\Users\user\OneDrive\Desktop\New folder (2)\New folder\smart-tire-analyzer\dataset\raw\tread_images\IMG20260325155830 - Viren Viren.jpg,True
IMG20260325155758 - Viren Viren.jpg,C:\Users\user\OneDrive\Desktop\New folder (2)\New folder\smart-tire-analyzer\dataset\raw\tread_images\IMG20260325155758 - Viren Viren.jpg,True
IMG20260325155725 - Viren Viren.jpg,C:\Users\user\OneDrive\Desktop\New folder (2)\New folder\smart-tire-analyzer\dataset\raw\tread_images\IMG20260325155725 - Viren Viren.jpg,False
IMG20260325155646 - Viren Viren.jpg,C:\Users\user\OneDrive\Desktop\New folder (2)\New folder\smart-tire-analyzer\dataset\raw\tread_images\IMG20260325155646 - Viren Viren.jpg,False
IMG20260325155613 - Viren Viren.jpg,C:\Users\user\OneDrive\Desktop\New folder (2)\New folder\smart-tire-analyzer\dataset\raw\tread_images\IMG20260325155613 - Viren Viren.jpg,True
IMG20260325155539 - Viren Viren.jpg,C:\Users\user\OneDrive\Desktop\New folder (2)\New folder\smart-tire-analyzer\dataset\raw\tread_images\IMG20260325155539 - Viren Viren.jpg,False
IMG20260325155505 - Viren Viren.jpg,C:\Users\user\OneDrive\Desktop\New folder (2)\New folder\smart-tire-analyzer\dataset\raw\tread_images\IMG20260325155505 - Viren Viren.jpg,False
IMG20260325155439 - Viren Viren.jpg,C:\Users\user\OneDrive\Desktop\New folder (2)\New folder\smart-tire-analyzer\dataset\raw\tread_images\IMG20260325155439 - Viren Viren.jpg,False
IMG20260325155356 - Viren Viren.jpg,C:\Users\user\OneDrive\Desktop\New folder (2)\New folder\smart-tire-analyzer\dataset\raw\tread_images\IMG20260325155356 - Viren Viren.jpg,True
IMG20260325155332 - Viren Viren.jpg,C:\Users\user\OneDrive\Desktop\New folder (2)\New folder\smart-tire-analyzer\dataset\raw\tread_images\IMG20260325155332 - Viren Viren.jpg,True
IMG20260325155257[1] - Viren Viren.jpg,C:\Users\user\OneDrive\Desktop\New folder (2)\New folder\smart-tire-analyzer\dataset\raw\tread_images\IMG20260325155257[1] - Viren Viren.jpg,True
IMG20260325155222[1] - Viren Viren.jpg,C:\Users\user\OneDrive\Desktop\New folder (2)\New folder\smart-tire-analyzer\dataset\raw\tread_images\IMG20260325155222[1] - Viren Viren.jpg,False
IMG20260325155146[1] - Viren Viren.jpg,C:\Users\user\OneDrive\Desktop\New folder (2)\New folder\smart-tire-analyzer\dataset\raw\tread_images\IMG20260325155146[1] - Viren Viren.jpg,True
IMG20260325155103[1] - Viren Viren.jpg,C:\Users\user\OneDrive\Desktop\New folder (2)\New folder\smart-tire-analyzer\dataset\raw\tread_images\IMG20260325155103[1] - Viren Viren.jpg,True
IMG20260325155025[1] - Viren Viren.jpg,C:\Users\user\OneDrive\Desktop\New folder (2)\New folder\smart-tire-analyzer\dataset\raw\tread_images\IMG20260325155025[1] - Viren Viren.jpg,False
IMG20260325154958[1] - Viren Viren.jpg,C:\Users\user\OneDrive\Desktop\New folder (2)\New folder\smart-tire-analyzer\dataset\raw\tread_images\IMG20260325154958[1] - Viren Viren.jpg,True
IMG20260325154919[1] - Viren Viren.jpg,C:\Users\user\OneDrive\Desktop\New folder (2)\New folder\smart-tire-analyzer\dataset\raw\tread_images\IMG20260325154919[1] - Viren Viren.jpg,False
IMG20260325154814[1] - Viren Viren.jpg,C:\Users\user\OneDrive\Desktop\New folder (2)\New folder\smart-tire-analyzer\dataset\raw\tread_images\IMG20260325154814[1] - Viren Viren.jpg,True
IMG20260325154706[1] - Viren Viren.jpg,C:\Users\user\OneDrive\Desktop\New folder (2)\New folder\smart-tire-analyzer\dataset\raw\tread_images\IMG20260325154706[1] - Viren Viren.jpg,True
IMG20260325154629[1] - Viren Viren.jpg,C:\Users\user\OneDrive\Desktop\New folder (2)\New folder\smart-tire-analyzer\dataset\raw\tread_images\IMG20260325154629[1] - Viren Viren.jpg,True
IMG20260325154559[1] - Viren Viren.jpg,C:\Users\user\OneDrive\Desktop\New folder (2)\New folder\smart-tire-analyzer\dataset\raw\tread_images\IMG20260325154559[1] - Viren Viren.jpg,True
IMG20260325154528[1] - Viren Viren.jpg,C:\Users\user\OneDrive\Desktop\New folder (2)\New folder\smart-tire-analyzer\dataset\raw\tread_images\IMG20260325154528[1] - Viren Viren.jpg,True
IMG20260325154502 - Viren Viren.jpg,C:\Users\user\OneDrive\Desktop\New folder (2)\New folder\smart-tire-analyzer\dataset\raw\tread_images\IMG20260325154502 - Viren Viren.jpg,True
IMG20260325154442[1] - Viren Viren.jpg,C:\Users\user\OneDrive\Desktop\New folder (2)\New folder\smart-tire-analyzer\dataset\raw\tread_images\IMG20260325154442[1] - Viren Viren.jpg,True
IMG20260325154416 - Viren Viren.jpg,C:\Users\user\OneDrive\Desktop\New folder (2)\New folder\smart-tire-analyzer\dataset\raw\tread_images\IMG20260325154416 - Viren Viren.jpg,False
IMG20260325154346[1] - Viren Viren.jpg,C:\Users\user\OneDrive\Desktop\New folder (2)\New folder\smart-tire-analyzer\dataset\raw\tread_images\IMG20260325154346[1] - Viren Viren.jpg,False
IMG20260325154313[1] - Viren Viren.jpg,C:\Users\user\OneDrive\Desktop\New folder (2)\New folder\smart-tire-analyzer\dataset\raw\tread_images\IMG20260325154313[1] - Viren Viren.jpg,True
IMG20260325154240[1] - Viren Viren.jpg,C:\Users\user\OneDrive\Desktop\New folder (2)\New folder\smart-tire-analyzer\dataset\raw\tread_images\IMG20260325154240[1] - Viren Viren.jpg,True
IMG20260325154151[1] - Viren Viren.jpg,C:\Users\user\OneDrive\Desktop\New folder (2)\New folder\smart-tire-analyzer\dataset\raw\tread_images\IMG20260325154151[1] - Viren Viren.jpg,True
IMG20260325154109 - Viren Viren.jpg,C:\Users\user\OneDrive\Desktop\New folder (2)\New folder\smart-tire-analyzer\dataset\raw\tread_images\IMG20260325154109 - Viren Viren.jpg,True
IMG20260325154018 - Viren Viren.jpg,C:\Users\user\OneDrive\Desktop\New folder (2)\New folder\smart-tire-analyzer\dataset\raw\tread_images\IMG20260325154018 - Viren Viren.jpg,True
IMG20260325153941 - Viren Viren.jpg,C:\Users\user\OneDrive\Desktop\New folder (2)\New folder\smart-tire-analyzer\dataset\raw\tread_images\IMG20260325153941 - Viren Viren.jpg,False
IMG20260325153836 - Viren Viren.jpg,C:\Users\user\OneDrive\Desktop\New folder (2)\New folder\smart-tire-analyzer\dataset\raw\tread_images\IMG20260325153836 - Viren Viren.jpg,True
IMG20260325153756 - Viren Viren.jpg,C:\Users\user\OneDrive\Desktop\New folder (2)\New folder\smart-tire-analyzer\dataset\raw\tread_images\IMG20260325153756 - Viren Viren.jpg,True
IMG20260325153652 - Viren Viren.jpg,C:\Users\user\OneDrive\Desktop\New folder (2)\New folder\smart-tire-analyzer\dataset\raw\tread_images\IMG20260325153652 - Viren Viren.jpg,True
IMG20260325153624 - Viren Viren.jpg,C:\Users\user\OneDrive\Desktop\New folder (2)\New folder\smart-tire-analyzer\dataset\raw\tread_images\IMG20260325153624 - Viren Viren.jpg,True
IMG20260325153543 - Viren Viren.jpg,C:\Users\user\OneDrive\Desktop\New folder (2)\New folder\smart-tire-analyzer\dataset\raw\tread_images\IMG20260325153543 - Viren Viren.jpg,False
IMG20260325153512 - Viren Viren.jpg,C:\Users\user\OneDrive\Desktop\New folder (2)\New folder\smart-tire-analyzer\dataset\raw\tread_images\IMG20260325153512 - Viren Viren.jpg,True
IMG20260325153420 - Viren Viren.jpg,C:\Users\user\OneDrive\Desktop\New folder (2)\New folder\smart-tire-analyzer\dataset\raw\tread_images\IMG20260325153420 - Viren Viren.jpg,True
IMG20260325153335 - Viren Viren.jpg,C:\Users\user\OneDrive\Desktop\New folder (2)\New folder\smart-tire-analyzer\dataset\raw\tread_images\IMG20260325153335 - Viren Viren.jpg,False
IMG20260330120034 - Viren Viren.jpg,C:\Users\user\OneDrive\Desktop\New folder (2)\New folder\smart-tire-analyzer\dataset\raw\tread_images\IMG20260330120034 - Viren Viren.jpg,False
IMG20260330120203 - Viren Viren.jpg,C:\Users\user\OneDrive\Desktop\New folder (2)\New folder\smart-tire-analyzer\dataset\raw\tread_images\IMG20260330120203 - Viren Viren.jpg,True
IMG20260330120232 - Viren Viren.jpg,C:\Users\user\OneDrive\Desktop\New folder (2)\New folder\smart-tire-analyzer\dataset\raw\tread_images\IMG20260330120232 - Viren Viren.jpg,False
IMG20260330120339 - Viren Viren.jpg,C:\Users\user\OneDrive\Desktop\New folder (2)\New folder\smart-tire-analyzer\dataset\raw\tread_images\IMG20260330120339 - Viren Viren.jpg,True
IMG20260330120413 - Viren Viren.jpg,C:\Users\user\OneDrive\Desktop\New folder (2)\New folder\smart-tire-analyzer\dataset\raw\tread_images\IMG20260330120413 - Viren Viren.jpg,True
IMG20260330120440 - Viren Viren.jpg,C:\Users\user\OneDrive\Desktop\New folder (2)\New folder\smart-tire-analyzer\dataset\raw\tread_images\IMG20260330120440 - Viren Viren.jpg,True
IMG20260330120518 - Viren Viren.jpg,C:\Users\user\OneDrive\Desktop\New folder (2)\New folder\smart-tire-analyzer\dataset\raw\tread_images\IMG20260330120518 - Viren Viren.jpg,True
IMG20260330120547 - Viren Viren.jpg,C:\Users\user\OneDrive\Desktop\New folder (2)\New folder\smart-tire-analyzer\dataset\raw\tread_images\IMG20260330120547 - Viren Viren.jpg,True
IMG20260330120615 - Viren Viren.jpg,C:\Users\user\OneDrive\Desktop\New folder (2)\New folder\smart-tire-analyzer\dataset\raw\tread_images\IMG20260330120615 - Viren Viren.jpg,True
IMG20260330120641 - Viren Viren.jpg,C:\Users\user\OneDrive\Desktop\New folder (2)\New folder\smart-tire-analyzer\dataset\raw\tread_images\IMG20260330120641 - Viren Viren.jpg,True
IMG20260330120720 - Viren Viren.jpg,C:\Users\user\OneDrive\Desktop\New folder (2)\New folder\smart-tire-analyzer\dataset\raw\tread_images\IMG20260330120720 - Viren Viren.jpg,True
IMG20260330120746 - Viren Viren.jpg,C:\Users\user\OneDrive\Desktop\New folder (2)\New folder\smart-tire-analyzer\dataset\raw\tread_images\IMG20260330120746 - Viren Viren.jpg,True
IMG20260330120816 - Viren Viren.jpg,C:\Users\user\OneDrive\Desktop\New folder (2)\New folder\smart-tire-analyzer\dataset\raw\tread_images\IMG20260330120816 - Viren Viren.jpg,True
IMG20260330120916 - Viren Viren.jpg,C:\Users\user\OneDrive\Desktop\New folder (2)\New folder\smart-tire-analyzer\dataset\raw\tread_images\IMG20260330120916 - Viren Viren.jpg,True
IMG20260330121012 - Viren Viren.jpg,C:\Users\user\OneDrive\Desktop\New folder (2)\New folder\smart-tire-analyzer\dataset\raw\tread_images\IMG20260330121012 - Viren Viren.jpg,True
IMG20260330121053 - Viren Viren.jpg,C:\Users\user\OneDrive\Desktop\New folder (2)\New folder\smart-tire-analyzer\dataset\raw\tread_images\IMG20260330121053 - Viren Viren.jpg,True
IMG20260330121118 - Viren Viren.jpg,C:\Users\user\OneDrive\Desktop\New folder (2)\New folder\smart-tire-analyzer\dataset\raw\tread_images\IMG20260330121118 - Viren Viren.jpg,True
IMG20260330121143 - Viren Viren.jpg,C:\Users\user\OneDrive\Desktop\New folder (2)\New folder\smart-tire-analyzer\dataset\raw\tread_images\IMG20260330121143 - Viren Viren.jpg,True
IMG20260330121219 - Viren Viren.jpg,C:\Users\user\OneDrive\Desktop\New folder (2)\New folder\smart-tire-analyzer\dataset\raw\tread_images\IMG20260330121219 - Viren Viren.jpg,True
IMG20260330121313 - Viren Viren.jpg,C:\Users\user\OneDrive\Desktop\New folder (2)\New folder\smart-tire-analyzer\dataset\raw\tread_images\IMG20260330121313 - Viren Viren.jpg,True
IMG20260330121512 - Viren Viren.jpg,C:\Users\user\OneDrive\Desktop\New folder (2)\New folder\smart-tire-analyzer\dataset\raw\tread_images\IMG20260330121512 - Viren Viren.jpg,False
IMG20260330121539 - Viren Viren.jpg,C:\Users\user\OneDrive\Desktop\New folder (2)\New folder\smart-tire-analyzer\dataset\raw\tread_images\IMG20260330121539 - Viren Viren.jpg,True
IMG20260330121605 - Viren Viren.jpg,C:\Users\user\OneDrive\Desktop\New folder (2)\New folder\smart-tire-analyzer\dataset\raw\tread_images\IMG20260330121605 - Viren Viren.jpg,True
IMG20260330121637 - Viren Viren.jpg,C:\Users\user\OneDrive\Desktop\New folder (2)\New folder\smart-tire-analyzer\dataset\raw\tread_images\IMG20260330121637 - Viren Viren.jpg,True
IMG20260330121702 - Viren Viren.jpg,C:\Users\user\OneDrive\Desktop\New folder (2)\New folder\smart-tire-analyzer\dataset\raw\tread_images\IMG20260330121702 - Viren Viren.jpg,True
IMG20260330121731 - Viren Viren.jpg,C:\Users\user\OneDrive\Desktop\New folder (2)\New folder\smart-tire-analyzer\dataset\raw\tread_images\IMG20260330121731 - Viren Viren.jpg,True
IMG20260330121759 - Viren Viren.jpg,C:\Users\user\OneDrive\Desktop\New folder (2)\New folder\smart-tire-analyzer\dataset\raw\tread_images\IMG20260330121759 - Viren Viren.jpg,True
IMG20260330121827 - Viren Viren.jpg,C:\Users\user\OneDrive\Desktop\New folder (2)\New folder\smart-tire-analyzer\dataset\raw\tread_images\IMG20260330121827 - Viren Viren.jpg,True
IMG20260330121935 - Viren Viren.jpg,C:\Users\user\OneDrive\Desktop\New folder (2)\New folder\smart-tire-analyzer\dataset\raw\tread_images\IMG20260330121935 - Viren Viren.jpg,True
IMG20260330122002 - Viren Viren.jpg,C:\Users\user\OneDrive\Desktop\New folder (2)\New folder\smart-tire-analyzer\dataset\raw\tread_images\IMG20260330122002 - Viren Viren.jpg,True
IMG20260330122037 - Viren Viren.jpg,C:\Users\user\OneDrive\Desktop\New folder (2)\New folder\smart-tire-analyzer\dataset\raw\tread_images\IMG20260330122037 - Viren Viren.jpg,True
IMG20260330122110 - Viren Viren.jpg,C:\Users\user\OneDrive\Desktop\New folder (2)\New folder\smart-tire-analyzer\dataset\raw\tread_images\IMG20260330122110 - Viren Viren.jpg,True
IMG20260330123443 - Viren Viren.jpg,C:\Users\user\OneDrive\Desktop\New folder (2)\New folder\smart-tire-analyzer\dataset\raw\tread_images\IMG20260330123443 - Viren Viren.jpg,True
IMG20260330123511 - Viren Viren.jpg,C:\Users\user\OneDrive\Desktop\New folder (2)\New folder\smart-tire-analyzer\dataset\raw\tread_images\IMG20260330123511 - Viren Viren.jpg,True
IMG20260330123554 - Viren Viren.jpg,C:\Users\user\OneDrive\Desktop\New folder (2)\New folder\smart-tire-analyzer\dataset\raw\tread_images\IMG20260330123554 - Viren Viren.jpg,True
IMG20260330123652 - Viren Viren.jpg,C:\Users\user\OneDrive\Desktop\New folder (2)\New folder\smart-tire-analyzer\dataset\raw\tread_images\IMG20260330123652 - Viren Viren.jpg,True
IMG20260330123753 - Viren Viren.jpg,C:\Users\user\OneDrive\Desktop\New folder (2)\New folder\smart-tire-analyzer\dataset\raw\tread_images\IMG20260330123753 - Viren Viren.jpg,True
IMG20260330123816 - Viren Viren.jpg,C:\Users\user\OneDrive\Desktop\New folder (2)\New folder\smart-tire-analyzer\dataset\raw\tread_images\IMG20260330123816 - Viren Viren.jpg,True
IMG20260330123854 - Viren Viren.jpg,C:\Users\user\OneDrive\Desktop\New folder (2)\New folder\smart-tire-analyzer\dataset\raw\tread_images\IMG20260330123854 - Viren Viren.jpg,False
IMG20260330123921 - Viren Viren.jpg,C:\Users\user\OneDrive\Desktop\New folder (2)\New folder\smart-tire-analyzer\dataset\raw\tread_images\IMG20260330123921 - Viren Viren.jpg,True
IMG20260330123943 - Viren Viren.jpg,C:\Users\user\OneDrive\Desktop\New folder (2)\New folder\smart-tire-analyzer\dataset\raw\tread_images\IMG20260330123943 - Viren Viren.jpg,True
IMG20260330124012 - Viren Viren.jpg,C:\Users\user\OneDrive\Desktop\New folder (2)\New folder\smart-tire-analyzer\dataset\raw\tread_images\IMG20260330124012 - Viren Viren.jpg,True
IMG20260330124054 - Viren Viren.jpg,C:\Users\user\OneDrive\Desktop\New folder (2)\New folder\smart-tire-analyzer\dataset\raw\tread_images\IMG20260330124054 - Viren Viren.jpg,True
IMG20260330124123 - Viren Viren.jpg,C:\Users\user\OneDrive\Desktop\New folder (2)\New folder\smart-tire-analyzer\dataset\raw\tread_images\IMG20260330124123 - Viren Viren.jpg,False
IMG20260330124145 - Viren Viren.jpg,C:\Users\user\OneDrive\Desktop\New folder (2)\New folder\smart-tire-analyzer\dataset\raw\tread_images\IMG20260330124145 - Viren Viren.jpg,False
IMG20260330124212 - Viren Viren.jpg,C:\Users\user\OneDrive\Desktop\New folder (2)\New folder\smart-tire-analyzer\dataset\raw\tread_images\IMG20260330124212 - Viren Viren.jpg,False
IMG20260330124240 - Viren Viren.jpg,C:\Users\user\OneDrive\Desktop\New folder (2)\New folder\smart-tire-analyzer\dataset\raw\tread_images\IMG20260330124240 - Viren Viren.jpg,False
IMG20260330124317 - Viren Viren.jpg,C:\Users\user\OneDrive\Desktop\New folder (2)\New folder\smart-tire-analyzer\dataset\raw\tread_images\IMG20260330124317 - Viren Viren.jpg,True
IMG20260330124343 - Viren Viren.jpg,C:\Users\user\OneDrive\Desktop\New folder (2)\New folder\smart-tire-analyzer\dataset\raw\tread_images\IMG20260330124343 - Viren Viren.jpg,False
IMG20260330124435 - Viren Viren.jpg,C:\Users\user\OneDrive\Desktop\New folder (2)\New folder\smart-tire-analyzer\dataset\raw\tread_images\IMG20260330124435 - Viren Viren.jpg,False
IMG20260330124500 - Viren Viren.jpg,C:\Users\user\OneDrive\Desktop\New folder (2)\New folder\smart-tire-analyzer\dataset\raw\tread_images\IMG20260330124500 - Viren Viren.jpg,False
IMG20260330124528 - Viren Viren.jpg,C:\Users\user\OneDrive\Desktop\New folder (2)\New folder\smart-tire-analyzer\dataset\raw\tread_images\IMG20260330124528 - Viren Viren.jpg,False
IMG20260330124552 - Viren Viren.jpg,C:\Users\user\OneDrive\Desktop\New folder (2)\New folder\smart-tire-analyzer\dataset\raw\tread_images\IMG20260330124552 - Viren Viren.jpg,False
IMG20260330124623 - Viren Viren.jpg,C:\Users\user\OneDrive\Desktop\New folder (2)\New folder\smart-tire-analyzer\dataset\raw\tread_images\IMG20260330124623 - Viren Viren.jpg,True
IMG20260330124648 - Viren Viren.jpg,C:\Users\user\OneDrive\Desktop\New folder (2)\New folder\smart-tire-analyzer\dataset\raw\tread_images\IMG20260330124648 - Viren Viren.jpg,False
IMG20260330124751 - Viren Viren.jpg,C:\Users\user\OneDrive\Desktop\New folder (2)\New folder\smart-tire-analyzer\dataset\raw\tread_images\IMG20260330124751 - Viren Viren.jpg,True
IMG20260330124820 - Viren Viren.jpg,C:\Users\user\OneDrive\Desktop\New folder (2)\New folder\smart-tire-analyzer\dataset\raw\tread_images\IMG20260330124820 - Viren Viren.jpg,False
IMG20260330124855 - Viren Viren.jpg,C:\Users\user\OneDrive\Desktop\New folder (2)\New folder\smart-tire-analyzer\dataset\raw\tread_images\IMG20260330124855 - Viren Viren.jpg,False
IMG20260330124919 - Viren Viren.jpg,C:\Users\user\OneDrive\Desktop\New folder (2)\New folder\smart-tire-analyzer\dataset\raw\tread_images\IMG20260330124919 - Viren Viren.jpg,False
IMG20260330125033 - Viren Viren.jpg,C:\Users\user\OneDrive\Desktop\New folder (2)\New folder\smart-tire-analyzer\dataset\raw\tread_images\IMG20260330125033 - Viren Viren.jpg,False
IMG20260330125055 - Viren Viren.jpg,C:\Users\user\OneDrive\Desktop\New folder (2)\New folder\smart-tire-analyzer\dataset\raw\tread_images\IMG20260330125055 - Viren Viren.jpg,False
IMG20260330125113 - Viren Viren.jpg,C:\Users\user\OneDrive\Desktop\New folder (2)\New folder\smart-tire-analyzer\dataset\raw\tread_images\IMG20260330125113 - Viren Viren.jpg,True
IMG20260330125139 - Viren Viren.jpg,C:\Users\user\OneDrive\Desktop\New folder (2)\New folder\smart-tire-analyzer\dataset\raw\tread_images\IMG20260330125139 - Viren Viren.jpg,False
IMG20260330125214 - Viren Viren.jpg,C:\Users\user\OneDrive\Desktop\New folder (2)\New folder\smart-tire-analyzer\dataset\raw\tread_images\IMG20260330125214 - Viren Viren.jpg,False
IMG20260330125302 - Viren Viren.jpg,C:\Users\user\OneDrive\Desktop\New folder (2)\New folder\smart-tire-analyzer\dataset\raw\tread_images\IMG20260330125302 - Viren Viren.jpg,False
IMG20260330125329 - Viren Viren.jpg,C:\Users\user\OneDrive\Desktop\New folder (2)\New folder\smart-tire-analyzer\dataset\raw\tread_images\IMG20260330125329 - Viren Viren.jpg,False
IMG20260330125535 - Viren Viren.jpg,C:\Users\user\OneDrive\Desktop\New folder (2)\New folder\smart-tire-analyzer\dataset\raw\tread_images\IMG20260330125535 - Viren Viren.jpg,False
IMG20260330125538 - Viren Viren.jpg,C:\Users\user\OneDrive\Desktop\New folder (2)\New folder\smart-tire-analyzer\dataset\raw\tread_images\IMG20260330125538 - Viren Viren.jpg,False
IMG20260330125542 - Viren Viren.jpg,C:\Users\user\OneDrive\Desktop\New folder (2)\New folder\smart-tire-analyzer\dataset\raw\tread_images\IMG20260330125542 - Viren Viren.jpg,False
IMG20260330125546 - Viren Viren.jpg,C:\Users\user\OneDrive\Desktop\New folder (2)\New folder\smart-tire-analyzer\dataset\raw\tread_images\IMG20260330125546 - Viren Viren.jpg,False
IMG20260330125556 - Viren Viren.jpg,C:\Users\user\OneDrive\Desktop\New folder (2)\New folder\smart-tire-analyzer\dataset\raw\tread_images\IMG20260330125556 - Viren Viren.jpg,False
IMG20260330125600 - Viren Viren.jpg,C:\Users\user\OneDrive\Desktop\New folder (2)\New folder\smart-tire-analyzer\dataset\raw\tread_images\IMG20260330125600 - Viren Viren.jpg,False
IMG20260330125611 - Viren Viren.jpg,C:\Users\user\OneDrive\Desktop\New folder (2)\New folder\smart-tire-analyzer\dataset\raw\tread_images\IMG20260330125611 - Viren Viren.jpg,False
IMG20260330125615 - Viren Viren.jpg,C:\Users\user\OneDrive\Desktop\New folder (2)\New folder\smart-tire-analyzer\dataset\raw\tread_images\IMG20260330125615 - Viren Viren.jpg,False
IMG20260330125619 - Viren Viren.jpg,C:\Users\user\OneDrive\Desktop\New folder (2)\New folder\smart-tire-analyzer\dataset\raw\tread_images\IMG20260330125619 - Viren Viren.jpg,False
IMG20260330125621 - Viren Viren.jpg,C:\Users\user\OneDrive\Desktop\New folder (2)\New folder\smart-tire-analyzer\dataset\raw\tread_images\IMG20260330125621 - Viren Viren.jpg,False
IMG20260330125635 - Viren Viren.jpg,C:\Users\user\OneDrive\Desktop\New folder (2)\New folder\smart-tire-analyzer\dataset\raw\tread_images\IMG20260330125635 - Viren Viren.jpg,False
IMG20260330125638 - Viren Viren.jpg,C:\Users\user\OneDrive\Desktop\New folder (2)\New folder\smart-tire-analyzer\dataset\raw\tread_images\IMG20260330125638 - Viren Viren.jpg,False
IMG20260330125643 - Viren Viren.jpg,C:\Users\user\OneDrive\Desktop\New folder (2)\New folder\smart-tire-analyzer\dataset\raw\tread_images\IMG20260330125643 - Viren Viren.jpg,False
IMG20260330125647 - Viren Viren.jpg,C:\Users\user\OneDrive\Desktop\New folder (2)\New folder\smart-tire-analyzer\dataset\raw\tread_images\IMG20260330125647 - Viren Viren.jpg,False
IMG20260330125806 - Viren Viren.jpg,C:\Users\user\OneDrive\Desktop\New folder (2)\New folder\smart-tire-analyzer\dataset\raw\tread_images\IMG20260330125806 - Viren Viren.jpg,True
IMG20260330125900 - Viren Viren.jpg,C:\Users\user\OneDrive\Desktop\New folder (2)\New folder\smart-tire-analyzer\dataset\raw\tread_images\IMG20260330125900 - Viren Viren.jpg,False
IMG20260330125938 - Viren Viren.jpg,C:\Users\user\OneDrive\Desktop\New folder (2)\New folder\smart-tire-analyzer\dataset\raw\tread_images\IMG20260330125938 - Viren Viren.jpg,False
IMG20260330130000 - Viren Viren.jpg,C:\Users\user\OneDrive\Desktop\New folder (2)\New folder\smart-tire-analyzer\dataset\raw\tread_images\IMG20260330130000 - Viren Viren.jpg,False
IMG20260402103749 - Viren Viren.jpg,C:\Users\user\OneDrive\Desktop\New folder (2)\New folder\smart-tire-analyzer\dataset\raw\tread_images\IMG20260402103749 - Viren Viren.jpg,True
IMG20260402103834 - Viren Viren.jpg,C:\Users\user\OneDrive\Desktop\New folder (2)\New folder\smart-tire-analyzer\dataset\raw\tread_images\IMG20260402103834 - Viren Viren.jpg,True
IMG20260402103903 - Viren Viren.jpg,C:\Users\user\OneDrive\Desktop\New folder (2)\New folder\smart-tire-analyzer\dataset\raw\tread_images\IMG20260402103903 - Viren Viren.jpg,True
IMG20260402103930 - Viren Viren.jpg,C:\Users\user\OneDrive\Desktop\New folder (2)\New folder\smart-tire-analyzer\dataset\raw\tread_images\IMG20260402103930 - Viren Viren.jpg,False
IMG20260402103954 - Viren Viren.jpg,C:\Users\user\OneDrive\Desktop\New folder (2)\New folder\smart-tire-analyzer\dataset\raw\tread_images\IMG20260402103954 - Viren Viren.jpg,True
IMG20260402104019 - Viren Viren.jpg,C:\Users\user\OneDrive\Desktop\New folder (2)\New folder\smart-tire-analyzer\dataset\raw\tread_images\IMG20260402104019 - Viren Viren.jpg,True
IMG20260402104055 - Viren Viren.jpg,C:\Users\user\OneDrive\Desktop\New folder (2)\New folder\smart-tire-analyzer\dataset\raw\tread_images\IMG20260402104055 - Viren Viren.jpg,True
IMG20260402104122 - Viren Viren.jpg,C:\Users\user\OneDrive\Desktop\New folder (2)\New folder\smart-tire-analyzer\dataset\raw\tread_images\IMG20260402104122 - Viren Viren.jpg,True
IMG20260402104209 - Viren Viren.jpg,C:\Users\user\OneDrive\Desktop\New folder (2)\New folder\smart-tire-analyzer\dataset\raw\tread_images\IMG20260402104209 - Viren Viren.jpg,True
IMG20260402104251 - Viren Viren.jpg,C:\Users\user\OneDrive\Desktop\New folder (2)\New folder\smart-tire-analyzer\dataset\raw\tread_images\IMG20260402104251 - Viren Viren.jpg,True
IMG20260402104320 - Viren Viren.jpg,C:\Users\user\OneDrive\Desktop\New folder (2)\New folder\smart-tire-analyzer\dataset\raw\tread_images\IMG20260402104320 - Viren Viren.jpg,True
IMG20260402104401 - Viren Viren.jpg,C:\Users\user\OneDrive\Desktop\New folder (2)\New folder\smart-tire-analyzer\dataset\raw\tread_images\IMG20260402104401 - Viren Viren.jpg,True
IMG20260402104429 - Viren Viren.jpg,C:\Users\user\OneDrive\Desktop\New folder (2)\New folder\smart-tire-analyzer\dataset\raw\tread_images\IMG20260402104429 - Viren Viren.jpg,True
IMG20260402104452 - Viren Viren.jpg,C:\Users\user\OneDrive\Desktop\New folder (2)\New folder\smart-tire-analyzer\dataset\raw\tread_images\IMG20260402104452 - Viren Viren.jpg,True
IMG20260402105926 - Viren Viren.jpg,C:\Users\user\OneDrive\Desktop\New folder (2)\New folder\smart-tire-analyzer\dataset\raw\tread_images\IMG20260402105926 - Viren Viren.jpg,True
IMG20260402110056 - Viren Viren.jpg,C:\Users\user\OneDrive\Desktop\New folder (2)\New folder\smart-tire-analyzer\dataset\raw\tread_images\IMG20260402110056 - Viren Viren.jpg,True
IMG20260402110125 - Viren Viren.jpg,C:\Users\user\OneDrive\Desktop\New folder (2)\New folder\smart-tire-analyzer\dataset\raw\tread_images\IMG20260402110125 - Viren Viren.jpg,True
IMG20260402110152 - Viren Viren.jpg,C:\Users\user\OneDrive\Desktop\New folder (2)\New folder\smart-tire-analyzer\dataset\raw\tread_images\IMG20260402110152 - Viren Viren.jpg,True
IMG20260402110219 - Viren Viren.jpg,C:\Users\user\OneDrive\Desktop\New folder (2)\New folder\smart-tire-analyzer\dataset\raw\tread_images\IMG20260402110219 - Viren Viren.jpg,True
IMG20260402110241 - Viren Viren.jpg,C:\Users\user\OneDrive\Desktop\New folder (2)\New folder\smart-tire-analyzer\dataset\raw\tread_images\IMG20260402110241 - Viren Viren.jpg,True
IMG20260402110317 - Viren Viren.jpg,C:\Users\user\OneDrive\Desktop\New folder (2)\New folder\smart-tire-analyzer\dataset\raw\tread_images\IMG20260402110317 - Viren Viren.jpg,True
IMG20260402110351 - Viren Viren.jpg,C:\Users\user\OneDrive\Desktop\New folder (2)\New folder\smart-tire-analyzer\dataset\raw\tread_images\IMG20260402110351 - Viren Viren.jpg,True
IMG20260402110418 - Viren Viren.jpg,C:\Users\user\OneDrive\Desktop\New folder (2)\New folder\smart-tire-analyzer\dataset\raw\tread_images\IMG20260402110418 - Viren Viren.jpg,True
IMG20260402110445 - Viren Viren.jpg,C:\Users\user\OneDrive\Desktop\New folder (2)\New folder\smart-tire-analyzer\dataset\raw\tread_images\IMG20260402110445 - Viren Viren.jpg,True
IMG20260402110513 - Viren Viren.jpg,C:\Users\user\OneDrive\Desktop\New folder (2)\New folder\smart-tire-analyzer\dataset\raw\tread_images\IMG20260402110513 - Viren Viren.jpg,True
IMG20260402110540 - Viren Viren.jpg,C:\Users\user\OneDrive\Desktop\New folder (2)\New folder\smart-tire-analyzer\dataset\raw\tread_images\IMG20260402110540 - Viren Viren.jpg,True
IMG20260402110605 - Viren Viren.jpg,C:\Users\user\OneDrive\Desktop\New folder (2)\New folder\smart-tire-analyzer\dataset\raw\tread_images\IMG20260402110605 - Viren Viren.jpg,True
IMG20260402110708 - Viren Viren.jpg,C:\Users\user\OneDrive\Desktop\New folder (2)\New folder\smart-tire-analyzer\dataset\raw\tread_images\IMG20260402110708 - Viren Viren.jpg,True
IMG20260402110743 - Viren Viren.jpg,C:\Users\user\OneDrive\Desktop\New folder (2)\New folder\smart-tire-analyzer\dataset\raw\tread_images\IMG20260402110743 - Viren Viren.jpg,True
IMG20260402110807 - Viren Viren.jpg,C:\Users\user\OneDrive\Desktop\New folder (2)\New folder\smart-tire-analyzer\dataset\raw\tread_images\IMG20260402110807 - Viren Viren.jpg,True
IMG20260402110833 - Viren Viren.jpg,C:\Users\user\OneDrive\Desktop\New folder (2)\New folder\smart-tire-analyzer\dataset\raw\tread_images\IMG20260402110833 - Viren Viren.jpg,True
IMG20260402110930 - Viren Viren.jpg,C:\Users\user\OneDrive\Desktop\New folder (2)\New folder\smart-tire-analyzer\dataset\raw\tread_images\IMG20260402110930 - Viren Viren.jpg,True
IMG20260402111001 - Viren Viren.jpg,C:\Users\user\OneDrive\Desktop\New folder (2)\New folder\smart-tire-analyzer\dataset\raw\tread_images\IMG20260402111001 - Viren Viren.jpg,True
IMG20260402111023 - Viren Viren.jpg,C:\Users\user\OneDrive\Desktop\New folder (2)\New folder\smart-tire-analyzer\dataset\raw\tread_images\IMG20260402111023 - Viren Viren.jpg,False
IMG20260402111050 - Viren Viren.jpg,C:\Users\user\OneDrive\Desktop\New folder (2)\New folder\smart-tire-analyzer\dataset\raw\tread_images\IMG20260402111050 - Viren Viren.jpg,True
IMG20260402111110 - Viren Viren.jpg,C:\Users\user\OneDrive\Desktop\New folder (2)\New folder\smart-tire-analyzer\dataset\raw\tread_images\IMG20260402111110 - Viren Viren.jpg,True
IMG20260402111137 - Viren Viren.jpg,C:\Users\user\OneDrive\Desktop\New folder (2)\New folder\smart-tire-analyzer\dataset\raw\tread_images\IMG20260402111137 - Viren Viren.jpg,True
IMG20260402111159 - Viren Viren.jpg,C:\Users\user\OneDrive\Desktop\New folder (2)\New folder\smart-tire-analyzer\dataset\raw\tread_images\IMG20260402111159 - Viren Viren.jpg,True
IMG20260402111223 - Viren Viren.jpg,C:\Users\user\OneDrive\Desktop\New folder (2)\New folder\smart-tire-analyzer\dataset\raw\tread_images\IMG20260402111223 - Viren Viren.jpg,True
IMG20260402111251 - Viren Viren.jpg,C:\Users\user\OneDrive\Desktop\New folder (2)\New folder\smart-tire-analyzer\dataset\raw\tread_images\IMG20260402111251 - Viren Viren.jpg,True
IMG20260402111315 - Viren Viren.jpg,C:\Users\user\OneDrive\Desktop\New folder (2)\New folder\smart-tire-analyzer\dataset\raw\tread_images\IMG20260402111315 - Viren Viren.jpg,True
IMG20260402111346 - Viren Viren.jpg,C:\Users\user\OneDrive\Desktop\New folder (2)\New folder\smart-tire-analyzer\dataset\raw\tread_images\IMG20260402111346 - Viren Viren.jpg,True
IMG20260402111443 - Viren Viren.jpg,C:\Users\user\OneDrive\Desktop\New folder (2)\New folder\smart-tire-analyzer\dataset\raw\tread_images\IMG20260402111443 - Viren Viren.jpg,False
IMG20260402111501 - Viren Viren.jpg,C:\Users\user\OneDrive\Desktop\New folder (2)\New folder\smart-tire-analyzer\dataset\raw\tread_images\IMG20260402111501 - Viren Viren.jpg,True
IMG20260402111546 - Viren Viren.jpg,C:\Users\user\OneDrive\Desktop\New folder (2)\New folder\smart-tire-analyzer\dataset\raw\tread_images\IMG20260402111546 - Viren Viren.jpg,True
IMG20260402111613 - Viren Viren.jpg,C:\Users\user\OneDrive\Desktop\New folder (2)\New folder\smart-tire-analyzer\dataset\raw\tread_images\IMG20260402111613 - Viren Viren.jpg,True
IMG20260402111638 - Viren Viren.jpg,C:\Users\user\OneDrive\Desktop\New folder (2)\New folder\smart-tire-analyzer\dataset\raw\tread_images\IMG20260402111638 - Viren Viren.jpg,True
IMG20260402111701 - Viren Viren.jpg,C:\Users\user\OneDrive\Desktop\New folder (2)\New folder\smart-tire-analyzer\dataset\raw\tread_images\IMG20260402111701 - Viren Viren.jpg,True
IMG20260402111822 - Viren Viren.jpg,C:\Users\user\OneDrive\Desktop\New folder (2)\New folder\smart-tire-analyzer\dataset\raw\tread_images\IMG20260402111822 - Viren Viren.jpg,True
IMG20260402111848 - Viren Viren.jpg,C:\Users\user\OneDrive\Desktop\New folder (2)\New folder\smart-tire-analyzer\dataset\raw\tread_images\IMG20260402111848 - Viren Viren.jpg,True
IMG20260402111938 - Viren Viren.jpg,C:\Users\user\OneDrive\Desktop\New folder (2)\New folder\smart-tire-analyzer\dataset\raw\tread_images\IMG20260402111938 - Viren Viren.jpg,True
IMG20260402112016 - Viren Viren.jpg,C:\Users\user\OneDrive\Desktop\New folder (2)\New folder\smart-tire-analyzer\dataset\raw\tread_images\IMG20260402112016 - Viren Viren.jpg,True
IMG20260402112044 - Viren Viren.jpg,C:\Users\user\OneDrive\Desktop\New folder (2)\New folder\smart-tire-analyzer\dataset\raw\tread_images\IMG20260402112044 - Viren Viren.jpg,True
IMG20260402112147 - Viren Viren.jpg,C:\Users\user\OneDrive\Desktop\New folder (2)\New folder\smart-tire-analyzer\dataset\raw\tread_images\IMG20260402112147 - Viren Viren.jpg,True
IMG20260402112205 - Viren Viren.jpg,C:\Users\user\OneDrive\Desktop\New folder (2)\New folder\smart-tire-analyzer\dataset\raw\tread_images\IMG20260402112205 - Viren Viren.jpg,True
IMG20260402112223 - Viren Viren.jpg,C:\Users\user\OneDrive\Desktop\New folder (2)\New folder\smart-tire-analyzer\dataset\raw\tread_images\IMG20260402112223 - Viren Viren.jpg,True
IMG20260402112249 - Viren Viren.jpg,C:\Users\user\OneDrive\Desktop\New folder (2)\New folder\smart-tire-analyzer\dataset\raw\tread_images\IMG20260402112249 - Viren Viren.jpg,True
IMG20260402112317 - Viren Viren.jpg,C:\Users\user\OneDrive\Desktop\New folder (2)\New folder\smart-tire-analyzer\dataset\raw\tread_images\IMG20260402112317 - Viren Viren.jpg,True
IMG20260402112351 - Viren Viren.jpg,C:\Users\user\OneDrive\Desktop\New folder (2)\New folder\smart-tire-analyzer\dataset\raw\tread_images\IMG20260402112351 - Viren Viren.jpg,True
IMG20260402112422 - Viren Viren.jpg,C:\Users\user\OneDrive\Desktop\New folder (2)\New folder\smart-tire-analyzer\dataset\raw\tread_images\IMG20260402112422 - Viren Viren.jpg,True
IMG20260402112447 - Viren Viren.jpg,C:\Users\user\OneDrive\Desktop\New folder (2)\New folder\smart-tire-analyzer\dataset\raw\tread_images\IMG20260402112447 - Viren Viren.jpg,True
IMG20260402112521 - Viren Viren.jpg,C:\Users\user\OneDrive\Desktop\New folder (2)\New folder\smart-tire-analyzer\dataset\raw\tread_images\IMG20260402112521 - Viren Viren.jpg,True
IMG20260402112552 - Viren Viren.jpg,C:\Users\user\OneDrive\Desktop\New folder (2)\New folder\smart-tire-analyzer\dataset\raw\tread_images\IMG20260402112552 - Viren Viren (1).jpg,True
IMG20260402112617 - Viren Viren.jpg,C:\Users\user\OneDrive\Desktop\New folder (2)\New folder\smart-tire-analyzer\dataset\raw\tread_images\IMG20260402112617 - Viren Viren.jpg,False
IMG20260402112648 - Viren Viren.jpg,C:\Users\user\OneDrive\Desktop\New folder (2)\New folder\smart-tire-analyzer\dataset\raw\tread_images\IMG20260402112648 - Viren Viren.jpg,True
IMG20260402112716 - Viren Viren.jpg,C:\Users\user\OneDrive\Desktop\New folder (2)\New folder\smart-tire-analyzer\dataset\raw\tread_images\IMG20260402112716 - Viren Viren.jpg,True
IMG20260402112748 - Viren Viren.jpg,C:\Users\user\OneDrive\Desktop\New folder (2)\New folder\smart-tire-analyzer\dataset\raw\tread_images\IMG20260402112748 - Viren Viren.jpg,True
IMG20260406113429 - Viren Viren.jpg,C:\Users\user\OneDrive\Desktop\New folder (2)\New folder\smart-tire-analyzer\dataset\raw\tread_images\IMG20260406113429 - Viren Viren.jpg,False
IMG20260406113440 - Viren Viren.jpg,C:\Users\user\OneDrive\Desktop\New folder (2)\New folder\smart-tire-analyzer\dataset\raw\tread_images\IMG20260406113440 - Viren Viren.jpg,True
IMG20260406113448 - Viren Viren.jpg,C:\Users\user\OneDrive\Desktop\New folder (2)\New folder\smart-tire-analyzer\dataset\raw\tread_images\IMG20260406113448 - Viren Viren.jpg,False
IMG20260406113454 - Viren Viren.jpg,C:\Users\user\OneDrive\Desktop\New folder (2)\New folder\smart-tire-analyzer\dataset\raw\tread_images\IMG20260406113454 - Viren Viren.jpg,False
IMG20260406113459 - Viren Viren.jpg,C:\Users\user\OneDrive\Desktop\New folder (2)\New folder\smart-tire-analyzer\dataset\raw\tread_images\IMG20260406113459 - Viren Viren.jpg,False
IMG20260406113505 - Viren Viren.jpg,C:\Users\user\OneDrive\Desktop\New folder (2)\New folder\smart-tire-analyzer\dataset\raw\tread_images\IMG20260406113505 - Viren Viren.jpg,False
IMG20260406113516 - Viren Viren.jpg,C:\Users\user\OneDrive\Desktop\New folder (2)\New folder\smart-tire-analyzer\dataset\raw\tread_images\IMG20260406113516 - Viren Viren.jpg,False
IMG20260406113521 - Viren Viren.jpg,C:\Users\user\OneDrive\Desktop\New folder (2)\New folder\smart-tire-analyzer\dataset\raw\tread_images\IMG20260406113521 - Viren Viren.jpg,False
IMG20260406113529 - Viren Viren.jpg,C:\Users\user\OneDrive\Desktop\New folder (2)\New folder\smart-tire-analyzer\dataset\raw\tread_images\IMG20260406113529 - Viren Viren.jpg,False
IMG20260406113534 - Viren Viren.jpg,C:\Users\user\OneDrive\Desktop\New folder (2)\New folder\smart-tire-analyzer\dataset\raw\tread_images\IMG20260406113534 - Viren Viren.jpg,False
IMG20260406113554 - Viren Viren.jpg,C:\Users\user\OneDrive\Desktop\New folder (2)\New folder\smart-tire-analyzer\dataset\raw\tread_images\IMG20260406113554 - Viren Viren.jpg,False
IMG20260406113559 - Viren Viren.jpg,C:\Users\user\OneDrive\Desktop\New folder (2)\New folder\smart-tire-analyzer\dataset\raw\tread_images\IMG20260406113559 - Viren Viren.jpg,False
IMG20260406113604 - Viren Viren.jpg,C:\Users\user\OneDrive\Desktop\New folder (2)\New folder\smart-tire-analyzer\dataset\raw\tread_images\IMG20260406113604 - Viren Viren.jpg,False
IMG20260406113610 - Viren Viren.jpg,C:\Users\user\OneDrive\Desktop\New folder (2)\New folder\smart-tire-analyzer\dataset\raw\tread_images\IMG20260406113610 - Viren Viren.jpg,True
IMG20260406113614 - Viren Viren.jpg,C:\Users\user\OneDrive\Desktop\New folder (2)\New folder\smart-tire-analyzer\dataset\raw\tread_images\IMG20260406113614 - Viren Viren.jpg,False
IMG20260406113618 - Viren Viren.jpg,C:\Users\user\OneDrive\Desktop\New folder (2)\New folder\smart-tire-analyzer\dataset\raw\tread_images\IMG20260406113618 - Viren Viren.jpg,False
IMG20260406113622 - Viren Viren.jpg,C:\Users\user\OneDrive\Desktop\New folder (2)\New folder\smart-tire-analyzer\dataset\raw\tread_images\IMG20260406113622 - Viren Viren.jpg,False
IMG20260406113629 - Viren Viren.jpg,C:\Users\user\OneDrive\Desktop\New folder (2)\New folder\smart-tire-analyzer\dataset\raw\tread_images\IMG20260406113629 - Viren Viren.jpg,False
IMG20260406113637 - Viren Viren.jpg,C:\Users\user\OneDrive\Desktop\New folder (2)\New folder\smart-tire-analyzer\dataset\raw\tread_images\IMG20260406113637 - Viren Viren.jpg,False
IMG20260406113648 - Viren Viren.jpg,C:\Users\user\OneDrive\Desktop\New folder (2)\New folder\smart-tire-analyzer\dataset\raw\tread_images\IMG20260406113648 - Viren Viren.jpg,False
IMG20260406113652 - Viren Viren.jpg,C:\Users\user\OneDrive\Desktop\New folder (2)\New folder\smart-tire-analyzer\dataset\raw\tread_images\IMG20260406113652 - Viren Viren.jpg,False
IMG20260406113656 - Viren Viren.jpg,C:\Users\user\OneDrive\Desktop\New folder (2)\New folder\smart-tire-analyzer\dataset\raw\tread_images\IMG20260406113656 - Viren Viren.jpg,True
IMG20260406113705 - Viren Viren.jpg,C:\Users\user\OneDrive\Desktop\New folder (2)\New folder\smart-tire-analyzer\dataset\raw\tread_images\IMG20260406113705 - Viren Viren.jpg,True
IMG20260406113712 - Viren Viren.jpg,C:\Users\user\OneDrive\Desktop\New folder (2)\New folder\smart-tire-analyzer\dataset\raw\tread_images\IMG20260406113712 - Viren Viren.jpg,False
IMG20260406113716 - Viren Viren.jpg,C:\Users\user\OneDrive\Desktop\New folder (2)\New folder\smart-tire-analyzer\dataset\raw\tread_images\IMG20260406113716 - Viren Viren.jpg,False
IMG20260406113726 - Viren Viren.jpg,C:\Users\user\OneDrive\Desktop\New folder (2)\New folder\smart-tire-analyzer\dataset\raw\tread_images\IMG20260406113726 - Viren Viren.jpg,False
IMG20260406113736 - Viren Viren.jpg,C:\Users\user\OneDrive\Desktop\New folder (2)\New folder\smart-tire-analyzer\dataset\raw\tread_images\IMG20260406113736 - Viren Viren.jpg,True
IMG20260406113740 - Viren Viren.jpg,C:\Users\user\OneDrive\Desktop\New folder (2)\New folder\smart-tire-analyzer\dataset\raw\tread_images\IMG20260406113740 - Viren Viren.jpg,False
IMG20260406113752 - Viren Viren.jpg,C:\Users\user\OneDrive\Desktop\New folder (2)\New folder\smart-tire-analyzer\dataset\raw\tread_images\IMG20260406113752 - Viren Viren.jpg,False
IMG20260406113756 - Viren Viren.jpg,C:\Users\user\OneDrive\Desktop\New folder (2)\New folder\smart-tire-analyzer\dataset\raw\tread_images\IMG20260406113756 - Viren Viren.jpg,False
IMG20260406113813 - Viren Viren.jpg,C:\Users\user\OneDrive\Desktop\New folder (2)\New folder\smart-tire-analyzer\dataset\raw\tread_images\IMG20260406113813 - Viren Viren.jpg,False
IMG20260406113829 - Viren Viren.jpg,C:\Users\user\OneDrive\Desktop\New folder (2)\New folder\smart-tire-analyzer\dataset\raw\tread_images\IMG20260406113829 - Viren Viren.jpg,True
IMG20260406113833 - Viren Viren.jpg,C:\Users\user\OneDrive\Desktop\New folder (2)\New folder\smart-tire-analyzer\dataset\raw\tread_images\IMG20260406113833 - Viren Viren.jpg,False
IMG20260406113844 - Viren Viren.jpg,C:\Users\user\OneDrive\Desktop\New folder (2)\New folder\smart-tire-analyzer\dataset\raw\tread_images\IMG20260406113844 - Viren Viren.jpg,False
IMG20260406113920 - Viren Viren.jpg,C:\Users\user\OneDrive\Desktop\New folder (2)\New folder\smart-tire-analyzer\dataset\raw\tread_images\IMG20260406113920 - Viren Viren.jpg,False
IMG20260406113925 - Viren Viren.jpg,C:\Users\user\OneDrive\Desktop\New folder (2)\New folder\smart-tire-analyzer\dataset\raw\tread_images\IMG20260406113925 - Viren Viren.jpg,False
IMG20260406113959 - Viren Viren.jpg,C:\Users\user\OneDrive\Desktop\New folder (2)\New folder\smart-tire-analyzer\dataset\raw\tread_images\IMG20260406113959 - Viren Viren.jpg,False
IMG20260406114008 - Viren Viren.jpg,C:\Users\user\OneDrive\Desktop\New folder (2)\New folder\smart-tire-analyzer\dataset\raw\tread_images\IMG20260406114008 - Viren Viren.jpg,False
IMG20260406114013 - Viren Viren.jpg,C:\Users\user\OneDrive\Desktop\New folder (2)\New folder\smart-tire-analyzer\dataset\raw\tread_images\IMG20260406114013 - Viren Viren.jpg,False
IMG20260406114020 - Viren Viren.jpg,C:\Users\user\OneDrive\Desktop\New folder (2)\New folder\smart-tire-analyzer\dataset\raw\tread_images\IMG20260406114020 - Viren Viren.jpg,True
IMG20260406114024 - Viren Viren.jpg,C:\Users\user\OneDrive\Desktop\New folder (2)\New folder\smart-tire-analyzer\dataset\raw\tread_images\IMG20260406114024 - Viren Viren.jpg,True
IMG20260406114028 - Viren Viren.jpg,C:\Users\user\OneDrive\Desktop\New folder (2)\New folder\smart-tire-analyzer\dataset\raw\tread_images\IMG20260406114028 - Viren Viren.jpg,False
IMG20260406114032 - Viren Viren.jpg,C:\Users\user\OneDrive\Desktop\New folder (2)\New folder\smart-tire-analyzer\dataset\raw\tread_images\IMG20260406114032 - Viren Viren.jpg,False
IMG20260406114035 - Viren Viren.jpg,C:\Users\user\OneDrive\Desktop\New folder (2)\New folder\smart-tire-analyzer\dataset\raw\tread_images\IMG20260406114035 - Viren Viren.jpg,False
IMG20260406114038 - Viren Viren.jpg,C:\Users\user\OneDrive\Desktop\New folder (2)\New folder\smart-tire-analyzer\dataset\raw\tread_images\IMG20260406114038 - Viren Viren.jpg,False
IMG20260406114111 - Viren Viren.jpg,C:\Users\user\OneDrive\Desktop\New folder (2)\New folder\smart-tire-analyzer\dataset\raw\tread_images\IMG20260406114111 - Viren Viren.jpg,False
IMG20260406114117 - Viren Viren.jpg,C:\Users\user\OneDrive\Desktop\New folder (2)\New folder\smart-tire-analyzer\dataset\raw\tread_images\IMG20260406114117 - Viren Viren.jpg,False
IMG20260406114127 - Viren Viren.jpg,C:\Users\user\OneDrive\Desktop\New folder (2)\New folder\smart-tire-analyzer\dataset\raw\tread_images\IMG20260406114127 - Viren Viren.jpg,False
IMG20260406114142 - Viren Viren.jpg,C:\Users\user\OneDrive\Desktop\New folder (2)\New folder\smart-tire-analyzer\dataset\raw\tread_images\IMG20260406114142 - Viren Viren.jpg,False
IMG20260406114152 - Viren Viren.jpg,C:\Users\user\OneDrive\Desktop\New folder (2)\New folder\smart-tire-analyzer\dataset\raw\tread_images\IMG20260406114152 - Viren Viren.jpg,False
IMG20260406114158 - Viren Viren.jpg,C:\Users\user\OneDrive\Desktop\New folder (2)\New folder\smart-tire-analyzer\dataset\raw\tread_images\IMG20260406114158 - Viren Viren.jpg,False
IMG20260406114223 - Viren Viren.jpg,C:\Users\user\OneDrive\Desktop\New folder (2)\New folder\smart-tire-analyzer\dataset\raw\tread_images\IMG20260406114223 - Viren Viren.jpg,False
IMG20260406114230 - Viren Viren.jpg,C:\Users\user\OneDrive\Desktop\New folder (2)\New folder\smart-tire-analyzer\dataset\raw\tread_images\IMG20260406114230 - Viren Viren.jpg,False
IMG20260406114244 - Viren Viren.jpg,C:\Users\user\OneDrive\Desktop\New folder (2)\New folder\smart-tire-analyzer\dataset\raw\tread_images\IMG20260406114244 - Viren Viren.jpg,False
IMG20260406114352 - Viren Viren.jpg,C:\Users\user\OneDrive\Desktop\New folder (2)\New folder\smart-tire-analyzer\dataset\raw\tread_images\IMG20260406114352 - Viren Viren.jpg,False
IMG20260406114358 - Viren Viren.jpg,C:\Users\user\OneDrive\Desktop\New folder (2)\New folder\smart-tire-analyzer\dataset\raw\tread_images\IMG20260406114358 - Viren Viren.jpg,True
IMG20260406114411 - Viren Viren.jpg,C:\Users\user\OneDrive\Desktop\New folder (2)\New folder\smart-tire-analyzer\dataset\raw\tread_images\IMG20260406114411 - Viren Viren.jpg,False
IMG20260406114415 - Viren Viren.jpg,C:\Users\user\OneDrive\Desktop\New folder (2)\New folder\smart-tire-analyzer\dataset\raw\tread_images\IMG20260406114415 - Viren Viren.jpg,False
IMG20260406114420 - Viren Viren.jpg,C:\Users\user\OneDrive\Desktop\New folder (2)\New folder\smart-tire-analyzer\dataset\raw\tread_images\IMG20260406114420 - Viren Viren.jpg,True
IMG20260406114431 - Viren Viren.jpg,C:\Users\user\OneDrive\Desktop\New folder (2)\New folder\smart-tire-analyzer\dataset\raw\tread_images\IMG20260406114431 - Viren Viren.jpg,True
IMG20260406114441 - Viren Viren.jpg,C:\Users\user\OneDrive\Desktop\New folder (2)\New folder\smart-tire-analyzer\dataset\raw\tread_images\IMG20260406114441 - Viren Viren.jpg,False
IMG20260406114506 - Viren Viren.jpg,C:\Users\user\OneDrive\Desktop\New folder (2)\New folder\smart-tire-analyzer\dataset\raw\tread_images\IMG20260406114506 - Viren Viren.jpg,False
IMG20260406114537 - Viren Viren.jpg,C:\Users\user\OneDrive\Desktop\New folder (2)\New folder\smart-tire-analyzer\dataset\raw\tread_images\IMG20260406114537 - Viren Viren.jpg,False
IMG20260406114544 - Viren Viren.jpg,C:\Users\user\OneDrive\Desktop\New folder (2)\New folder\smart-tire-analyzer\dataset\raw\tread_images\IMG20260406114544 - Viren Viren.jpg,False
IMG20260406114557 - Viren Viren.jpg,C:\Users\user\OneDrive\Desktop\New folder (2)\New folder\smart-tire-analyzer\dataset\raw\tread_images\IMG20260406114557 - Viren Viren.jpg,True
IMG20260406114603 - Viren Viren.jpg,C:\Users\user\OneDrive\Desktop\New folder (2)\New folder\smart-tire-analyzer\dataset\raw\tread_images\IMG20260406114603 - Viren Viren.jpg,True
IMG20260406114749 - Viren Viren.jpg,C:\Users\user\OneDrive\Desktop\New folder (2)\New folder\smart-tire-analyzer\dataset\raw\tread_images\IMG20260406114749 - Viren Viren.jpg,True
IMG20260406114806 - Viren Viren.jpg,C:\Users\user\OneDrive\Desktop\New folder (2)\New folder\smart-tire-analyzer\dataset\raw\tread_images\IMG20260406114806 - Viren Viren.jpg,True
IMG20260406114821 - Viren Viren.jpg,C:\Users\user\OneDrive\Desktop\New folder (2)\New folder\smart-tire-analyzer\dataset\raw\tread_images\IMG20260406114821 - Viren Viren.jpg,True
IMG20260406114838 - Viren Viren.jpg,C:\Users\user\OneDrive\Desktop\New folder (2)\New folder\smart-tire-analyzer\dataset\raw\tread_images\IMG20260406114838 - Viren Viren.jpg,True
IMG20260406114900 - Viren Viren.jpg,C:\Users\user\OneDrive\Desktop\New folder (2)\New folder\smart-tire-analyzer\dataset\raw\tread_images\IMG20260406114900 - Viren Viren.jpg,True
IMG20260406114925 - Viren Viren.jpg,C:\Users\user\OneDrive\Desktop\New folder (2)\New folder\smart-tire-analyzer\dataset\raw\tread_images\IMG20260406114925 - Viren Viren.jpg,True
IMG20260406115004 - Viren Viren.jpg,C:\Users\user\OneDrive\Desktop\New folder (2)\New folder\smart-tire-analyzer\dataset\raw\tread_images\IMG20260406115004 - Viren Viren.jpg,True
IMG20260406115046 - Viren Viren.jpg,C:\Users\user\OneDrive\Desktop\New folder (2)\New folder\smart-tire-analyzer\dataset\raw\tread_images\IMG20260406115046 - Viren Viren.jpg,True
IMG20260406115102 - Viren Viren.jpg,C:\Users\user\OneDrive\Desktop\New folder (2)\New folder\smart-tire-analyzer\dataset\raw\tread_images\IMG20260406115102 - Viren Viren.jpg,True
IMG20260406115117 - Viren Viren.jpg,C:\Users\user\OneDrive\Desktop\New folder (2)\New folder\smart-tire-analyzer\dataset\raw\tread_images\IMG20260406115117 - Viren Viren.jpg,False
IMG20260406115136 - Viren Viren.jpg,C:\Users\user\OneDrive\Desktop\New folder (2)\New folder\smart-tire-analyzer\dataset\raw\tread_images\IMG20260406115136 - Viren Viren.jpg,True
IMG20260406115158 - Viren Viren.jpg,C:\Users\user\OneDrive\Desktop\New folder (2)\New folder\smart-tire-analyzer\dataset\raw\tread_images\IMG20260406115158 - Viren Viren.jpg,True
IMG20260406115217 - Viren Viren.jpg,C:\Users\user\OneDrive\Desktop\New folder (2)\New folder\smart-tire-analyzer\dataset\raw\tread_images\IMG20260406115217 - Viren Viren.jpg,True
IMG20260406115241 - Viren Viren.jpg,C:\Users\user\OneDrive\Desktop\New folder (2)\New folder\smart-tire-analyzer\dataset\raw\tread_images\IMG20260406115241 - Viren Viren.jpg,True
IMG20260406115307 - Viren Viren.jpg,C:\Users\user\OneDrive\Desktop\New folder (2)\New folder\smart-tire-analyzer\dataset\raw\tread_images\IMG20260406115307 - Viren Viren.jpg,True
IMG20260406115325 - Viren Viren.jpg,C:\Users\user\OneDrive\Desktop\New folder (2)\New folder\smart-tire-analyzer\dataset\raw\tread_images\IMG20260406115325 - Viren Viren.jpg,True
IMG20260406115422 - Viren Viren.jpg,C:\Users\user\OneDrive\Desktop\New folder (2)\New folder\smart-tire-analyzer\dataset\raw\tread_images\IMG20260406115422 - Viren Viren.jpg,False
IMG20260406115455 - Viren Viren.jpg,C:\Users\user\OneDrive\Desktop\New folder (2)\New folder\smart-tire-analyzer\dataset\raw\tread_images\IMG20260406115455 - Viren Viren.jpg,True
IMG20260406115515 - Viren Viren.jpg,C:\Users\user\OneDrive\Desktop\New folder (2)\New folder\smart-tire-analyzer\dataset\raw\tread_images\IMG20260406115515 - Viren Viren.jpg,True
IMG20260406115544 - Viren Viren.jpg,C:\Users\user\OneDrive\Desktop\New folder (2)\New folder\smart-tire-analyzer\dataset\raw\tread_images\IMG20260406115544 - Viren Viren.jpg,True
IMG20260406115610 - Viren Viren.jpg,C:\Users\user\OneDrive\Desktop\New folder (2)\New folder\smart-tire-analyzer\dataset\raw\tread_images\IMG20260406115610 - Viren Viren.jpg,True
IMG20260406115708 - Viren Viren.jpg,C:\Users\user\OneDrive\Desktop\New folder (2)\New folder\smart-tire-analyzer\dataset\raw\tread_images\IMG20260406115708 - Viren Viren.jpg,True
IMG20260406115732 - Viren Viren.jpg,C:\Users\user\OneDrive\Desktop\New folder (2)\New folder\smart-tire-analyzer\dataset\raw\tread_images\IMG20260406115732 - Viren Viren.jpg,True
https://drive.google.com/open?id=1J0eZBJ_gUGH5bTvAHe1PjCz9e3Een7Tz,,False
https://drive.google.com/open?id=1EB44Pv2aBtgBw6VueO9wvFf_-MriItsa,,False
https://drive.google.com/open?id=1ssG0d2O_QF3_wFqDqvQNRLj46kBfhPd2,,False
https://drive.google.com/open?id=1mLBv5vtGMBhJMR04mn31-QTTR4-qe_mK,,False
https://drive.google.com/open?id=197MhN36peHjH1Am22NifvM5kMZl9-4_-,,False
https://drive.google.com/open?id=1AhUEqS8iqEEwBLnv6lidpQFtaqcyg50O,,False
https://drive.google.com/open?id=19RQm5T74YlWmoVVqf1znuW7ZkKSI9T5W,,False
https://drive.google.com/open?id=1GHbSIxW7k1xgTrew-rlQYyzs7qT9c5J3,,False
https://drive.google.com/open?id=1-VVR5WKlGWZLVswxFDYD6JrxeISXSGyy,,False
https://drive.google.com/open?id=1MJ1Cg3EsjAgFXn12ynEv90fDv5otgl3E,,False
https://drive.google.com/open?id=1Y1h5iFUw4hL1ILOLBTybuAjcidLmfIn2,,False
https://drive.google.com/open?id=1x4toVmCgbShof_t-F-71LTwCMZQlYCrp,,False
https://drive.google.com/open?id=1T1UdV72QI74yu62j7GHFu_P13PmIqtca,,False
https://drive.google.com/open?id=1ed1oZkjAih_amMoYMtX7joah8G_aRnwi,,False
IMG20260115085908.jpg,C:\Users\user\OneDrive\Desktop\New folder (2)\New folder\smart-tire-analyzer\dataset\raw\tread_images\IMG20260115085908.jpg,True
IMG20260121113753.jpg,C:\Users\user\OneDrive\Desktop\New folder (2)\New folder\smart-tire-analyzer\dataset\raw\tread_images\IMG20260121113753.jpg,False
IMG20260121113853.jpg,C:\Users\user\OneDrive\Desktop\New folder (2)\New folder\smart-tire-analyzer\dataset\raw\tread_images\IMG20260121113853.jpg,False
IMG20260121114013.jpg,C:\Users\user\OneDrive\Desktop\New folder (2)\New folder\smart-tire-analyzer\dataset\raw\tread_images\IMG20260121114013.jpg,False
1769244151437.jpg,C:\Users\user\OneDrive\Desktop\New folder (2)\New folder\smart-tire-analyzer\dataset\raw\tread_images\1769244151437.jpg,True
IMG20260115090719.jpg,C:\Users\user\OneDrive\Desktop\New folder (2)\New folder\smart-tire-analyzer\dataset\raw\tread_images\IMG20260115090719.jpg,True
IMG20260128121045 (1).jpg,C:\Users\user\OneDrive\Desktop\New folder (2)\New folder\smart-tire-analyzer\dataset\raw\tread_images\IMG20260128121045 (1).jpg,True
IMG_7050.JPG,C:\Users\user\OneDrive\Desktop\New folder (2)\New folder\smart-tire-analyzer\dataset\raw\tread_images\IMG_7050.JPG,True
IMG20260121160116.jpg,C:\Users\user\OneDrive\Desktop\New folder (2)\New folder\smart-tire-analyzer\dataset\raw\tread_images\IMG20260121160116.jpg,True
IMG_6972.JPG,C:\Users\user\OneDrive\Desktop\New folder (2)\New folder\smart-tire-analyzer\dataset\raw\tread_images\IMG_6972.JPG,False
IMG20260121114107.jpg,C:\Users\user\OneDrive\Desktop\New folder (2)\New folder\smart-tire-analyzer\dataset\raw\tread_images\IMG20260121114107.jpg,False
IMG_6994.JPG,C:\Users\user\OneDrive\Desktop\New folder (2)\New folder\smart-tire-analyzer\dataset\raw\tread_images\IMG_6994.JPG,True
IMG_7016.JPG,C:\Users\user\OneDrive\Desktop\New folder (2)\New folder\smart-tire-analyzer\dataset\raw\tread_images\IMG_7016.JPG,True
IMG20260121113216.jpg,C:\Users\user\OneDrive\Desktop\New folder (2)\New folder\smart-tire-analyzer\dataset\raw\tread_images\IMG20260121113216.jpg,True
IMG20251218154402.heic,C:\Users\user\OneDrive\Desktop\New folder (2)\New folder\smart-tire-analyzer\dataset\raw\tread_images\IMG20251218154402.heic,False
1769244151386.jpg,C:\Users\user\OneDrive\Desktop\New folder (2)\New folder\smart-tire-analyzer\dataset\raw\tread_images\1769244151386.jpg,True
IMG_6943.JPG,C:\Users\user\OneDrive\Desktop\New folder (2)\New folder\smart-tire-analyzer\dataset\raw\tread_images\IMG_6943.JPG,True
IMG20260128122355.jpg,C:\Users\user\OneDrive\Desktop\New folder (2)\New folder\smart-tire-analyzer\dataset\raw\tread_images\IMG20260128122355.jpg,False
IMG20260121115233.jpg,C:\Users\user\OneDrive\Desktop\New folder (2)\New folder\smart-tire-analyzer\dataset\raw\tread_images\IMG20260121115233.jpg,False
IMG20260128122450.jpg,C:\Users\user\OneDrive\Desktop\New folder (2)\New folder\smart-tire-analyzer\dataset\raw\tread_images\IMG20260128122450.jpg,False
IMG20260121115817.jpg,C:\Users\user\OneDrive\Desktop\New folder (2)\New folder\smart-tire-analyzer\dataset\raw\tread_images\IMG20260121115817.jpg,True
IMG_6991.JPG,C:\Users\user\OneDrive\Desktop\New folder (2)\New folder\smart-tire-analyzer\dataset\raw\tread_images\IMG_6991.JPG,True
IMG20260121114853.jpg,C:\Users\user\OneDrive\Desktop\New folder (2)\New folder\smart-tire-analyzer\dataset\raw\tread_images\IMG20260121114853.jpg,False
IMG20260121160330.jpg,C:\Users\user\OneDrive\Desktop\New folder (2)\New folder\smart-tire-analyzer\dataset\raw\tread_images\IMG20260121160330.jpg,True
IMG20260128123037.jpg,C:\Users\user\OneDrive\Desktop\New folder (2)\New folder\smart-tire-analyzer\dataset\raw\tread_images\IMG20260128123037.jpg,True
IMG20260121114946.jpg,C:\Users\user\OneDrive\Desktop\New folder (2)\New folder\smart-tire-analyzer\dataset\raw\tread_images\IMG20260121114946.jpg,False
IMG20260121115440.jpg,C:\Users\user\OneDrive\Desktop\New folder (2)\New folder\smart-tire-analyzer\dataset\raw\tread_images\IMG20260121115440.jpg,False
IMG_6966.JPG,C:\Users\user\OneDrive\Desktop\New folder (2)\New folder\smart-tire-analyzer\dataset\raw\tread_images\IMG_6966.JPG,True
IMG20260121115535.jpg,C:\Users\user\OneDrive\Desktop\New folder (2)\New folder\smart-tire-analyzer\dataset\raw\tread_images\IMG20260121115535.jpg,False
IMG20260121160257.jpg,C:\Users\user\OneDrive\Desktop\New folder (2)\New folder\smart-tire-analyzer\dataset\raw\tread_images\IMG20260121160257.jpg,False
IMG20260128122316.jpg,C:\Users\user\OneDrive\Desktop\New folder (2)\New folder\smart-tire-analyzer\dataset\raw\tread_images\IMG20260128122316.jpg,False
IMG_6988.JPG,C:\Users\user\OneDrive\Desktop\New folder (2)\New folder\smart-tire-analyzer\dataset\raw\tread_images\IMG_6988.JPG,True
IMG20260128121235.jpg,C:\Users\user\OneDrive\Desktop\New folder (2)\New folder\smart-tire-analyzer\dataset\raw\tread_images\IMG20260128121235.jpg,True
IMG20260128121148.jpg,C:\Users\user\OneDrive\Desktop\New folder (2)\New folder\smart-tire-analyzer\dataset\raw\tread_images\IMG20260128121148.jpg,False
IMG20260121115327.jpg,C:\Users\user\OneDrive\Desktop\New folder (2)\New folder\smart-tire-analyzer\dataset\raw\tread_images\IMG20260121115327.jpg,False
IMG20260128123126.jpg,C:\Users\user\OneDrive\Desktop\New folder (2)\New folder\smart-tire-analyzer\dataset\raw\tread_images\IMG20260128123126.jpg,False
IMG20260121114805.jpg,C:\Users\user\OneDrive\Desktop\New folder (2)\New folder\smart-tire-analyzer\dataset\raw\tread_images\IMG20260121114805.jpg,False
IMG20260128122910.jpg,C:\Users\user\OneDrive\Desktop\New folder (2)\New folder\smart-tire-analyzer\dataset\raw\tread_images\IMG20260128122910.jpg,False
IMG20260121114224.jpg,C:\Users\user\OneDrive\Desktop\New folder (2)\New folder\smart-tire-analyzer\dataset\raw\tread_images\IMG20260121114224.jpg,False
IMG20260121114341.jpg,C:\Users\user\OneDrive\Desktop\New folder (2)\New folder\smart-tire-analyzer\dataset\raw\tread_images\IMG20260121114341.jpg,False
IMG_6934.JPG,C:\Users\user\OneDrive\Desktop\New folder (2)\New folder\smart-tire-analyzer\dataset\raw\tread_images\IMG_6934.JPG,True
IMG20260121114436.jpg,C:\Users\user\OneDrive\Desktop\New folder (2)\New folder\smart-tire-analyzer\dataset\raw\tread_images\IMG20260121114436.jpg,False
IMG20251218155033.heic,C:\Users\user\OneDrive\Desktop\New folder (2)\New folder\smart-tire-analyzer\dataset\raw\tread_images\IMG20251218155033.heic,False
IMG20260128121712.jpg,C:\Users\user\OneDrive\Desktop\New folder (2)\New folder\smart-tire-analyzer\dataset\raw\tread_images\IMG20260128121712.jpg,False
IMG20251103164609.heic,C:\Users\user\OneDrive\Desktop\New folder (2)\New folder\smart-tire-analyzer\dataset\raw\tread_images\IMG20251103164609.heic,False
IMG_6940.JPG,C:\Users\user\OneDrive\Desktop\New folder (2)\New folder\smart-tire-analyzer\dataset\raw\tread_images\IMG_6940.JPG,True
IMG_6947.JPG,C:\Users\user\OneDrive\Desktop\New folder (2)\New folder\smart-tire-analyzer\dataset\raw\tread_images\IMG_6947.JPG,True
IMG20260121115654.jpg,C:\Users\user\OneDrive\Desktop\New folder (2)\New folder\smart-tire-analyzer\dataset\raw\tread_images\IMG20260121115654.jpg,False
IMG20260128122957.jpg,C:\Users\user\OneDrive\Desktop\New folder (2)\New folder\smart-tire-analyzer\dataset\raw\tread_images\IMG20260128122957.jpg,False
IMG20260121114537_01.jpg,C:\Users\user\OneDrive\Desktop\New folder (2)\New folder\smart-tire-analyzer\dataset\raw\tread_images\IMG20260121114537_01.jpg,False
IMG_6925.JPG,C:\Users\user\OneDrive\Desktop\New folder (2)\New folder\smart-tire-analyzer\dataset\raw\tread_images\IMG_6925.JPG,True
IMG20260121114711.jpg,C:\Users\user\OneDrive\Desktop\New folder (2)\New folder\smart-tire-analyzer\dataset\raw\tread_images\IMG20260121114711.jpg,False
IMG20260128122819.jpg,C:\Users\user\OneDrive\Desktop\New folder (2)\New folder\smart-tire-analyzer\dataset\raw\tread_images\IMG20260128122819.jpg,False
IMG_6918.JPG,C:\Users\user\OneDrive\Desktop\New folder (2)\New folder\smart-tire-analyzer\dataset\raw\tread_images\IMG_6918.JPG,True
IMG20260128122154.jpg,C:\Users\user\OneDrive\Desktop\New folder (2)\New folder\smart-tire-analyzer\dataset\raw\tread_images\IMG20260128122154.jpg,False
IMG20260128122230.jpg,C:\Users\user\OneDrive\Desktop\New folder (2)\New folder\smart-tire-analyzer\dataset\raw\tread_images\IMG20260128122230.jpg,False
IMG20260121113359.jpg,C:\Users\user\OneDrive\Desktop\New folder (2)\New folder\smart-tire-analyzer\dataset\raw\tread_images\IMG20260121113359.jpg,False
IMG20260121161400.jpg,C:\Users\user\OneDrive\Desktop\New folder (2)\New folder\smart-tire-analyzer\dataset\raw\tread_images\IMG20260121161400.jpg,False
IMG_7022.JPG,C:\Users\user\OneDrive\Desktop\New folder (2)\New folder\smart-tire-analyzer\dataset\raw\tread_images\IMG_7022.JPG,True
Copy of IMG20251218151751.jpg,C:\Users\user\OneDrive\Desktop\New folder (2)\New folder\smart-tire-analyzer\dataset\raw\tread_images\Copy of IMG20251218151751.jpg,False
IMG20251218154623.heic,C:\Users\user\OneDrive\Desktop\New folder (2)\New folder\smart-tire-analyzer\dataset\raw\tread_images\IMG20251218154623.heic,False
IMG20260121113305.jpg,C:\Users\user\OneDrive\Desktop\New folder (2)\New folder\smart-tire-analyzer\dataset\raw\tread_images\IMG20260121113305.jpg,False
IMG20260121161458.jpg,C:\Users\user\OneDrive\Desktop\New folder (2)\New folder\smart-tire-analyzer\dataset\raw\tread_images\IMG20260121161458.jpg,False
IMG20260128121444.jpg,C:\Users\user\OneDrive\Desktop\New folder (2)\New folder\smart-tire-analyzer\dataset\raw\tread_images\IMG20260128121444.jpg,False
IMG20260121160223.jpg,C:\Users\user\OneDrive\Desktop\New folder (2)\New folder\smart-tire-analyzer\dataset\raw\tread_images\IMG20260121160223.jpg,True
IMG_7019.JPG,C:\Users\user\OneDrive\Desktop\New folder (2)\New folder\smart-tire-analyzer\dataset\raw\tread_images\IMG_7019.JPG,False
IMG_6931.JPG,C:\Users\user\OneDrive\Desktop\New folder (2)\New folder\smart-tire-analyzer\dataset\raw\tread_images\IMG_6931.JPG,True
IMG20260128122711.jpg,C:\Users\user\OneDrive\Desktop\New folder (2)\New folder\smart-tire-analyzer\dataset\raw\tread_images\IMG20260128122711.jpg,False
IMG_6997.JPG,C:\Users\user\OneDrive\Desktop\New folder (2)\New folder\smart-tire-analyzer\dataset\raw\tread_images\IMG_6997.JPG,True
IMG20260128121628.jpg,C:\Users\user\OneDrive\Desktop\New folder (2)\New folder\smart-tire-analyzer\dataset\raw\tread_images\IMG20260128121628.jpg,True
IMG20260115090353.jpg,C:\Users\user\OneDrive\Desktop\New folder (2)\New folder\smart-tire-analyzer\dataset\raw\tread_images\IMG20260115090353.jpg,True
IMG20260121112523.jpg,C:\Users\user\OneDrive\Desktop\New folder (2)\New folder\smart-tire-analyzer\dataset\raw\tread_images\IMG20260121112523.jpg,True
IMG20260128122610.jpg,C:\Users\user\OneDrive\Desktop\New folder (2)\New folder\smart-tire-analyzer\dataset\raw\tread_images\IMG20260128122610.jpg,False
IMG20260121115143.jpg,C:\Users\user\OneDrive\Desktop\New folder (2)\New folder\smart-tire-analyzer\dataset\raw\tread_images\IMG20260121115143.jpg,False
IMG20260121115033.jpg,C:\Users\user\OneDrive\Desktop\New folder (2)\New folder\smart-tire-analyzer\dataset\raw\tread_images\IMG20260121115033.jpg,False
Copy of IMG20251218151653.jpg,C:\Users\user\OneDrive\Desktop\New folder (2)\New folder\smart-tire-analyzer\dataset\raw\tread_images\Copy of IMG20251218151653.jpg,False
IMG20260128122525.jpg,C:\Users\user\OneDrive\Desktop\New folder (2)\New folder\smart-tire-analyzer\dataset\raw\tread_images\IMG20260128122525.jpg,False
IMG20260121112252.jpg,C:\Users\user\OneDrive\Desktop\New folder (2)\New folder\smart-tire-analyzer\dataset\raw\tread_images\IMG20260121112252.jpg,True
IMG20260121161110.jpg,C:\Users\user\OneDrive\Desktop\New folder (2)\New folder\smart-tire-analyzer\dataset\raw\tread_images\IMG20260121161110.jpg,True
IMG20260121112649.jpg,C:\Users\user\OneDrive\Desktop\New folder (2)\New folder\smart-tire-analyzer\dataset\raw\tread_images\IMG20260121112649.jpg,True
IMG20260121120740.jpg,C:\Users\user\OneDrive\Desktop\New folder (2)\New folder\smart-tire-analyzer\dataset\raw\tread_images\IMG20260121120740.jpg,False
IMG20260128121756.jpg,C:\Users\user\OneDrive\Desktop\New folder (2)\New folder\smart-tire-analyzer\dataset\raw\tread_images\IMG20260128121756.jpg,False
IMG20260121112135.jpg,C:\Users\user\OneDrive\Desktop\New folder (2)\New folder\smart-tire-analyzer\dataset\raw\tread_images\IMG20260121112135.jpg,True
IMG20251218160210.heic,C:\Users\user\OneDrive\Desktop\New folder (2)\New folder\smart-tire-analyzer\dataset\raw\tread_images\IMG20251218160210.heic,False
IMG_7010.JPG,C:\Users\user\OneDrive\Desktop\New folder (2)\New folder\smart-tire-analyzer\dataset\raw\tread_images\IMG_7010.JPG,False
IMG_7007.JPG,C:\Users\user\OneDrive\Desktop\New folder (2)\New folder\smart-tire-analyzer\dataset\raw\tread_images\IMG_7007.JPG,True
IMG20260128121354.jpg,C:\Users\user\OneDrive\Desktop\New folder (2)\New folder\smart-tire-analyzer\dataset\raw\tread_images\IMG20260128121354.jpg,False
IMG20251218155818.heic,C:\Users\user\OneDrive\Desktop\New folder (2)\New folder\smart-tire-analyzer\dataset\raw\tread_images\IMG20251218155818.heic,False
IMG20260121160906.jpg,C:\Users\user\OneDrive\Desktop\New folder (2)\New folder\smart-tire-analyzer\dataset\raw\tread_images\IMG20260121160906.jpg,False
IMG_7004.JPG,C:\Users\user\OneDrive\Desktop\New folder (2)\New folder\smart-tire-analyzer\dataset\raw\tread_images\IMG_7004.JPG,True
IMG_7001.JPG,C:\Users\user\OneDrive\Desktop\New folder (2)\New folder\smart-tire-analyzer\dataset\raw\tread_images\IMG_7001.JPG,True
IMG20260121160804.jpg,C:\Users\user\OneDrive\Desktop\New folder (2)\New folder\smart-tire-analyzer\dataset\raw\tread_images\IMG20260121160804.jpg,True
IMG_6982.JPG,C:\Users\user\OneDrive\Desktop\New folder (2)\New folder\smart-tire-analyzer\dataset\raw\tread_images\IMG_6982.JPG,True
IMG20260128121953.jpg,C:\Users\user\OneDrive\Desktop\New folder (2)\New folder\smart-tire-analyzer\dataset\raw\tread_images\IMG20260128121953.jpg,False
IMG_6975.JPG,C:\Users\user\OneDrive\Desktop\New folder (2)\New folder\smart-tire-analyzer\dataset\raw\tread_images\IMG_6975.JPG,True
IMG_7038.JPG,C:\Users\user\OneDrive\Desktop\New folder (2)\New folder\smart-tire-analyzer\dataset\raw\tread_images\IMG_7038.JPG,False
IMG20260121161303.jpg,C:\Users\user\OneDrive\Desktop\New folder (2)\New folder\smart-tire-analyzer\dataset\raw\tread_images\IMG20260121161303.jpg,False
IMG20260128122123.jpg,C:\Users\user\OneDrive\Desktop\New folder (2)\New folder\smart-tire-analyzer\dataset\raw\tread_images\IMG20260128122123.jpg,False
IMG_6985.JPG,C:\Users\user\OneDrive\Desktop\New folder (2)\New folder\smart-tire-analyzer\dataset\raw\tread_images\IMG_6985.JPG,True
IMG_7041.JPG,C:\Users\user\OneDrive\Desktop\New folder (2)\New folder\smart-tire-analyzer\dataset\raw\tread_images\IMG_7041.JPG,True
IMG_6979.JPG,C:\Users\user\OneDrive\Desktop\New folder (2)\New folder\smart-tire-analyzer\dataset\raw\tread_images\IMG_6979.JPG,True
Copy of IMG20251218151832.jpg,C:\Users\user\OneDrive\Desktop\New folder (2)\New folder\smart-tire-analyzer\dataset\raw\tread_images\Copy of IMG20251218151832.jpg,False
IMG20251218160057.heic,C:\Users\user\OneDrive\Desktop\New folder (2)\New folder\smart-tire-analyzer\dataset\raw\tread_images\IMG20251218160057.heic,False
IMG20260121161220.jpg,C:\Users\user\OneDrive\Desktop\New folder (2)\New folder\smart-tire-analyzer\dataset\raw\tread_images\IMG20260121161220.jpg,False
IMG20251218160358.heic,C:\Users\user\OneDrive\Desktop\New folder (2)\New folder\smart-tire-analyzer\dataset\raw\tread_images\IMG20251218160358.heic,False
IMG20260128122046.jpg,C:\Users\user\OneDrive\Desktop\New folder (2)\New folder\smart-tire-analyzer\dataset\raw\tread_images\IMG20260128122046.jpg,False
IMG_6957.JPG,C:\Users\user\OneDrive\Desktop\New folder (2)\New folder\smart-tire-analyzer\dataset\raw\tread_images\IMG_6957.JPG,True
1769244151482.jpg,C:\Users\user\OneDrive\Desktop\New folder (2)\New folder\smart-tire-analyzer\dataset\raw\tread_images\1769244151482.jpg,True
IMG20251218160307.heic,C:\Users\user\OneDrive\Desktop\New folder (2)\New folder\smart-tire-analyzer\dataset\raw\tread_images\IMG20251218160307.heic,False
IMG20260128121859.jpg,C:\Users\user\OneDrive\Desktop\New folder (2)\New folder\smart-tire-analyzer\dataset\raw\tread_images\IMG20260128121859.jpg,True
IMG20251103164832.heic,C:\Users\user\OneDrive\Desktop\New folder (2)\New folder\smart-tire-analyzer\dataset\raw\tread_images\IMG20251103164832.heic,False
IMG_6951.JPG,C:\Users\user\OneDrive\Desktop\New folder (2)\New folder\smart-tire-analyzer\dataset\raw\tread_images\IMG_6951.JPG,True
IMG20251218155934.heic,C:\Users\user\OneDrive\Desktop\New folder (2)\New folder\smart-tire-analyzer\dataset\raw\tread_images\IMG20251218155934.heic,False
IMG20260121121508.jpg,C:\Users\user\OneDrive\Desktop\New folder (2)\New folder\smart-tire-analyzer\dataset\raw\tread_images\IMG20260121121508.jpg,False
IMG20260121113443.jpg,C:\Users\user\OneDrive\Desktop\New folder (2)\New folder\smart-tire-analyzer\dataset\raw\tread_images\IMG20260121113443.jpg,False
IMG_7025.JPG,C:\Users\user\OneDrive\Desktop\New folder (2)\New folder\smart-tire-analyzer\dataset\raw\tread_images\IMG_7025.JPG,True
IMG_7028.JPG,C:\Users\user\OneDrive\Desktop\New folder (2)\New folder\smart-tire-analyzer\dataset\raw\tread_images\IMG_7028.JPG,True
IMG_7013.JPG,C:\Users\user\OneDrive\Desktop\New folder (2)\New folder\smart-tire-analyzer\dataset\raw\tread_images\IMG_7013.JPG,True
1769244151336.jpg,C:\Users\user\OneDrive\Desktop\New folder (2)\New folder\smart-tire-analyzer\dataset\raw\tread_images\1769244151336.jpg,False
IMG20251218160520.heic,C:\Users\user\OneDrive\Desktop\New folder (2)\New folder\smart-tire-analyzer\dataset\raw\tread_images\IMG20251218160520.heic,False
IMG20260115085618.jpg,C:\Users\user\OneDrive\Desktop\New folder (2)\New folder\smart-tire-analyzer\dataset\raw\tread_images\IMG20260115085618.jpg,True
IMG20251218154457.heic,C:\Users\user\OneDrive\Desktop\New folder (2)\New folder\smart-tire-analyzer\dataset\raw\tread_images\IMG20251218154457.heic,False
Copy of IMG20251218152144.jpg,C:\Users\user\OneDrive\Desktop\New folder (2)\New folder\smart-tire-analyzer\dataset\raw\tread_images\Copy of IMG20251218152144.jpg,True
IMG20260121113103.jpg,C:\Users\user\OneDrive\Desktop\New folder (2)\New folder\smart-tire-analyzer\dataset\raw\tread_images\IMG20260121113103.jpg,True
IMG20251218155739.heic,C:\Users\user\OneDrive\Desktop\New folder (2)\New folder\smart-tire-analyzer\dataset\raw\tread_images\IMG20251218155739.heic,False
IMG20260121112821.jpg,C:\Users\user\OneDrive\Desktop\New folder (2)\New folder\smart-tire-analyzer\dataset\raw\tread_images\IMG20260121112821.jpg,True
Copy of IMG20251218153808.jpg,C:\Users\user\OneDrive\Desktop\New folder (2)\New folder\smart-tire-analyzer\dataset\raw\tread_images\Copy of IMG20251218153808.jpg,False
IMG20260121113011.jpg,C:\Users\user\OneDrive\Desktop\New folder (2)\New folder\smart-tire-analyzer\dataset\raw\tread_images\IMG20260121113011.jpg,True
Copy of IMG20251218154022.jpg,C:\Users\user\OneDrive\Desktop\New folder (2)\New folder\smart-tire-analyzer\dataset\raw\tread_images\Copy of IMG20251218154022.jpg,True
IMG20260121112912.jpg,C:\Users\user\OneDrive\Desktop\New folder (2)\New folder\smart-tire-analyzer\dataset\raw\tread_images\IMG20260121112912.jpg,True
Copy of IMG20251218151035.jpg,C:\Users\user\OneDrive\Desktop\New folder (2)\New folder\smart-tire-analyzer\dataset\raw\tread_images\Copy of IMG20251218151035.jpg,False
Copy of IMG20251218152036.jpg,C:\Users\user\OneDrive\Desktop\New folder (2)\New folder\smart-tire-analyzer\dataset\raw\tread_images\Copy of IMG20251218152036.jpg,False
Copy of IMG20251218152401.jpg,C:\Users\user\OneDrive\Desktop\New folder (2)\New folder\smart-tire-analyzer\dataset\raw\tread_images\Copy of IMG20251218152401.jpg,False
Copy of 9.jpg,C:\Users\user\OneDrive\Desktop\New folder (2)\New folder\smart-tire-analyzer\dataset\raw\tread_images\Copy of 9.jpg,True
IMG20251218154542.heic,C:\Users\user\OneDrive\Desktop\New folder (2)\New folder\smart-tire-analyzer\dataset\raw\tread_images\IMG20251218154542.heic,False
Copy of IMG20251218145539.jpg,C:\Users\user\OneDrive\Desktop\New folder (2)\New folder\smart-tire-analyzer\dataset\raw\tread_images\Copy of IMG20251218145539.jpg,True
Copy of IMG20251218145654.jpg,C:\Users\user\OneDrive\Desktop\New folder (2)\New folder\smart-tire-analyzer\dataset\raw\tread_images\Copy of IMG20251218145654.jpg,False
Copy of IMG20251218145831.jpg,C:\Users\user\OneDrive\Desktop\New folder (2)\New folder\smart-tire-analyzer\dataset\raw\tread_images\Copy of IMG20251218145831.jpg,False
Copy of IMG20251218150730.jpg,C:\Users\user\OneDrive\Desktop\New folder (2)\New folder\smart-tire-analyzer\dataset\raw\tread_images\Copy of IMG20251218150730.jpg,False
Copy of IMG20251218153610.jpg,C:\Users\user\OneDrive\Desktop\New folder (2)\New folder\smart-tire-analyzer\dataset\raw\tread_images\Copy of IMG20251218153610.jpg,False
Copy of 5.jpg,C:\Users\user\OneDrive\Desktop\New folder (2)\New folder\smart-tire-analyzer\dataset\raw\tread_images\Copy of 5.jpg,False
Copy of IMG20251218153928.jpg,C:\Users\user\OneDrive\Desktop\New folder (2)\New folder\smart-tire-analyzer\dataset\raw\tread_images\Copy of IMG20251218153928.jpg,False
Copy of IMG20251218150254.jpg,C:\Users\user\OneDrive\Desktop\New folder (2)\New folder\smart-tire-analyzer\dataset\raw\tread_images\Copy of IMG20251218150254.jpg,True
Copy of IMG20251218154203.jpg,C:\Users\user\OneDrive\Desktop\New folder (2)\New folder\smart-tire-analyzer\dataset\raw\tread_images\Copy of IMG20251218154203.jpg,True
front image.jpeg,C:\Users\user\OneDrive\Desktop\New folder (2)\New folder\smart-tire-analyzer\dataset\raw\tread_images\front image.jpeg,True
Copy of IMG20251218153445.jpg,C:\Users\user\OneDrive\Desktop\New folder (2)\New folder\smart-tire-analyzer\dataset\raw\tread_images\Copy of IMG20251218153445.jpg,True
Copy of IMG20251218153357.jpg,C:\Users\user\OneDrive\Desktop\New folder (2)\New folder\smart-tire-analyzer\dataset\raw\tread_images\Copy of IMG20251218153357.jpg,False
Copy of IMG20251218153029.jpg,C:\Users\user\OneDrive\Desktop\New folder (2)\New folder\smart-tire-analyzer\dataset\raw\tread_images\Copy of IMG20251218153029.jpg,False
Copy of IMG20251218145812.jpg,C:\Users\user\OneDrive\Desktop\New folder (2)\New folder\smart-tire-analyzer\dataset\raw\tread_images\Copy of IMG20251218145812.jpg,True
Copy of IMG20251218152902.jpg,C:\Users\user\OneDrive\Desktop\New folder (2)\New folder\smart-tire-analyzer\dataset\raw\tread_images\Copy of IMG20251218152902.jpg,False
Copy of IMG20251218152236.jpg,C:\Users\user\OneDrive\Desktop\New folder (2)\New folder\smart-tire-analyzer\dataset\raw\tread_images\Copy of IMG20251218152236.jpg,False
Copy of IMG20251218150847.jpg,C:\Users\user\OneDrive\Desktop\New folder (2)\New folder\smart-tire-analyzer\dataset\raw\tread_images\Copy of IMG20251218150847.jpg,True
Copy of IMG20251218150621.jpg,C:\Users\user\OneDrive\Desktop\New folder (2)\New folder\smart-tire-analyzer\dataset\raw\tread_images\Copy of IMG20251218150621.jpg,False
Copy of IMG20251218152538.jpg,C:\Users\user\OneDrive\Desktop\New folder (2)\New folder\smart-tire-analyzer\dataset\raw\tread_images\Copy of IMG20251218152538.jpg,True
IMG20251218154739.heic,C:\Users\user\OneDrive\Desktop\New folder (2)\New folder\smart-tire-analyzer\dataset\raw\tread_images\IMG20251218154739.heic,False
Copy of IMG20251218153307.jpg,C:\Users\user\OneDrive\Desktop\New folder (2)\New folder\smart-tire-analyzer\dataset\raw\tread_images\Copy of IMG20251218153307.jpg,True
Copy of IMG20251218150508.jpg,C:\Users\user\OneDrive\Desktop\New folder (2)\New folder\smart-tire-analyzer\dataset\raw\tread_images\Copy of IMG20251218150508.jpg,False
Copy of IMG20251218151921.jpg,C:\Users\user\OneDrive\Desktop\New folder (2)\New folder\smart-tire-analyzer\dataset\raw\tread_images\Copy of IMG20251218151921.jpg,False
Copy of IMG20251218152440.jpg,C:\Users\user\OneDrive\Desktop\New folder (2)\New folder\smart-tire-analyzer\dataset\raw\tread_images\Copy of IMG20251218152440.jpg,False
Copy of 1.jpg,C:\Users\user\OneDrive\Desktop\New folder (2)\New folder\smart-tire-analyzer\dataset\raw\tread_images\Copy of 1.jpg,True
IMG20251103170048.heic,C:\Users\user\OneDrive\Desktop\New folder (2)\New folder\smart-tire-analyzer\dataset\raw\tread_images\IMG20251103170048.heic,False
IMG20251218155614.heic,C:\Users\user\OneDrive\Desktop\New folder (2)\New folder\smart-tire-analyzer\dataset\raw\tread_images\IMG20251218155614.heic,False
Copy of IMG20251218150412.jpg,C:\Users\user\OneDrive\Desktop\New folder (2)\New folder\smart-tire-analyzer\dataset\raw\tread_images\Copy of IMG20251218150412.jpg,False
IMG20251218154833.heic,C:\Users\user\OneDrive\Desktop\New folder (2)\New folder\smart-tire-analyzer\dataset\raw\tread_images\IMG20251218154833.heic,False
IMG20251218154944.heic,C:\Users\user\OneDrive\Desktop\New folder (2)\New folder\smart-tire-analyzer\dataset\raw\tread_images\IMG20251218154944.heic,False
front image 5.jpeg,C:\Users\user\OneDrive\Desktop\New folder (2)\New folder\smart-tire-analyzer\dataset\raw\tread_images\front image 5.jpeg,False
front image 4.jpeg,C:\Users\user\OneDrive\Desktop\New folder (2)\New folder\smart-tire-analyzer\dataset\raw\tread_images\front image 4.jpeg,True
Copy of IMG20251218145404.jpg,C:\Users\user\OneDrive\Desktop\New folder (2)\New folder\smart-tire-analyzer\dataset\raw\tread_images\Copy of IMG20251218145404.jpg,True
IMG20251218160602.heic,C:\Users\user\OneDrive\Desktop\New folder (2)\New folder\smart-tire-analyzer\dataset\raw\tread_images\IMG20251218160602.heic,False
IMG20251218160636.heic,C:\Users\user\OneDrive\Desktop\New folder (2)\New folder\smart-tire-analyzer\dataset\raw\tread_images\IMG20251218160636.heic,False
IMG20251103165459.heic,C:\Users\user\OneDrive\Desktop\New folder (2)\New folder\smart-tire-analyzer\dataset\raw\tread_images\IMG20251103165459.heic,False
IMG20251103164237.heic,C:\Users\user\OneDrive\Desktop\New folder (2)\New folder\smart-tire-analyzer\dataset\raw\tread_images\IMG20251103164237.heic,False
Copy of IMG20251218152941.jpg,C:\Users\user\OneDrive\Desktop\New folder (2)\New folder\smart-tire-analyzer\dataset\raw\tread_images\Copy of IMG20251218152941.jpg,False
IMG20251103164020.heic,C:\Users\user\OneDrive\Desktop\New folder (2)\New folder\smart-tire-analyzer\dataset\raw\tread_images\IMG20251103164020.heic,False
Copy of IMG20251218153134.jpg,C:\Users\user\OneDrive\Desktop\New folder (2)\New folder\smart-tire-analyzer\dataset\raw\tread_images\Copy of IMG20251218153134.jpg,False
IMG20251218160726.heic,C:\Users\user\OneDrive\Desktop\New folder (2)\New folder\smart-tire-analyzer\dataset\raw\tread_images\IMG20251218160726.heic,False
Copy of IMG20251218151359.jpg,C:\Users\user\OneDrive\Desktop\New folder (2)\New folder\smart-tire-analyzer\dataset\raw\tread_images\Copy of IMG20251218151359.jpg,False
Copy of IMG20251218151620.jpg,C:\Users\user\OneDrive\Desktop\New folder (2)\New folder\smart-tire-analyzer\dataset\raw\tread_images\Copy of IMG20251218151620.jpg,False
IMG20251103165827.heic,C:\Users\user\OneDrive\Desktop\New folder (2)\New folder\smart-tire-analyzer\dataset\raw\tread_images\IMG20251103165827.heic,False
002_IMG20260209154457 (1).heic,C:\Users\user\OneDrive\Desktop\New folder (2)\New folder\smart-tire-analyzer\dataset\raw\tread_images\002_IMG20260209154457 (1).jpg,True
007_IMG20260209154607.heic,C:\Users\user\OneDrive\Desktop\New folder (2)\New folder\smart-tire-analyzer\dataset\raw\tread_images\007_IMG20260209154607.jpg,False
013_IMG20260209154732.heic,C:\Users\user\OneDrive\Desktop\New folder (2)\New folder\smart-tire-analyzer\dataset\raw\tread_images\013_IMG20260209154732.jpg,True
019_IMG20260209154849.heic,C:\Users\user\OneDrive\Desktop\New folder (2)\New folder\smart-tire-analyzer\dataset\raw\tread_images\019_IMG20260209154849.jpg,False
025_IMG20260209154957.heic,C:\Users\user\OneDrive\Desktop\New folder (2)\New folder\smart-tire-analyzer\dataset\raw\tread_images\025_IMG20260209154957.jpg,False
041_IMG20260209155508.heic,C:\Users\user\OneDrive\Desktop\New folder (2)\New folder\smart-tire-analyzer\dataset\raw\tread_images\041_IMG20260209155508.jpg,True
047_IMG20260209155620.heic,C:\Users\user\OneDrive\Desktop\New folder (2)\New folder\smart-tire-analyzer\dataset\raw\tread_images\047_IMG20260209155620.jpg,True
053_IMG20260209155700.heic,C:\Users\user\OneDrive\Desktop\New folder (2)\New folder\smart-tire-analyzer\dataset\raw\tread_images\053_IMG20260209155700.jpg,False
059_IMG20260209155852.heic,C:\Users\user\OneDrive\Desktop\New folder (2)\New folder\smart-tire-analyzer\dataset\raw\tread_images\059_IMG20260209155852.jpg,True
065_IMG20260209155957.heic,C:\Users\user\OneDrive\Desktop\New folder (2)\New folder\smart-tire-analyzer\dataset\raw\tread_images\065_IMG20260209155957.jpg,True
071_IMG20260209160826.heic,C:\Users\user\OneDrive\Desktop\New folder (2)\New folder\smart-tire-analyzer\dataset\raw\tread_images\071_IMG20260209160826.jpg,True
077_IMG20260209161000.heic,C:\Users\user\OneDrive\Desktop\New folder (2)\New folder\smart-tire-analyzer\dataset\raw\tread_images\077_IMG20260209161000.jpg,False
083_IMG20260209161051.heic,C:\Users\user\OneDrive\Desktop\New folder (2)\New folder\smart-tire-analyzer\dataset\raw\tread_images\083_IMG20260209161051.jpg,True
093_IMG20260209161255.heic,C:\Users\user\OneDrive\Desktop\New folder (2)\New folder\smart-tire-analyzer\dataset\raw\tread_images\093_IMG20260209161255.jpg,True
117_IMG20260209161617.heic,C:\Users\user\OneDrive\Desktop\New folder (2)\New folder\smart-tire-analyzer\dataset\raw\tread_images\117_IMG20260209161617.jpg,False
123_IMG20260209161701.heic,C:\Users\user\OneDrive\Desktop\New folder (2)\New folder\smart-tire-analyzer\dataset\raw\tread_images\123_IMG20260209161701.jpg,False
129_IMG20260209161808.heic,C:\Users\user\OneDrive\Desktop\New folder (2)\New folder\smart-tire-analyzer\dataset\raw\tread_images\129_IMG20260209161808.jpg,False
dataset\continuous_learning\front_view\fd9cc42d-35eb-471a-a1d6-afda22c7b14b.jpg,dataset\continuous_learning\front_view\fd9cc42d-35eb-471a-a1d6-afda22c7b14b.jpg,True
