image_id,front_image_reference,sidewall_image_id,tread_1,tread_2,tread_3,tread_4,tread_average,brand,tire_model,tire_size,li_si,ocr_text,tube_type
IMG_1902261 - Viren Viren.jpg,,img 19022648 - viren viren,2.68,2.84,2.85,2.81,2.795,goodyear,assurance max guard,215/60 R16,95 v,dot 2524,tubeless
IMG_1902262 - Viren Viren.jpg,,img 19022649 - viren viren,3.09,3.04,3.11,2.89,3.0325,goodyear,assurance max guard,215/60 R16,95 v,dot 2724,tubeless
IMG_1902263 - Viren Viren.jpg,,img 19022650 - viren viren.jpg,3.28,3.46,3.48,3.54,3.4400000000000004,goodyear,assurance max guard,215/60 R16,95 v,dot 2524,tubeless
IMG_1902264 - Viren Viren.jpg,,img 19022651 - viren viren.jpg,3.23,3.42,3.62,3.41,3.42,goodyear,assurance max guard,215/60 R16,95 v,dot 2524,tubeless
IMG_1902265 - Viren Viren.jpg,,img 19022652 - viren viren.jpg,2.66,2.92,2.02,2.55,2.5375,apollo,alnac 4g,185/65 R15,88 h,dot 4522,tubeless
IMG_1902266 - Viren Viren.jpg,,img 19022653 - viren viren.jpg,2.36,2.52,2.46,2.26,2.4,apollo,alnac 4g,185/65 R15,88 h,dot 4422,tubeless
IMG_1902267 - Viren Viren.jpg,,img 19022654 - viren viren.jpg,3.29,3.7,3.7,3.3,3.4975000000000005,apollo,alnac 4g,185/65 R15,88h,dot 4422,tubeless
IMG_1902268 - Viren Viren.jpg,,img 19022655 - viren viren.jpg,2.51,2.28,2.31,2.08,2.295,apollo,alnac 4g,185/65 R15,88h,dot 4422,tubeless
IMG_1902269 - Viren Viren.jpg,,img 19022656 - viren viren.jpg,1.14,2.61,1.66,1.8033333333333332,1.8033333333333332,yokohama,bluearth fe ae30,175/60 R15,81h,dot 4722,tubeless
IMG_19022610 - Viren Viren.jpg,,img 19022657 - viren viren.jpg,1.18,1.23,1.35,1.2533333333333334,1.2533333333333334,yokohama,bluearth fe ae30,175/60 R15,81h,dot 4722,tubeless
IMG_19022611 - Viren Viren.jpg,,img 19022658 - viren viren.jpg,1.39,1.81,1.76,1.653333333333333,1.653333333333333,yokohama,bluearth fe ae30,175/60 R15,81h,dot 4722,tubeless
IMG_19022612 - Viren Viren.jpg,,img 19022659 - viren viren.jpg,1.1,1.31,1.44,1.2833333333333334,1.2833333333333334,yokohama,bluearth fe ae30,175/60 R15,81h,dot 4722,tubeless
IMG_19022613 - Viren Viren.jpg,,img 19022660 - viren viren.jpg,3.47,3.92,3.47,3.15,3.5025000000000004,apollo,apterra cross,215/60 R17,96h,dot ktc305,tubeless
IMG_19022614 - Viren Viren.jpg,,img 19022661 - viren viren.jpg,2.65,2.93,2.12,2.29,2.4975,apollo,apterra cross,215/60 R17,96h,dot 4224,tubeless
IMG_19022615 - Viren Viren.jpg,,img 19022662 - viren viren.jpg,2.66,2.77,3.05,2.3,2.6950000000000003,apollo,apterra cross,215/60 R17,96h,dot 1325,tubeless
IMG_19022616 - Viren Viren.jpg,,img 19022663 - viren viren.jpg,2.84,2.2,2.16,1.75,2.2375,apollo,apterra cross,215/60 R17,96h,dot ktc305,tubeless
IMG_19022617 - Viren Viren.jpg,,img 19022664 - viren viren.jpg,2.11,2.31,2.54,2.32,2.32,apollo,amazer 4g eco,165/70 R14,81t,dot 4519,tubeless
IMG_19022618 - Viren Viren.jpg,,img 19022665 - viren viren.jpg,1.87,1.75,1.32,1.6466666666666667,1.6466666666666667,apollo,amazer 4g eco,165/70 R14,81t,dot 4519,tubeless
IMG_19022619 - Viren Viren.jpg,,img 19022666 - viren viren.jpg,2.08,1.95,1.53,1.8533333333333333,1.8533333333333333,apollo,amazer 4g eco,165/70 R14,81t,dot 4519,tubeless
IMG_19022620 - Viren Viren.jpg,,img 19022667 - viren viren.jpg,2.25,2.48,2.33,2.353333333333333,2.353333333333333,apollo,amazer 4g eco,165/70 R14,81t,dot 4519,tubeless
IMG_19022621 - Viren Viren.jpg,,img 19022668 - viren viren.jpg,2.96,2.97,3.0,2.99,2.98,apollo,apterra ht2,255/60 R16,108 h,dot 1424,tubeless
IMG_19022622 - Viren Viren.jpg,,img 19022669 - viren viren.jpg,3.01,3.14,3.21,3.14,3.125,apollo,apterra ht2,255/60 R18,108 h,dot 1424,tubeless
IMG_19022623 - Viren Viren.jpg,,img 19022670 - viren viren.jpg,3.1,3.26,3.28,2.92,3.14,apollo,apterra ht2,255/60 R18,108 h,dot 1424,tubeless
IMG_19022624 - Viren Viren.jpg,,img 19022671 - viren viren,3.01,2.98,3.05,3.11,3.0375,apollo,apterra ht2,255/60 R18,108 h,dot 1424,tubeless
IMG_19022625 - Viren Viren.jpg,,img 19022672 - viren viren.jpg,2.27,2.35,2.33,2.316666666666667,2.316666666666667,bridgestone,ecopia ep150,165/80 R14,85 t,dot 1129,tubeless
IMG_19022626 - Viren Viren.jpg,,img 19022673 - viren viren.jpg,2.33,2.36,2.4,2.3633333333333333,2.3633333333333333,bridgestone,ecopia ep150,165/80 R14,85 t,dot 1129,tubeless
IMG_19022627 - Viren Viren.jpg,,img 19022674 - viren viren.jpg,2.47,2.38,2.34,2.3966666666666665,2.3966666666666665,bridgestone,ecopia ep150,165/80 R14,85 t,dot 1129,tubeless
IMG_19022628 - Viren Viren.jpg,,img 19022675 - viren viren.jpg,2.07,2.57,2.5,2.38,2.38,bridgestone,ecopia ep150,165/80 R14,85 t,dot 1129,tubeless
IMG_19022629 - Viren Viren.jpg,,img 19022676 - viren viren.jpg,1.53,1.41,1.69,1.5433333333333332,1.5433333333333332,mrf,zvtv a1 ecotread,165/70 R14,81s,dot 0223,tubeless
IMG_19022630 - Viren Viren.jpg,,img 19022677 - viren viren.jpg,1.29,1.52,1.5,1.4366666666666668,1.4366666666666668,mrf,zvtv a1 ecotread,165/70 R14,81s,dot 0223,tubeless
IMG_19022631 - Viren Viren.jpg,,img 19022678 - viren viren.jpg,1.66,1.82,1.88,1.7866666666666664,1.7866666666666664,mrf,zvtv a1 ecotread,165/70 R14,81s,dot 0223,tubeless
IMG_19022632 - Viren Viren.jpg,,img 19022679 - viren viren.jpg,2.55,2.53,2.6,2.56,2.56,mrf,zvtv a1 ecotread,165/70 R14,81s,dot 0223,tubeless
IMG_19022633 - Viren Viren.jpg,,img 19022680 - viren viren.jpg,0.64,0.95,1.01,0.8666666666666666,0.8666666666666666,yokohama,bluearth fe ae30,175/60 R15,81h,dot 4722,tubeless
IMG_19022634 - Viren Viren.jpg,,img 19022681 - viren viren.jpg,1.06,1.64,1.71,1.47,1.47,yokohama,bluearth fe ae30,175/60 R15,81h,dot 4722,tubeless
IMG_19022635 - Viren Viren.jpg,,img 19022682 - viren viren.jpg,1.21,1.35,1.47,1.3433333333333335,1.3433333333333335,yokohama,bluearth fe ae30,175/60 R15,81h,dot 4722,tubeless
IMG_19022636 - Viren Viren.jpg,,img 19022683 - viren viren.jpg,1.71,1.76,1.74,1.7366666666666666,1.7366666666666666,yokohama,bluearth fe ae30,175/60 R15,81h,dot 4722,tubeless
IMG_19022637 - Viren Viren.jpg,,img 19022684 - viren viren.jpg,3.14,3.14,3.06,3.1133333333333333,3.1133333333333333,ceat,milaze x3,145/80 R12,74t,dot 0225,tubeless
IMG_19022638 - Viren Viren.jpg,,img 19022685 - viren viren.jpg,3.33,3.16,3.18,3.223333333333333,3.223333333333333,ceat,milaze x3,145/80 R12,74t,dot 0225,tubeless
IMG_19022639 - Viren Viren.jpg,,img 19022686 - viren viren.jpg,3.43,3.38,3.34,3.3833333333333333,3.3833333333333333,ceat,milaze x3,145/80 R12,74t,dot 0225,tubeless
IMG_19022640 - Viren Viren.jpg,,img 19022687 - viren viren.jpg,3.47,3.54,3.4,3.47,3.47,ceat,milaze x3,145/80 R12,74t,dot 0225,tubeless
IMG_19022641 - Viren Viren.jpg,,img 19022688 - viren viren.jpg,3.1,3.59,3.54,3.31,3.385,michelin,pilot sport,205/55 ZR16,91w,dot 2324,tubeless
IMG_19022642 - Viren Viren.jpg,,img 19022689 - viren viren.jpg,3.1,3.39,3.41,2.94,3.21,michelin,pilot sport,205/55 ZR16,91w,dot 2324,tubeless
IMG_19022643 - Viren Viren.jpg,,img 19022691 - viren viren.jpg,3.7,3.44,3.37,3.07,3.3950000000000005,michelin,pilot sport,205/55 ZR16,91w,dot 2324,tubeless
IMG_19022644 - Viren Viren.jpg,,img 19022692 - viren viren.jpg,3.2,3.19,3.22,2.97,3.1450000000000005,ceat,secura drive,205/55 R16,91h,dot 3722,tubeless
IMG_19022645 - Viren Viren.jpg,,img 19022693 - viren viren.jpg,2.96,3.16,3.01,3.07,3.05,ceat,secura drive,205/55 R16,91h,dot 3722,tubeless
IMG_19022646 - Viren Viren.jpg,,img 19022694 - viren viren.jpg,2.53,2.71,2.67,2.52,2.6075,ceat,secura drive,205/55 R16,91h,dot 3722,tubeless
IMG_19022647 - Viren Viren.jpg,,img 19022695 - viren viren.jpg,2.5,2.74,2.83,2.64,2.6775,ceat,secura drive,205/55 R16,91h,dot 3722,tubeless
IMG_7342[1] - Viren Viren.JPG,,img 7343 - ubaid elahi baba.jpeg,2.11,1.9,2.08,2.22,2.0775,goodyear,assurance triplemax,195/60 R16,89h,dot 4924,tubeless
IMG_7345 - Ubaid Elahi Baba.jpeg,,img 7346 - ubaid elahi baba.jpeg,2.18,1.98,1.33,2.32,1.9525,goodyear,assurance triplemax,195/60 R16,89h,dot 4924,tubeless
IMG_7348 - Ubaid Elahi Baba.jpeg,,img 7349 - ubaid elahi baba.jpeg,2.33,2.1,2.34,2.55,2.33,goodyear,assurance triplemax,195/60 R16,89h,dot 4924,tubeless
IMG_7351 - Ubaid Elahi Baba.jpeg,,img 7352 - ubaid elahi baba.jpeg,2.78,2.4,2.76,2.75,2.6725,goodyear,assurance triplemax,195/60 R16,89h,dot 4924,tubeless
IMG_7354 - Ubaid Elahi Baba.jpeg,,img 7355 - ubaid elahi baba.jpeg,2.72,3.68,3.74,3.51,3.4125,jk tyre,ux royale,205/60 R17,96h,dot 3025,tubeless
IMG_7357 - Ubaid Elahi Baba.jpeg,,img 7359 - ubaid elahi baba.jpeg,3.53,3.67,3.75,3.46,3.6025,jk tyre,ux royale,205/60 R17,96h,dot 3025,tubeless
IMG_7361 - Ubaid Elahi Baba.jpeg,,img 7362 - ubaid elahi baba.jpeg,3.33,3.39,3.47,3.31,3.3750000000000004,jk tyre,ux royale,205/60 R17,96h,dot 3025,tubeless
IMG_7364 - Ubaid Elahi Baba.jpeg,,img 7365 - ubaid elahi baba.jpeg,3.35,3.46,3.54,3.16,3.3775000000000004,jk tyre,ux royale,205/60 R17,96h,dot 3025,tubeless
IMG_7367 - Ubaid Elahi Baba.jpeg,,img 7368 - ubaid elahi baba.jpeg,1.94,2.04,2.32,2.1,2.1,bridgestone,b290,165/70 R15,81t,dot 1322,tubeless
IMG_7370 - Ubaid Elahi Baba.jpeg,,img 7371 - ubaid elahi baba.jpeg,1.99,2.31,2.21,2.17,2.17,mrf,zvtv,165/70 R14,81s,dot 0215,tubeless
IMG_7373 - Ubaid Elahi Baba.jpeg,,img 7374 - ubaid elahi baba.jpeg,1.46,1.42,1.34,1.4066666666666665,1.4066666666666665,bridgestone,b290,165/70 R14,81t,dot 1322,tubeless
IMG_7376 - Ubaid Elahi Baba.jpeg,,img 7377 - ubaid elahi baba.jpeg,1.74,2.87,2.79,2.466666666666667,2.466666666666667,bridgestone,b290,165/70 R14,81t,dot 1322,tubeless
IMG_7380 - Ubaid Elahi Baba.jpeg,,img 7382 - ubaid elahi baba.jpeg,2.06,2.13,2.1,2.0966666666666662,2.0966666666666662,apollo,amazer 4g life,165/70 R14,85t,dot 1124,tubeless
IMG_7384 - Ubaid Elahi Baba.jpeg,,img 7385 - ubaid elahi baba.jpeg,1.99,2.11,2.3,2.1333333333333333,2.1333333333333333,apollo,amazer 4g life,165/70 R14,85t,dot 1124,tubeless
IMG_7387 - Ubaid Elahi Baba.jpeg,,img 7388 - ubaid elahi baba.jpeg,3.57,3.7,3.69,3.653333333333333,3.653333333333333,apollo,amazer 4g life,165/70 R14,85t,dot 1124,tubeless
IMG_7390 - Ubaid Elahi Baba.jpeg,,img 7391 - ubaid elahi baba.jpeg,3.58,3.65,3.66,3.63,3.63,apollo,amazer 4g life,165/70 R14,85t,dot 1124,tubeless
IMG_7394 - Ubaid Elahi Baba.jpeg,,img 7395 - ubaid elahi baba.jpeg,1.72,1.89,1.86,1.8233333333333333,1.8233333333333333,bridgestone,ecopia ep150,185/65 R15,88h,dot 0425,tubeless
IMG_7398 - Ubaid Elahi Baba.jpeg,,img 7399 - ubaid elahi baba.jpeg,1.94,2.28,1.89,2.036666666666666,2.036666666666666,bridgestone,ecopia ep150,185/65 R15,88h,dot 0425,tubeless
IMG_7401 - Ubaid Elahi Baba.jpeg,,img 7403 - ubaid elahi baba.jpeg,2.52,2.78,2.61,2.6366666666666667,2.6366666666666667,bridgestone,ecopia ep150,185/65 R15,88h,dot 0425,tubeless
IMG_7405 - Ubaid Elahi Baba.jpeg,,img 7406 - ubaid elahi baba.jpeg,2.31,2.59,2.4,2.4333333333333336,2.4333333333333336,bridgestone,ecopia ep150,185/65 R15,88h,dot 0425,tubeless
IMG_7408 - Ubaid Elahi Baba.jpeg,,img 7409 - ubaid elahi baba.jpeg,0.61,0.91,1.04,0.8533333333333334,0.8533333333333334,jk tyre,ux royale,165/80 R14,85t,dot 4622,tubeless
IMG_7411 - Ubaid Elahi Baba.jpeg,,img 7413 - ubaid elahi baba.jpeg,0.82,0.86,0.91,0.8633333333333333,0.8633333333333333,jk tyre,ux royale,165/80 R14,85t,dot 4622,tubeless
IMG_7415 - Ubaid Elahi Baba.jpeg,,img 7416 - ubaid elahi baba.jpeg,0.09,0.33,0.81,0.41,0.41,bridgestone,ecopia ep150,165/80 R14,85t,dot 4019,tubeless
IMG_7418 - Ubaid Elahi Baba.jpeg,,img 7419 - ubaid elahi baba.jpeg,0.75,0.14,1.13,0.6733333333333333,0.6733333333333333,bridgestone,ecopia ep150,165/80 R14,85t,dot 4wji,tubeless
IMG_7421 - Ubaid Elahi Baba.jpeg,,img 7422 - ubaid elahi baba.jpeg,1.82,2.07,1.89,1.9266666666666663,1.9266666666666663,bridgestone,ecopia ep150,185/65 R15,88h,dot 1624,tubeless
IMG_7424 - Ubaid Elahi Baba.jpeg,,img 7425 - ubaid elahi baba.jpeg,1.86,2.24,2.26,2.12,2.12,bridgestone,ecopia ep150,185/65 R15,88h,dot 1624,tubeless
IMG_7427 - Ubaid Elahi Baba.jpeg,,img 7428 - ubaid elahi baba.jpeg,1.61,1.79,1.39,1.596666666666667,1.596666666666667,bridgestone,ecopia ep150,185/65 R15,88h,dot 1624,tubeless
IMG_7430 - Ubaid Elahi Baba.jpeg,,img 7431 - ubaid elahi baba.jpeg,1.78,2.01,1.45,1.7466666666666668,1.7466666666666668,bridgestone,ecopia ep150,185/65 R15,88h,dot 1624,tubeless
IMG_7433 - Ubaid Elahi Baba.jpeg,,img 7434 - ubaid elahi baba.jpeg,2.17,2.31,2.31,2.2633333333333336,2.2633333333333336,apollo,amazer xl,145/80 R12,74t,dot 0815,tubeless
IMG_7436 - Ubaid Elahi Baba.jpeg,,img 7437 - ubaid elahi baba.jpeg,1.71,1.47,1.58,1.586666666666667,1.586666666666667,apollo,amazer xl,145/80 R12,74t,dot 0815,tubeless
IMG_7439 - Ubaid Elahi Baba.jpeg,,img 7440 - ubaid elahi baba.jpeg,2.05,1.92,1.64,1.87,1.87,apollo,amazer xl,145/80 R12,74t,dot 0815,tubeless
IMG_7442 - Ubaid Elahi Baba.jpeg,,img 7443 - ubaid elahi baba.jpeg,0.93,0.54,0.58,0.6833333333333335,0.6833333333333335,apollo,amazer xl,145/80 R12,74t,dot 0815,tubeless
IMG_7445 - Ubaid Elahi Baba.jpeg,,img 7446 - ubaid elahi baba.jpeg,0.93,0.54,0.58,0.6833333333333335,0.6833333333333335,firestone,touring fs100,145/80 R12,74t,dot 1622,tubeless
IMG_7448 - Ubaid Elahi Baba.jpeg,,img 7449 - ubaid elahi baba.jpeg,1.31,0.75,0.64,0.9,0.9,firestone,touring fs100,145/80 R12,74t,dot 4024,tubeless
IMG_7451 - Ubaid Elahi Baba.jpeg,,img 7452 - ubaid elahi baba.jpeg,1.43,1.75,1.86,1.68,1.68,apollo,amazer 4g life,145/80 R12,74t,dot 4024,tubeless
IMG_7454 - Ubaid Elahi Baba.jpeg,,img 7455 - ubaid elahi baba.jpeg,2.31,2.37,1.66,2.1133333333333333,2.1133333333333333,goodyear,ducaro hi miler,145/80 R12,74t,dot 5224,tubeless
IMG_7457 - Ubaid Elahi Baba.jpeg,,img 7458 - ubaid elahi baba.jpeg,2.33,3.34,3.41,3.026666666666667,3.026666666666667,bridgestone,sturdo,155/65 R14,75t,dot 3423,tubeless
IMG_7460 - Ubaid Elahi Baba.jpeg,,img 7461 - ubaid elahi baba.jpeg,1.48,1.79,1.73,1.6666666666666667,1.6666666666666667,bridgestone,sturdo,155/65 R14,75t,dot 3423,tubeless
IMG_7463 - Ubaid Elahi Baba.jpeg,,img 7464 - ubaid elahi baba.jpeg,1.66,2.14,2.0,1.9333333333333331,1.9333333333333331,mrf,zlx,155/65 R14,75s,dot 1925,tubeless
IMG_7463[1] - Viren Viren.JPG,,img 7464 1 - viren viren.jpg,3.7,3.72,3.45,3.6233333333333335,3.6233333333333335,mrf,zlx,155/65 R14,75s,dot 1925,tubeless
IMG_7469[2] - Viren Viren.JPG,,img 7470 1 - viren viren.jpg,3.21,3.39,3.43,3.41,3.36,yokohama,earth-1,215/60 R17,96h,dot 2425,tubeless
IMG_7472[1] - Viren Viren.JPG,,img 7473 1 - viren viren.jpg,3.31,3.6,3.68,3.61,3.55,yokohama,earth-1,215/60 R17,96h,dot 0625,tubeless
IMG_7475[1] - Viren Viren.JPG,,img 7476 1 - viren viren.jpg,2.43,2.45,2.61,2.35,2.46,yokohama,earth-1,215/60 R17,96h,dot 0625,tubeless
IMG_7478[1] - Viren Viren.JPG,,img 7479 1 - viren viren.jpg,2.38,2.56,2.74,2.74,2.605,yokohama,earth-1,215/60 R17,96h,dot 0425,tubeless
IMG_7481[1] - Viren Viren.JPG,,img 7482 1 - viren viren.jpg,0.49,0.83,0.88,0.7333333333333333,0.7333333333333333,apollo,amazer 3g maxx,165/80 R14,85t,dot 3122,tubeless
IMG_7484[1] - Viren Viren.JPG,,img 7485 1 - viren viren.jpg,0.77,0.96,0.84,0.8566666666666666,0.8566666666666666,apollo,amazer 3g maxx,165/80 R14,85t,dot 4119,tubeless
IMG_7487[2] - Viren Viren.JPG,,img 7488 1 - viren viren.jpg,0.52,0.4,0.65,0.5233333333333333,0.5233333333333333,apollo,amazer 3g maxx,165/80 R14,85t,dot 3022,tubeless
IMG_7490[1] - Viren Viren.JPG,,img 7491 1 - viren viren.jpg,0.34,0.27,0.36,0.3233333333333333,0.3233333333333333,apollo,amazer 3g maxx,165/80 R14,85t,dot 3022,tubeless
IMG_7493[1] - Viren Viren.JPG,,img 7494 1 - viren viren.jpg,1.28,1.79,1.53,1.5333333333333334,1.5333333333333334,bridgestone,sturdo,165/65 R14,82t,dot 4522,tubeless
IMG_7496[1] - Viren Viren.JPG,,img 7497 1 - viren viren.jpg,1.6,1.81,1.55,1.653333333333333,1.653333333333333,bridgestone,sturdo,175/65 R14,82t,dot 0220,tubeless
IMG_7499[2] - Viren Viren.JPG,,img 7500 1 - viren viren.jpg,0.81,0.77,1.01,0.8633333333333333,0.8633333333333333,bridgestone,sturdo,175/65 R14,82t,dot 1928,tubeless
IMG_7502[1] - Viren Viren.JPG,,img 7503 2 - viren viren.jpg,0.22,0.39,0.24,0.2833333333333333,0.2833333333333333,bridgestone,sturdo,175/65 R14,82t,dot 1923,tubeless
IMG_7509[1] - Viren Viren.JPG,,img 7510 1 - viren viren.jpg,3.04,2.89,3.33,3.0866666666666664,3.0866666666666664,bridgestone,sturdo,175/65 R14,82t,dot 1923,tubeless
IMG_7512[1] - 25cp08 tyre.JPG,,img 7513 1 - 25cp08 tyre.jpg,3.01,2.81,3.28,3.033333333333333,3.033333333333333,mrf,ztx,165/80 R14,85t,dot 2924,tubeless
IMG_7515[1] - Viren Viren.JPG,,img 7516 1 - viren viren.jpg,3.57,3.49,3.46,3.5066666666666664,3.5066666666666664,mrf,ztx,165/80 R14,85t,dot 2924,tubeless
IMG_7518[1] - 25cp08 tyre.JPG,,img 7519 1 - 25cp08 tyre.jpg,2.01,1.83,1.75,1.8633333333333333,1.8633333333333333,apollo,amazer 3g maxx,165/80 R14,85t,dot 5017,tubeless
IMG_7524 - Ubaid Elahi Baba.jpeg,,img 7525 - ubaid elahi baba.jpeg,2.95,2.68,2.76,2.796666666666667,2.796666666666667,jk tyre,ultima-neo,145/80 R13,75s,dot 4523,tubeless
IMG_7527 - Ubaid Elahi Baba.jpeg,,img 7528 - ubaid elahi baba.jpeg,2.99,2.95,2.83,2.9233333333333333,2.9233333333333333,jk tyre,ultima-neo,145/80 R13,75s,dot 4523,tubeless
IMG_7530 - Ubaid Elahi Baba.jpeg,,img 7531 - ubaid elahi baba.jpeg,2.21,2.29,2.11,2.203333333333333,2.203333333333333,jk tyre,ultima-neo,145/80 R13,75s,dot 4523,tubeless
IMG_7533 - Ubaid Elahi Baba.jpeg,,img 7534 - ubaid elahi baba.jpeg,2.03,2.37,1.76,2.053333333333333,2.053333333333333,jk tyre,taximax,155/80 R13,79t,dot 1822,tubeless
IMG_7536 - Ubaid Elahi Baba.jpeg,,img 7537 - ubaid elahi baba.jpeg,3.03,3.33,3.17,3.1766666666666663,3.1766666666666663,jk tyre,taximax,155/80 R13,79t,dot 0222,tubeless
IMG_7539 - Ubaid Elahi Baba.jpeg,,img 7540 - ubaid elahi baba.jpeg,2.91,3.11,3.15,3.056666666666666,3.056666666666666,jk tyre,taximax,155/80 R13,79t,dot 1822,tubeless
IMG_7542 - Ubaid Elahi Baba.jpeg,,img 7543 - ubaid elahi baba.jpeg,1.46,1.95,2.12,1.8433333333333333,1.8433333333333333,jk tyre,taximax,155/80 R13,79t,dot 1822,tubeless
IMG_7546 - Ubaid Elahi Baba.jpeg,,img 7547 - ubaid elahi baba.jpeg,1.33,1.72,2.17,1.74,1.74,mrf,ztx,165/80 R14,65t,dot 0219,tubeless
IMG_7549 - Ubaid Elahi Baba.jpeg,,img 7550 - ubaid elahi baba.jpeg,1.33,1.71,1.57,1.5366666666666668,1.5366666666666668,mrf,ztx,165/80 R14,65t,dot 2419,tubeless
IMG_7552 - Ubaid Elahi Baba.jpeg,,img 7553 - ubaid elahi baba.jpeg,1.64,1.75,1.79,1.7266666666666666,1.7266666666666666,mrf,ztx,165/80 R14,65t,dot 0219,tubeless
IMG_7555 - Ubaid Elahi Baba.jpeg,,img 7556 - ubaid elahi baba.jpeg,2.75,2.72,2.58,2.6833333333333336,2.6833333333333336,mrf,ztx,165/80 R14,65t,dot 0219,tubeless
IMG_7558 - Ubaid Elahi Baba.jpeg,,img 7559 - ubaid elahi baba.jpeg,1.18,1.3,1.29,1.2566666666666666,1.2566666666666666,goodyear,triplemax 2,195/55 R16,87h,dot 4721,tubeless
IMG_7561 - Ubaid Elahi Baba.jpeg,,img 7562 - ubaid elahi baba.jpeg,2.72,3.14,2.17,2.676666666666667,2.676666666666667,goodyear,triplemax 2,195/55 R16,87h,dot 4721,tubeless
IMG_7561[1] - Viren Viren.JPG,,img 7562 1 - viren viren.jpg,3.11,2.83,2.77,2.49,2.8,goodyear,triplemax 2,195/55 R16,87h,dot 4721,tubeless
IMG_7564[1] - Viren Viren.JPG,,img 7565 1 - viren viren.jpg,2.45,2.42,2.0,1.7,2.1425,goodyear,triplemax 2,195/55 R16,87h,dot 4721,tubeless
IMG_7567[1] - Viren Viren.JPG,,img 7568 1 - viren viren.jpg,1.89,2.24,2.19,1.77,2.0225,goodyear,triplemax 2,195/55 R16,87h,dot 4721,tubeless
IMG_7570[1] - Viren Viren.JPG,,img 7571 1 - viren viren.jpg,3.84,4.08,3.95,3.956666666666667,3.956666666666667,apollo,amazer 4g,165/70 R14,81t,dot 4625,tubeless
IMG_7573[1] - Viren Viren.JPG,,img 7574 1 - viren viren.jpg,3.84,4.05,3.19,3.693333333333333,3.693333333333333,apollo,amazer 4g,165/70 R14,81t,dot 4625,tubeless
IMG_7576[1] - Viren Viren.JPG,,img 7577 1 - viren viren.jpg,3.83,4.04,3.79,3.8866666666666663,3.8866666666666663,apollo,amazer 4g,165/70 R14,81t,dot 4625,tubeless
IMG_7579[1] - Viren Viren.JPG,,img 7580 1 - viren viren.jpg,3.91,4.0,3.95,3.953333333333333,3.953333333333333,apollo,amazer 4g,165/70 R14,81t,dot 4625,tubeless
IMG_7582[1] - Viren Viren.JPG,,img 7583 1 - viren viren.jpg,1.55,1.82,1.9,1.7,1.7425,apollo,alnac 4g,195/55 R16,87h,dot 0822,tubeless
IMG_7585[1] - Viren Viren.JPG,,img 7586 1 - viren viren.jpg,1.41,1.82,1.95,1.67,1.7125,apollo,alnac 4g,195/55 R16,87h,dot 0822,tubeless
IMG_7588[1] - Viren Viren.JPG,,img 7589 1 - viren viren.jpg,0.94,1.08,1.14,0.77,0.9825,apollo,alnac 4g,195/55 R16,87h,dot 0822,tubeless
IMG_7591[1] - Viren Viren.JPG,,img 7592 1 - viren viren.jpg,1.14,1.24,1.3,0.91,1.1475,apollo,alnac 4g,195/55 R16,87h,dot 0822,tubeless
IMG_7594[1] - Viren Viren.JPG,,img 7595 1 - viren viren.jpg,3.46,3.57,3.7,3.43,3.54,jk tyre,ux royale,215/55 R18,95h,dot 4625,tubeless
IMG_7597[1] - Viren Viren.JPG,,img 7598 1 - viren viren.jpg,3.46,3.8,3.6,3.68,3.635,jk tyre,ux royale,215/55 R18,95h,dot 4625,tubeless
IMG_7600[1] - Viren Viren.JPG,,img 7601 1 - viren viren.jpg,3.58,3.54,3.41,3.66,3.5475000000000003,jk tyre,ux royale,215/55 R18,95h,dot 4625,tubeless
IMG_7603[1] - Viren Viren.JPG,,img 7604 1 - viren viren.jpg,2.16,3.53,3.43,3.48,3.15,jk tyre,ux royale,215/55 R18,95h,dot 4625,tubeless
IMG_7879[1] - Viren Viren.JPG,,img 7880 1 - viren viren.jpg,1.15,2.1,1.33,1.5266666666666666,1.5266666666666666,apollo,amazer 3g maxx,165/65 R14,79h,dot 2218,tubeless
IMG_7882[1] - Viren Viren.JPG,,img 7883 1 - viren viren.jpg,1.1,2.1,1.4,1.5333333333333332,1.5333333333333332,apollo,amazer 3g maxx,165/65 R14,79h,dot 2218,tubeless
IMG_7885[1] - Viren Viren.JPG,,img 7886 1 - viren viren.jpg,1.22,2.22,1.41,1.616666666666667,1.616666666666667,apollo,amazer 3g maxx,165/65 R14,79h,dot 2218,tubeless
IMG_7888[1] - Viren Viren.JPG,,img 7889 1 - viren viren.jpg,1.71,2.42,2.05,2.06,2.06,apollo,amazer 3g maxx,165/65 R14,79h,dot 2218,tubeless
IMG_7891[1] - Viren Viren.JPG,,img 7892 1 - viren viren.jpg,2.95,3.17,2.18,2.72,2.7550000000000003,goodyear,excellence,215/60 R16,95h,dot 1723,tubeless
IMG_7897[1] - Viren Viren.JPG,,img 7898 1 - viren viren.jpg,2.22,2.45,2.52,1.88,2.2675,goodyear,excellence,215/60 R16,95h,dot 1723,tubeless
IMG_7900[1] - Viren Viren.JPG,,img 7901 1 - viren viren.jpg,2.08,2.4,2.33,2.05,2.215,goodyear,excellence,215/60 R16,95h,dot 1723,tubeless
IMG_7903[1] - Viren Viren.JPG,,img 7904 1 - viren viren.jpg,1.26,1.24,1.25,1.25,1.25,mrf,zvts,185/65 R14,86h,dot 3517,tubeless
IMG_7906[1] - Viren Viren.JPG,,img 7907 1 - viren viren.jpg,1.14,1.35,1.245,1.245,1.245,mrf,zvts,185/65 R14,86h,dot 4217,tubeless
IMG_7909[1] - Viren Viren.JPG,,img 7910 1 - viren viren.jpg,0.99,1.11,1.05,1.05,1.05,mrf,zvts,185/65 R14,86h,dot 4217,tubeless
IMG_7912[1] - Viren Viren.JPG,,img 7913 1 - viren viren.jpg,1.59,1.69,1.64,1.64,1.64,mrf,zvts,185/65 R14,86h,dot 4217,tubeless
IMG_7915[1] - Viren Viren.JPG,,img 7916 1 - viren viren.jpg,1.58,1.72,1.36,1.5533333333333337,1.5533333333333337,bridgestone,ecopia ep150,155/65 R14,75s,dot 1417,tubeless
IMG_7918[1] - Viren Viren.JPG,,img 7919 1 - viren viren.jpg,1.76,2.09,2.0,1.95,1.95,apollo,amazer 3g,155/65 R14,75t,dot 4513,tubeless
IMG_7921[1] - Viren Viren.JPG,,img 7922 1 - viren viren.jpg,1.63,1.51,1.63,1.59,1.59,bridgestone,ecopia,155/65 R14,75s,dot 116,tubeless
IMG_7924[1] - Viren Viren.JPG,,img 7925 1 - viren viren.jpg,1.79,1.91,1.78,1.8266666666666669,1.8266666666666669,bridgestone,ecopia,155/65 R14,75s,dot 116,tubeless
IMG_7927[1] - Viren Viren.JPG,,img 7928 1 - viren viren.jpg,2.93,2.95,2.39,2.7566666666666677,2.7566666666666677,bridgestone,turanza,175/65 R15,84t,dot 1724,tubeless
IMG_7930[1] - Viren Viren.JPG,,img 7931 1 - viren viren.jpg,3.2,3.41,2.91,3.1733333333333333,3.1733333333333333,bridgestone,turanza,175/65 R15,84t,dot 1724,tubeless
IMG_7933[1] - Viren Viren.JPG,,img 7934 1 - viren viren.jpg,1.96,2.28,1.9,2.046666666666667,2.046666666666667,bridgestone,turanza,175/65 R15,84t,dot 1724,tubeless
IMG_7936[1] - Viren Viren.JPG,,img 7937 1 - viren viren.jpg,2.75,2.95,2.7,2.8000000000000003,2.8000000000000003,bridgestone,sturdo,175/65 R15,84t,dot 4922,tubeless
IMG_7939[1] - Viren Viren.JPG,,img 7940 1 - viren viren.jpg,2.36,2.95,2.31,2.5400000000000005,2.5400000000000005,bridgestone,ecopia ep150,165/80 R14,85t,dot 1123,tubeless
IMG_7942[1] - Viren Viren.JPG,,img 7943 1 - viren viren.jpg,2.33,2.34,2.5,2.39,2.39,bridgestone,ecopia ep150,165/80 R14,85t,dot 1123,tubeless
IMG_7945[1] - Viren Viren.JPG,,img 7946 1 - viren viren.jpg,2.33,2.41,2.34,2.36,2.36,bridgestone,ecopia ep150,165/80 R14,85t,dot 1123,tubeless
IMG_7948[1] - Viren Viren.JPG,,img 7949 1 - viren viren.jpg,2.53,2.59,2.43,2.516666666666666,2.516666666666666,bridgestone,ecopia ep150,165/80 R14,85t,dot 1123,tubeless
IMG_7951[1] - Viren Viren.JPG,,img 7952 1 - viren viren.jpg,1.1,1.46,1.38,1.3133333333333332,1.3133333333333332,apollo,alnac,155/70 R13,75h,dot 0218,tubeless
IMG_7954[1] - Viren Viren.JPG,,img 7955 1 - viren viren.jpg,1.02,1.31,1.0,1.11,1.11,apollo,alnac,155/70 R13,75h,dot 0618,tubeless
IMG_7957[1] - Viren Viren.JPG,,img 7958 1 - viren viren.jpg,2.59,2.72,2.39,2.566666666666667,2.566666666666667,apollo,amazer 4g,155/70 R13,75t,dot 2323,tubeless
IMG_7960[1] - Viren Viren.JPG,,img 7961 1 - viren viren.jpg,2.45,3.34,2.2,2.6633333333333336,2.6633333333333336,apollo,amazer 4g,155/70 R13,75t,dot 1223,tubeless
IMG_8169[1] - Viren Viren.JPG,,img 8168 1 - viren viren.jpg,3.34,3.48,3.48,3.48,3.4450000000000003,mrf,wanderer,215/60 R16,95h,dot 5024,tubeless
IMG_8172[1] - Viren Viren.JPG,,img 8171 1 - viren viren.jpg,3.36,3.64,3.51,3.33,3.46,mrf,wanderer,215/60 R16,95h,dot 5024,tubeless
IMG_8175[1] - Viren Viren.JPG,,img 8174 1 - viren viren.jpg,3.51,3.5,3.61,3.41,3.5075,mrf,wanderer,215/60 R16,95h,dot 5024,tubeless
IMG_8178[1] - Viren Viren.JPG,,img 8177 1 - viren viren.jpg,1.92,2.34,2.43,1.83,2.13,apollo,apterra cross,215/60 R17,96h,dot 2523,tubeless
IMG_8181[1] - Viren Viren.JPG,,img 8180 1 - viren viren.jpg,2.44,2.91,2.67,2.32,2.585,apollo,apterra cross,215/60 R17,96h,dot 2423,tubeless
IMG_8187[1] - Viren Viren.JPG,,img 8186 1 - viren viren.jpg,2.46,2.98,2.93,2.24,2.6525,apollo,apterra cross,215/60 R17,96h,dot 2523,tubeless
IMG_8197[1] - Viren Viren.JPG,,img 8196 1 - viren viren.jpg,1.33,0.95,1.09,1.1233333333333333,1.1233333333333333,goodyear,cenav,155/80 R13,79q,dot ok,tubeless
IMG_8200[1] - Viren Viren.JPG,,img 8199 1 - viren viren.jpg,1.89,2.24,2.18,2.21,2.13,toyo,studless,155/80 R13,79q,dot,tubeless
IMG_8203[1] - Viren Viren.JPG,,img 8202 1 - viren viren.jpg,3.1,2.74,2.89,2.91,2.91,kelly,vfm 3,155/80 R13,79q,dot 2425,tubeless
IMG_8207[1] - Viren Viren.JPG,,img 8206 1 - viren viren.jpg,1.68,1.69,1.52,1.63,1.63,apollo,amazer xl,145/80 R12,74t,dot 8fcc,tubeless
IMG_8210[1] - Viren Viren.JPG,,img 8209 1 - viren viren.jpg,2.63,2.32,1.98,2.18,2.2775,dunlop,winter maxx studless,145/80 R12,74t,dot 5111,tubeless
IMG_8214[1] - Viren Viren.JPG,,img 8213 1 - viren viren.jpg,1.01,1.09,1.2,1.1,1.1,apollo,amazer xl,145/80 R12,74t,dot 5111,tubeless
IMG_8217[1] - Viren Viren.JPG,,img 8216 1 - viren viren.jpg,3.09,3.07,3.1,3.45,3.1775,dunlop,winter maxx studless,145/80 R12,74t,dot 5111,tubeless
IMG_8221[1] - Viren Viren.JPG,,img 8220 1 - viren viren.jpg,2.96,3.17,3.29,2.8,3.055,apollo,ainac 4g,185/65 R15,88h,dot 3724,tubeless
IMG_8224[1] - Viren Viren.JPG,,img 8223 1 - viren viren.jpg,2.59,2.81,2.99,2.99,2.845,apollo,ainac 4g,185/65 R15,88h,dot 3724,tubeless
IMG_8227[1] - Viren Viren.JPG,,img 8226 1 - viren viren.jpg,2.79,3.05,2.85,2.61,2.825,apollo,ainac 4g,185/65 R15,88h,dot 3724,tubeless
IMG_8231[1] - Viren Viren.JPG,,img 8229 1 - viren viren.jpg,2.79,3.16,3.28,2.77,3.0,apollo,ainac 4g,185/65 R15,88h,dot 3724,tubeless
IMG_8234[1] - Viren Viren.JPG,,img 8233 1 - viren viren.jpg,2.38,2.27,2.38,2.52,2.3875,goodyear,triplemaxx,215/60 R16,95h,dot 4173,tubeless
IMG_8237[1] - Viren Viren.JPG,,img 8236 1 - viren viren.jpg,2.22,2.54,2.5,2.15,2.3525,goodyear,excellence,215/60 R16,95h,dot 2923,tubeless
IMG_8240[1] - Viren Viren.JPG,,img 8239 1 - viren viren.jpg,2.74,2.81,2.64,1.81,2.5000000000000004,goodyear,excellence,215/60 R16,95h,dot 2923,tubeless
IMG_8243[1] - Viren Viren.JPG,,img 8242 1 - viren viren.jpg,2.54,2.41,2.45,2.52,2.48,goodyear,assurance,215/60 R16,95h,dot 4173,tubeless
IMG_8246[1] - Viren Viren.JPG,,img 8245 1 - viren viren.jpg,1.85,1.63,1.59,1.74,1.7025,mrf,zlo,185/70 R14,88t,dot 3524,tubeless
IMG_8250[1] - Viren Viren.JPG,,img 8249 1 - viren viren.jpg,1.68,1.35,1.38,1.51,1.48,mrf,zlo,185/70 R14,88t,dot 3524,tubeless
IMG_8253[1] - Viren Viren.JPG,,img 8252 1 - viren viren.jpg,1.52,1.56,1.3,1.27,1.4125,mrf,zlo,185/70 R14,88t,dot 3524,tubeless
IMG_8277[1] - Viren Viren.JPG,,img 8276 1 - viren viren.jpg,3.31,3.33,3.13,3.2566666666666664,3.2566666666666664,mrf,zvtv,185/65 R15,88t,dot advivi,tubeless
IMG_8280[1] - Viren Viren.JPG,,img 8279 1 - viren viren.jpg,1.34,1.18,1.01,1.1766666666666667,1.1766666666666667,ceat,securadrive,185/65 R15,88h,dot 4123,tubeless
IMG_8283[1] - Viren Viren.JPG,,img 8282 1 - viren viren.jpg,0.88,0.74,1.07,0.8966666666666668,0.8966666666666668,ceat,securadrive,185/65 R15,88h,dot 4123,tubeless
IMG_8286[1] - Viren Viren.JPG,,img 8285 1 - viren viren.jpg,0.96,1.58,1.64,0.75,1.2325,jk tyre,ultima-nxt,145/80 R12,74t,dot 0138,tubeless
IMG_8289[1] - Viren Viren.JPG,,img 8288 1 - viren viren.jpg,1.44,1.32,0.69,1.15,1.15,ceat,milaze,145/80 R12,74t,dot 3916,tubeless
IMG_8292[1] - Viren Viren.JPG,,img 8291 1 - viren viren.jpg,1.53,1.3,0.88,1.2366666666666666,1.2366666666666666,apollo,amazer xl,145/80 R12,74t,dot 3215,tubeless
IMG_8295[1] - Viren Viren.JPG,,img 8294 1 - viren viren.jpg,2.25,1.84,1.99,2.026666666666667,2.026666666666667,mrf,zvts,145/80 R12,74s,dot 4815,tubeless
IMG_8298[1] - Viren Viren.JPG,,img 8297 1 - viren viren.jpg,3.47,3.67,3.37,3.503333333333334,3.503333333333334,apollo,amazer 4g life,145/80 R13,75t,dot 2725,tubeless
IMG_8301[1] - Viren Viren.JPG,,img 8300 1 - viren viren.jpg,2.66,2.78,2.3,2.58,2.58,apollo,amazer 4g life,145/80 R13,75t,dot 2725,tubeless
IMG_8304[1] - Viren Viren.JPG,,img 8303 1 - viren viren.jpg,3.2,3.38,3.1,3.2266666666666666,3.2266666666666666,apollo,amazer 4g life,145/80 R13,75t,dot 1425,tubeless
IMG_8307[1] - Viren Viren.JPG,,img 8306 1 - viren viren.jpg,2.97,2.9,2.83,2.9,2.9,apollo,amazer 4g life,145/80 R13,75t,dot 5304,tubeless
IMG_8310[1] - Viren Viren.JPG,,img 8309 1 - viren viren.jpg,3.32,3.43,3.19,3.313333333333333,3.313333333333333,ceat,milaze x3,145/80 R12,75t,dot 3224,tubeless
IMG_8313[1] - Viren Viren.JPG,,img 8312 1 - viren viren.jpg,1.45,1.52,1.53,1.5,1.5,apollo,amazer 4g life,145/80 R12,74t,dot 3215,tubeless
IMG_8316[1] - Viren Viren.JPG,,img 8315 1 - viren viren.jpg,1.66,1.85,1.6,1.7033333333333331,1.7033333333333331,mrf,ztx,145/80 R12,74 s,dot 4018,tubeless
IMG_8319[1] - Viren Viren.JPG,,img 8318 1 - viren viren.jpg,3.34,3.24,3.22,3.266666666666667,3.266666666666667,ceat,milaze x3,145/80 R12,74t,dot 3224,tubeless
IMG_8322[1] - Viren Viren.JPG,,img 8321 1 - viren viren.jpg,3.63,3.3,3.66,3.53,3.53,ceat,milaze x3,145/80 R12,74t,dot 5224,tubeless
IMG_8325[1] - Viren Viren.JPG,,img 8324 1 - viren viren.jpg,1.48,1.45,1.42,1.45,1.45,mrf,zvts,145/80 R12,74 s,dot 4419,tubeless
IMG_8328[1] - Viren Viren.JPG,,img 8327 1 - viren viren.jpg,1.39,1.38,1.64,1.4699999999999998,1.4699999999999998,mrf,zvts,145/80 R12,74 s,dot 4319,tubeless
IMG_8372[1] - Viren Viren.JPG,,img 8373 1 - viren viren.jpg,3.08,3.21,3.34,3.18,3.2025,ceat,securadrive,185/65 R16,91 h,dot 3722,tubeless
IMG_8375[1] - Viren Viren.JPG,,img 8376 1 - viren viren.jpg,2.8,2.75,2.75,2.79,2.7725,ceat,securadrive,205/55/R 16,91 h,dot 3722,tubeless
IMG_8381[1] - Viren Viren.JPG,,img 8382 1 - viren viren.jpg,2.38,2.94,2.06,2.6,2.495,apollo,alnac 4gs,215/60/R 16,95 h,dot 5221,tubeless
IMG_8384[1] - Viren Viren.JPG,,img 8385 1 - viren viren.jpg,2.17,2.79,2.8,2.26,2.505,apollo,alnac 4gs,215/60/R 16,95 h,dot 5121,tubeless
IMG_8387[1] - Viren Viren.JPG,,img 8389 1 - viren viren.jpg,1.99,2.61,2.72,2.17,2.3725,apollo,alnac 4gs,215/60/R 16,95 h,dot 5121,tubeless
IMG_8394[1] - Viren Viren.JPG,,img 8395 1 - viren viren.jpg,1.66,1.88,2.1,1.88,1.88,bridgestone,ecopia ep150,195/55 R16,87 v,dot 3022,tubeless
IMG_8397[1] - Viren Viren.JPG,,img 8398 1 - viren viren.jpg,1.5,1.64,1.79,1.643333333333333,1.643333333333333,bridgestone,ecopia ep150,195/55 R16,87 v,dot 3022,tubeless
IMG_8400[1] - Viren Viren.JPG,,img 8401 1 - viren viren.jpg,1.37,1.52,1.77,1.5533333333333337,1.5533333333333337,bridgestone,ecopia ep150,195/55 R16,87 v,dot 2822,tubeless
IMG_8403[1] - Viren Viren.JPG,,img 8404 1 - viren viren.jpg,2.28,2.63,2.74,2.5500000000000003,2.5500000000000003,apollo,alnac 4g,185/65 R15,88 h,dot 1225,tubeless
IMG_8406[1] - Viren Viren.JPG,,img 8407 1 - viren viren.jpg,2.09,3.4,3.49,3.07,3.0125,apollo,alnac 4g,185/65 R15,88 h,dot 1225,tubeless
IMG_8409[1] - Viren Viren.JPG,,img 8410 1 - viren viren.jpg,3.14,3.58,3.5,3.21,3.3575,apollo,alnac 4g,185/65 R15,88 h,dot 1225,tubeless
IMG_8412[1] - Viren Viren.JPG,,img 8413 1 - viren viren.jpg,2.78,2.31,2.94,2.69,2.68,apollo,alnac 4g,185/65 R15,88 h,dot 1225,tubeless
IMG_8415[1] - Viren Viren.JPG,,img 8416 1 - viren viren.jpg,3.34,3.66,2.48,3.16,3.16,ceat,milaze x3,145/80 R12,74t,dot 0225,tubeless
IMG_8418[1] - Viren Viren.JPG,,img 8419 1 - viren viren.jpg,3.49,3.61,3.47,3.523333333333333,3.523333333333333,ceat,milaze x3,145/80 R12,74t,dot 0225,tubeless
IMG_8421[1] - Viren Viren.JPG,,img 8422 1 - viren viren.jpg,3.12,3.05,3.05,3.073333333333333,3.073333333333333,ceat,milaze x3,145/80 R12,74 t,dot 0225,tubeless
IMG_8424[1] - Viren Viren.JPG,,img 8425 1 - viren viren.jpg,3.41,3.18,3.1,3.23,3.23,ceat,milaze x3,145/80 R12,74 t,dot 0225,tubeless
IMG_8427[1] - Viren Viren.JPG,,img 8428 1 - viren viren.jpg,0.99,0.75,0.87,0.46,0.7675,continental,ultracontactuc6,205/55 R16,91 v,dot 4822,tubeless
IMG_8430[1] - Viren Viren.JPG,,img 8431 1 - viren viren.jpg,2.2,2.2,2.36,2.0,2.19,continental,ultracontactuc6,205/55 R16,91 v,dot 0922,tubeless
IMG_8433[1] - Viren Viren.JPG,,img 8434 1 - viren viren.jpg,1.9,2.19,2.68,1.91,2.17,continental,ultracontactuc6,205/55 R16,91 v,dot 4822,tubeless
IMG_8436[1] - Viren Viren.JPG,,img 8437 1 - viren viren.jpg,3.55,3.29,3.12,3.3200000000000003,3.3200000000000003,apollo,amazer 4g life,155/65 R14,75 t,dot 4922,tubeless
IMG_8439[1] - Viren Viren.JPG,,img 8440 1 - viren viren.jpg,3.56,2.57,3.56,3.23,3.23,apollo,amazer 4g life,155/65 R14,75 t,dot 1123,tubeless
IMG_8442[1] - Viren Viren.JPG,,img 8443 1 - viren viren.jpg,3.5,3.9,3.44,3.613333333333333,3.613333333333333,apollo,amazer 4g life,155/65 R14,75 t,dot 1123,tubeless
IMG_8445[1] - Viren Viren.JPG,,img 8446 1 - viren viren.jpg,3.05,3.21,2.95,3.0700000000000003,3.0700000000000003,apollo,amazer 4g life,155/65 R14,75 t,dot 1123,tubeless
IMG_8448[1] - Viren Viren.JPG,,img 8449 1 - viren viren.jpg,3.28,3.47,3.29,3.3466666666666662,3.3466666666666662,ceat,securadrive,175/65 R15,84h,dot 3825,tubeless
IMG_8451[1] - Viren Viren.JPG,,img 8452 1 - viren viren.jpg,2.99,3.25,2.96,3.0666666666666664,3.0666666666666664,ceat,securadrive,175/65 R15,84h,dot 3825,tubeless
IMG_8454[1] - Viren Viren.JPG,,img 8455 1 - viren viren.jpg,3.28,3.41,3.17,3.286666666666666,3.286666666666666,ceat,securadrive,175/65 R15,84h,dot 3825,tubeless
IMG_8458[1] - Viren Viren.JPG,,img 8457 1 - viren viren.jpg,3.08,3.28,2.97,3.11,3.11,ceat,securadrive,175/65 R15,84h,dot 3823,tubeless
IMG_8461[1] - Viren Viren.JPG,,img 8460 1 - viren viren.jpg,2.22,2.07,2.12,1.94,2.0875,pirelli,cinturato p7,225/55 R17,97y,dot 1423,tubeless
IMG_8464[1] - Viren Viren.JPG,,img 8463 1 - viren viren.jpg,1.75,2.1,2.04,2.11,2.0,pirelli,cinturato p7,225/55 R17,97y,dot 2623,tubeless
IMG_8467[1] - Viren Viren.JPG,,img 8466 1 - viren viren.jpg,3.11,3.26,3.53,2.87,3.1925,pirelli,cinturato p7,225/55 R17,97y,dot 2623,tubeless
IMG_8469[1] - Viren Viren.JPG,,img 8470 1 - viren viren.jpg,2.55,2.51,2.76,2.62,2.61,jk tyre,ux royale,215/55 R18,95 h,dot 2025,tubeless
IMG_8472[1] - Viren Viren.JPG,,img 8473 1 - viren viren.jpg,3.01,3.09,2.78,2.82,2.925,jk tyre,ux royale,215/55 R18,95 h,dot 1325,tubeless
IMG_8476[1] - Viren Viren.JPG,,img 8477 1 - viren viren.jpg,2.7,2.61,2.98,2.98,2.8175000000000003,jk tyre,ux royale,215/55 R18,95 h,dot 1625,tubeless
IMG_8479[1] - Viren Viren.JPG,,img 8480 1 - viren viren.jpg,3.16,3.25,3.36,3.0,3.1925,jk tyre,ux royale,215/55 R18,95 h,dot 1825,tubeless
IMG_8482[1] - Viren Viren.JPG,,img 8483 1 - viren viren.jpg,2.03,2.36,2.31,1.94,2.16,apollo,alnac 4g,185/65 R15,88 h,dot 4422,tubeless
IMG_8485[1] - Viren Viren.JPG,,img 8486 1 - viren viren.jpg,2.61,2.78,2.76,2.47,2.655,apollo,alnac 4g,185/65 R15,88 h,dot 4522,tubeless
IMG_8489[1] - Viren Viren.JPG,,img 8488 1 - viren viren.jpg,1.92,2.22,2.23,1.8,2.0425000000000004,apollo,alnac 4g,185/65 R15,88 h,dot 4422,tubeless
IMG_8491[1] - Viren Viren.JPG,,img 8492 1 - viren viren.jpg,2.92,3.28,3.32,3.2,3.18,jk tyre,ux royale,215/55 R18,95 h,dot 1824,tubeless
IMG_8494[1] - Viren Viren.JPG,,img 8495 1 - viren viren.jpg,2.69,2.8,3.36,3.81,3.165,jk tyre,ux royale,215/55 R18,95 h,dot 1724,tubeless
IMG_8497[1] - Viren Viren.JPG,,img 8498 1 - viren viren.jpg,2.6,2.67,3.0,2.46,2.6825,jk tyre,ux royale,215/55 R18,95 h,dot 2124,tubeless
IMG_8500[1] - Viren Viren.JPG,,img 8501 1 - viren viren.jpg,2.8,3.0,3.24,3.0,3.01,jk tyre,ux royale,215/55 R18,95 h,dot 1924,tubeless
IMG_8826 - Viren Viren.JPG,,img 8827 - viren viren.jpg,0.92,1.14,1.64,1.2333333333333334,1.2333333333333334,apollo,alnac 4g,185/65 R15,88 h,dot 0118,tubeless
IMG_8829 - Viren Viren.JPG,,img 8830 1 - viren viren.jpg,3.7,4.27,3.28,3.75,3.75,bridgestone,sturdo,185/65 R15,88 h,dot 4423,tubeless
IMG_8832 - Viren Viren.JPG,,img 8833 - viren viren.jpg,4.15,4.64,4.49,4.426666666666667,4.426666666666667,bridgestone,sturdo,185/65 R15,88 h,dot 4423,tubeless
IMG_8835[1] - Viren Viren.JPG,,img 8836 1 - viren viren.jpg,2.38,2.23,2.18,2.24,2.2575,apollo,alnac 4g,185/65 R15,88 h,dot 0218,tubeless
IMG_8838 - Viren Viren.JPG,,img 8839 - viren viren.jpg,3.8,3.36,2.49,3.216666666666667,3.216666666666667,mrf,zvtv,165/70 R14,81s,,tubeless
IMG_8841 - Viren Viren.JPG,,img 8842 - viren viren.jpg,4.27,4.99,4.96,4.739999999999999,4.739999999999999,mrf,zvtv,165/70 R14,81s,,tubeless
IMG_8844[1] - Viren Viren.JPG,,img 8845 - viren viren.jpg,3.48,3.57,3.65,3.16,3.465,yokohama,earth-1,175/65 R14,88 h,dot 4022,tubeless
IMG_8847 - Viren Viren.JPG,,img 8848 - viren viren.jpg,4.34,4.58,5.27,4.73,4.73,mrf,zvtv,175/65 R14,82 h,,tubeless
IMG_8850 - Viren Viren.JPG,,img 8851 - viren viren.jpg,2.91,3.26,3.05,2.61,2.9575,yokohama,earth-1,175/65 R14,88 h,dot 4022,tubeless
IMG_8853 - Viren Viren.JPG,,img 8854 - viren viren.jpg,4.24,5.02,5.0,4.753333333333333,4.753333333333333,mrf,zvtv,175/65 R14,82 h,dot 2718,tubeless
IMG_8856 - Viren Viren.JPG,,img 8857 - viren viren.jpg,6.28,6.22,5.87,6.123333333333334,6.123333333333334,jk tyre,taximax,155/80/R13,79t,dot 0222,tubeless
IMG_8859[1] - Viren Viren.JPG,,img 8860 - viren viren.jpg,3.94,3.26,2.43,3.2099999999999995,3.2099999999999995,jk tyre,taximax,155/80/R13,79t,dot 1822,tubeless
IMG_8862 - Viren Viren.JPG,,img 8863 - viren viren.jpg,4.69,3.02,2.44,3.3833333333333333,3.3833333333333333,jk tyre,taximax,155/80/R13,79t,dot 0922,tubeless
IMG_8865 - Viren Viren.JPG,,img 8866 - viren viren.jpg,6.37,6.23,5.92,6.173333333333335,6.173333333333335,jk tyre,taximax,155/80/R13,79t,dot 1822,tubeless
IMG_8868 - Viren Viren.JPG,,img 8869 - viren viren.jpg,4.24,5.3,4.55,4.696666666666666,4.696666666666666,mrf,ecotread gcag,185/60/R16,86h,dot 1723,tubeless
IMG_8871 - Viren Viren.JPG,,img 8872 - viren viren.jpg,7.3,7.39,7.3,7.329999999999999,7.329999999999999,ceat,milaze x5,165/80 R14,85s,dot 1225,tubeless
IMG_8874 - Viren Viren.JPG,,img 8875 - viren viren.jpg,6.17,7.85,7.72,7.246666666666666,7.246666666666666,ceat,milaze x5,165/80 R14,85s,dot 1225,tubeless
IMG_8877 - Viren Viren.JPG,,img 8878 - viren viren.jpg,8.08,7.81,6.91,7.6,7.6,ceat,milaze x5,165/80 R14,85s,dot 1225,tubeless
IMG_8880 - Viren Viren.JPG,,img 8882 - viren viren.jpg,5.88,6.38,6.57,5.55,6.095,ceat,securedrive,215/55 R18,95h,dot 1825,tubeless
IMG_8884 - Viren Viren.JPG,,img 8885 - viren viren.jpg,6.64,7.74,7.32,6.29,6.9975,ceat,securedrive,215/55 R18,95h,dot 1825,tubeless
IMG_8887 - Viren Viren.JPG,,img 8888 - viren viren.jpg,7.0,6.99,7.39,6.8,7.045,yokohama,earth-1,195/55 R16,87v,dot 3725,tubeless
IMG_8890 - Viren Viren.JPG,,img 8891 - viren viren.jpg,7.03,7.22,7.66,7.3,7.3025,yokohama,earth-1,195/55 R16,87v,dot 3725,tubeless
IMG_8893 - Viren Viren.JPG,,img 8894 - viren viren.jpg,7.01,7.44,7.41,7.05,7.2275,yokohama,earth-1,195/55 R16,87v,dot 3725,tubeless
IMG_8896 - Viren Viren.JPG,,img 8897 - viren viren.jpg,6.9,7.21,7.21,6.46,6.945,yokohama,earth-1,195/55 R16,87v,dot 3325,tubeless
IMG_8899 - Viren Viren.JPG,,img 8901 - viren viren.jpg,6.94,7.41,7.31,7.15,7.202500000000001,jk tyre,ux royale,215/55 R18,95 h,dot 4625,tubeless
IMG_8903 - Viren Viren.JPG,,img 8904 - viren viren.jpg,7.05,7.26,7.31,6.91,7.132499999999999,jk tyre,ux royale,215/55 R18,95 h,dot 4625,tubeless
IMG_8906 - Viren Viren.JPG,,img 8907 - viren viren.jpg,6.65,6.77,7.08,6.46,6.74,jk tyre,ux royale,215/55 R18,95 h,dot 4625,tubeless
IMG_8909 - Viren Viren.JPG,,img 8910 - viren viren.jpg,7.09,7.38,7.5,7.08,7.262499999999999,goodyear,efficient performance,215/55 R18,95 h,dot 3425,tubeless
IMG_8912 - Viren Viren.JPG,,img 8913 - viren viren.jpg,6.91,7.3,6.91,6.73,6.9625,goodyear,efficient performance,215/55 R18,95 h,dot 3425,tubeless
IMG_8916 - Viren Viren.JPG,,img 8917 - viren viren.jpg,6.73,6.96,6.97,6.96,6.905,goodyear,efficient performance,215/55 R18,95 h,dot 3425,tubeless
IMG_8919 - Viren Viren.JPG,,img 8920 - viren viren.jpg,7.15,7.3,7.3,7.09,7.21,goodyear,efficient performance,215/55 R18,95 h,dot 3725,tubeless
IMG_8781 - Viren Viren.JPG,,img 8782 - viren viren.jpg,6.5,6.91,6.62,6.676666666666667,6.676666666666667,ceat,milaze x3,185/65 R15,88t,dot 3824,tubeless
IMG_8784 - Viren Viren.JPG,,img 8785 - viren viren.jpg,7.76,8.08,7.67,7.836666666666666,7.836666666666666,ceat,milaze x5,165/80 R15,88t,dot 0226,tubeless
IMG_8787 - Viren Viren.JPG,,img 8788 - viren viren.jpg,6.13,6.68,6.47,6.426666666666666,6.426666666666666,ceat,milaze x5,165/80 R15,88t,dot 3824,tubeless
IMG_8790 - Viren Viren.JPG,,img 8791 - viren viren.jpg,4.13,6.52,5.55,5.8,5.5,bridgestone,turanza t001,195/65 R16,89h,dot 3222,tubeless
IMG_8793 - Viren Viren.JPG,,img 8794 - viren viren.jpg,4.46,6.14,5.66,5.69,5.4875,bridgestone,turanza t001,195/65 R16,89h,dot 3222,tubeless
IMG_8796 - Viren Viren.JPG,,img 8797 - viren viren.jpg,1.74,2.71,2.61,2.353333333333333,2.353333333333333,goodyear,assurance duraplus dp-m1,165/70 R14,81s,dot 5021,tubeless
IMG_8799 - Viren Viren.JPG,,img 8800 - viren viren.jpg,4.81,6.08,6.27,5.09,5.5625,bridgestone,turanza t001,195/65 R16,89h,dot 4422,tubeless
IMG_8802 - Viren Viren.JPG,,img 8803 - viren viren.jpg,5.21,6.59,6.52,5.95,6.0675,bridgestone,turanza t001,195/65 R16,89h,dot 3222,tubeless
IMG_8805 - Viren Viren.JPG,,img 8806 - viren viren.jpg,2.14,2.68,2.34,2.3866666666666667,2.3866666666666667,goodyear,assurance duraplus dp-m1,165/70 R14,81s,dot 5021,tubeless
IMG_8808 - Viren Viren.JPG,,img 8809 - viren viren.jpg,2.9,3.19,3.09,3.06,3.06,goodyear,assurance duraplus dp-m1,165/70 R14,81s,dot 5021,tubeless
IMG_8811 - Viren Viren.JPG,,img 8812 - viren viren.jpg,2.56,3.05,3.0,2.87,2.87,goodyear,assurance duraplus dp-m1,165/70 R14,81s,dot 5021,tubeless
IMG_8814 - Viren Viren.JPG,,img 8815 - viren viren.jpg,5.66,5.38,4.97,5.336666666666666,5.336666666666666,bridgestone,s248,145/80 R12,74s,dot 5224,tubeless
IMG_8817 - Viren Viren.JPG,,img 8818 - viren viren.jpg,1.95,2.19,1.09,1.7433333333333332,1.7433333333333332,bridgestone,s248,145/80 R12,74s,dot 0418,tubeless
IMG_8820 - Viren Viren.JPG,,img 8821 - viren viren.jpg,5.76,5.92,5.14,5.6066666666666665,5.6066666666666665,apollo,amazer 4g life,145/80 R12,74t,dot 1824,tubeless
IMG_8939 - Viren Viren.JPG,,img 8940 - viren viren.jpg,3.88,4.21,4.31,4.07,4.1175,mrf,wanderer ecotread street n2,215/60 R16,95h,,tubeless
IMG_8942 - Viren Viren.JPG,,img 8943 - viren viren.jpg,3.92,4.09,4.66,4.1,4.1925,mrf,wanderer ecotread street n2,215/60 R16,95h,dot 2524,tubeless
IMG_8945 - Viren Viren.JPG,,img 8946 - viren viren.jpg,3.9,4.21,4.28,4.12,4.1275,mrf,wanderer ecotread street n2,215/60 R16,95h,,tubeless
IMG_8948 - Viren Viren.JPG,,img 8949 - viren viren.jpg,4.05,4.63,4.43,4.53,4.41,mrf,wanderer ecotread street n2,215/60 R16,95h,dot 2524,tubeless
IMG_8951 - Viren Viren.JPG,,img 8952 - viren viren.jpg,6.03,6.32,5.89,6.080000000000001,6.080000000000001,mrf,zvts,155/65 R14,75s,dot 4425,tubeless
IMG_8954 - Viren Viren.JPG,,img 8955 - viren viren.jpg,5.87,6.55,6.71,6.376666666666666,6.376666666666666,mrf,zvts,155/65 R14,75s,dot 4425,tubeless
IMG_8957 - Viren Viren.JPG,,img 8958 - viren viren.jpg,6.46,6.53,5.96,6.316666666666666,6.316666666666666,mrf,zvts,155/65 R14,75s,,tubeless
IMG_8960 - Viren Viren.JPG,,img 8961 - viren viren.jpg,6.13,6.34,6.39,6.286666666666666,6.286666666666666,mrf,zvts,155/65 R14,75s,dot 4425,tubeless
IMG_8963 - Viren Viren.JPG,,img 8964 - viren viren.jpg,3.36,3.06,3.42,3.87,3.4275,apollo,alnac 4g,215/60 R17,96h,dot 1923,tubeless
IMG_8966 - Viren Viren.JPG,,img 8967 - viren viren.jpg,5.41,5.61,5.81,5.74,5.6425,apollo,alnac 4g,215/60 R17,96h,dot 1923,tubeless
IMG_8969 - Viren Viren.JPG,,img 8970 - viren viren.jpg,5.05,5.09,5.22,5.61,5.2425,apollo,alnac 4g,215/60 R17,96h,dot 1923,tubeless
IMG_8972 - Viren Viren.JPG,,img 8973 - viren viren.jpg,3.64,3.48,3.45,3.56,3.5325,apollo,alnac 4g,215/60 R17,96h,dot 1923,tubeless
IMG_8975 - Viren Viren.JPG,,img 8976 - viren viren.jpg,5.5,5.55,5.28,5.443333333333334,5.443333333333334,jk tyre,ultima-xpc1,155/R13 C,90 - 89 s,dot 4523,tubeless
IMG_8978 - Viren Viren.JPG,,img 8979 - viren viren.jpg,5.91,6.3,6.05,6.086666666666667,6.086666666666667,jk tyre,ultima-xpc1,155/R13 C,90 - 89 s,dot 4523,tubeless
IMG_8981 - Viren Viren.JPG,,img 8982 - viren viren.jpg,5.76,5.96,6.17,5.963333333333334,5.963333333333334,jk tyre,ultima-xpc1,155/R13 C,90 - 89 s,dot 4522,tubeless
IMG_8984 - Viren Viren.JPG,,img 8985 - viren viren.jpg,5.45,6.0,5.83,5.760000000000001,5.760000000000001,jk tyre,ultima-xpc1,155/R13 C,90 - 89 s,dot 4523,tubeless
IMG_8987 - Viren Viren.JPG,,img 8988 - viren viren.jpg,6.03,3.37,6.31,6.45,5.54,mrf,zlo,185/70 R14,88t,dot 5224,tubeless
IMG_8990 - Viren Viren.JPG,,img 8991 - viren viren.jpg,1.32,2.41,1.92,1.8833333333333333,1.8833333333333333,goodyear,assurance triplemax,185/70 R14,88t,dot 2619,tubeless
IMG_8993 - Viren Viren.JPG,,img 8994 - viren viren.jpg,4.05,3.88,4.11,4.013333333333333,4.013333333333333,goodyear,assurance duraplus,185/70 R14,88t,dot 3815,tubeless
IMG_8996 - Viren Viren.JPG,,img 8997 - viren viren.jpg,5.95,6.1,6.1,6.08,6.057499999999999,mrf,zlo,185/70 R14,88t,dot 5224,tubeless
IMG_8999 - Viren Viren.JPG,,img 9001 - viren viren.jpg,4.45,4.9,4.94,4.29,4.6450000000000005,michelin,primacy 4,215/55 R14,94v,dot 2424,tubeless
IMG_9003 - Viren Viren.JPG,,img 9004 - viren viren.jpg,4.37,4.76,5.34,4.48,4.7375,michelin,primacy 4,215/55 R14,94v,dot 2824,tubeless
IMG_9006 - Viren Viren.JPG,,img 9007 - viren viren.jpg,4.32,5.13,5.17,4.89,4.8775,michelin,primacy 4,215/55 R14,94v,dot 2424,tubeless
IMG_9009 - Viren Viren.JPG,,img 9010 - viren viren.jpg,4.45,5.01,4.95,4.89,4.825,michelin,primacy 4,215/55 R14,94v,dot 2424,tubeless
IMG_9012 - Viren Viren.JPG,,img 9013 - viren viren.jpg,4.93,5.5,5.69,4.62,5.1850000000000005,apollo,alnac 4g,195/55 R16,87h,dot 5022,tubeless
IMG_9015 - Viren Viren.JPG,,img 9016 - viren viren.jpg,4.6,5.74,5.57,5.21,5.28,apollo,alnac 4g,195/55 R16,87h,,tubeless
IMG_9018 - Viren Viren.JPG,,img 9019 - viren viren.jpg,5.38,6.02,6.1,5.34,5.71,apollo,alnac 4g,195/55 R16,87h,dot 5022,tubeless
IMG_9021 - Viren Viren.JPG,,img 9022 - viren viren.jpg,3.6,3.31,3.17,3.36,3.36,ceat,fuel smart,165/70 R14,81t,dot 148,tubeless
IMG_9024 - Viren Viren.JPG,,img 9025 - viren viren.jpg,3.06,3.49,3.31,3.286666666666667,3.286666666666667,ceat,fuel smart,165/70 R14,81t,dot 148,tubeless
IMG_9027 - Viren Viren.JPG,,img 9028 - viren viren.jpg,3.07,2.58,1.84,2.4966666666666666,2.4966666666666666,ceat,fuel smart,165/70 R14,81t,dot 148,tubeless
IMG_9030 - Viren Viren.JPG,,img 9031 - viren viren.jpg,5.05,5.3,4.94,5.096666666666667,5.096666666666667,bridgestone,sturdo,195/65 R15,91h,,tubeless
IMG_9033 - Viren Viren.JPG,,img 9034 - viren viren.jpg,4.37,5.04,4.5,4.636666666666667,4.636666666666667,bridgestone,sturdo,195/65 R15,91h,,tubeless
IMG_9036 - Viren Viren.JPG,,img 9037 - viren viren.jpg,4.88,5.24,4.96,5.026666666666667,5.026666666666667,bridgestone,sturdo,195/65 R15,91h,dot 4923,tubeless
IMG_9039 - Viren Viren.JPG,,img 9040 - viren viren.jpg,4.95,4.69,5.03,4.890000000000001,4.890000000000001,bridgestone,sturdo,195/65 R15,91h,,tubeless
IMG_9042 - Viren Viren.JPG,,img 9043 - viren viren.jpg,6.17,6.82,6.83,5.84,6.415,apollo,apterra cross,215/60 R17,96h,dot 3125,tubeless
IMG_9045 - Viren Viren.JPG,,img 9046 - viren viren.jpg,6.26,7.03,6.82,6.05,6.54,apollo,apterra cross,215/60 R17,96h,dot 3025,tubeless
IMG_9048 - Viren Viren.JPG,,img 9049 - viren viren.jpg,6.49,7.63,7.32,6.75,7.0475,apollo,apterra cross,215/60 R17,96h,dot 3025,tubeless
IMG_9051 - Viren Viren.JPG,,img 9052 - viren viren.jpg,6.48,7.41,7.25,6.67,6.952500000000001,apollo,apterra cross,215/60 R17,96h,dot 3025,tubeless
IMG_9054 - Viren Viren.JPG,,img 9055 - viren viren.jpg,3.93,3.81,4.0,3.65,3.8475,ceat,securadrive,215/60 R16,95h,dot 4621,tubeless
IMG_9057 - Viren Viren.JPG,,img 9058 - viren viren.jpg,2.69,3.25,3.69,2.87,3.125,ceat,securadrive,215/60 R16,95h,dot 4221,tubeless
IMG_9060 - Viren Viren.JPG,,img 9061 - viren viren.jpg,3.55,3.93,4.04,4.04,3.89,ceat,securadrive,215/60 R16,95h,dot 4621,tubeless
IMG_9063 - Viren Viren.JPG,,img 9064 - viren viren.jpg,4.16,4.21,4.52,4.39,4.32,ceat,securadrive,215/60 R16,95h,dot 4221,tubeless
IMG_9066 - Viren Viren.JPG,,img 9067 - viren viren.jpg,6.64,7.17,7.36,6.98,7.0375,apollo,apterra cross,215/60 R17,96h,dot 3625,tubeless
IMG_9069 - Viren Viren.JPG,,img 9070 - viren viren.jpg,6.5,6.97,6.93,6.69,6.7725,apollo,apterra cross,215/60 R17,96h,dot 3625,tubeless
IMG_9072 - Viren Viren.JPG,,img 9073 - viren viren.jpg,6.9,7.09,7.22,6.46,6.9175,apollo,apterra cross,215/60 R17,96h,dot 2725,tubeless
IMG_9075 - Viren Viren.JPG,,img 9077 - viren viren.jpg,5.87,6.7,6.55,5.93,6.2625,apollo,apterra cross,215/60 R17,96h,dot 2725,tubeless
IMG_9079 - Viren Viren.JPG,,img 9082 - viren viren.jpg,3.86,3.0,3.43,3.43,3.43,goodyear,assurance duraplus,155/80 R13,79t,dot 4124,tubeless
IMG_9084 - Viren Viren.JPG,,img 9085 - viren viren.jpg,2.47,2.91,2.6900000000000004,2.69,2.69,goodyear,assurance duraplus,155/80 R13,79t,dot 3926,tubeless
IMG_9087 - Viren Viren.JPG,,img 9088 - viren viren.jpg,3.77,3.6,3.84,3.736666666666667,3.736666666666667,michelin,energy saver,195/65 R15,91h,dot 2018,tubeless
IMG_9090 - Viren Viren.JPG,,img 9091 - viren viren.jpg,4.49,4.77,4.05,4.4366666666666665,4.4366666666666665,bridgestone,ecopia ep150,185/65 R15,88t,dot 3423,tubeless
IMG_9094 - Viren Viren.JPG,,img 9095 - viren viren.jpg,0.2,0.1,0.69,0.33,0.33,kelly,vfm 3,165/80 R14,85t,dot 0922,tubeless
IMG_9097 - Viren Viren.JPG,,img 9098 - viren viren.jpg,3.98,3.52,4.01,3.8366666666666656,3.8366666666666656,kelly,vfm 3,165/80 R14,85t,dot 2824,tubeless
IMG_9101 - Viren Viren.JPG,,img 9102 - viren viren.jpg,5.66,5.84,5.45,5.65,5.65,bridgestone,sturdo,165/70 R14,81t,dot 2325,tubeless
IMG_9104 - Viren Viren.JPG,,img 9105 - viren viren.jpg,5.8,5.78,5.37,5.65,5.65,bridgestone,sturdo,165/70 R14,81t,dot 2325,tubeless
IMG_9107 - Viren Viren.JPG,,img 9108 - viren viren.jpg,5.29,5.67,5.52,5.493333333333333,5.493333333333333,bridgestone,sturdo,165/70 R14,81t,dot 2325,tubeless
IMG_9110 - Viren Viren.JPG,,img 9111 - viren viren.jpg,3.05,3.69,3.15,2.33,3.055,mrf,wanderer ecotread street n2,215/60 R16,95h,dot 3018,tubeless
IMG_9113 - Viren Viren.JPG,,img 9114 - viren viren.jpg,0.94,0.68,1.23,2.08,1.2325,mrf,wanderer ecotread street n2,215/60 R16,95h,dot 3019,tubeless
IMG_9116 - Viren Viren.JPG,,img 9117 - viren viren.jpg,4.55,4.91,4.49,4.65,4.65,mrf,zvtv ecotread,185/65 R15,81s,dot 0919,tubeless
IMG_9119 - Viren Viren.JPG,,img 9120 - viren viren.jpg,4.6,5.22,4.96,4.926666666666667,4.926666666666667,mrf,zvtv ecotread,185/65 R15,81s,dot 4424,tubeless
IMG_9123 - Viren Viren.JPG,,img 9124 - viren viren.jpg,5.13,4.89,5.58,5.2,5.2,mrf,zvtv ecotread,185/65 R15,81s,,tubeless
IMG_9126 - Viren Viren.JPG,,img 9127 - viren viren.jpg,5.13,5.73,5.24,5.366666666666667,5.366666666666667,mrf,zvtv ecotread,185/65 R15,81s,dot 3724,tubeless
IMG_9129 - Viren Viren.JPG,,img 9130 - viren viren.jpg,5.66,5.87,5.75,5.760000000000001,5.760000000000001,apollo,amazer 4g life,155/65 R14,75 t,dot 2023,tubeless
IMG_9132 - Viren Viren.JPG,,img 9133 - viren viren.jpg,3.35,4.58,4.3,4.076666666666667,4.076666666666667,apollo,amazer 4g life,155/65 R14,75 t,,tubeless
IMG_9135 - Viren Viren.JPG,,img 9136 - viren viren.jpg,4.13,4.73,4.28,4.38,4.38,apollo,amazer 4g life,155/65 R14,75 t,,tubeless
IMG_9138 - Viren Viren.JPG,,img 9139 - viren viren.jpg,4.23,5.54,4.84,4.87,4.87,apollo,amazer 4g life,155/65 R14,75 t,,tubeless
IMG_9200 - Viren Viren.JPG,,img 9201 - viren viren.jpg,3.87,3.08,3.84,4.46,3.8125,apollo,apterra cross,215/60 R17,96h,dot 4222,tubeless
IMG_9301 - Viren Viren.JPG,,img 9302 - viren viren.jpg,5.35,5.83,5.82,5.0,5.5,apollo,alnac 4g,195/55 R16,87 h,dot 2822,tubeless
IMG_9304 - Viren Viren.JPG,,img 9305 - viren viren.jpg,0.66,1.18,1.12,0.34,0.825,yokohama,earth-1,165/80 R14,85 t,dot 2119,tubeless
IMG_9307 - Viren Viren.JPG,,img 9308 - viren viren.jpg,0.69,0.36,1.14,0.37,0.6399999999999999,yokohama,earth-1,165/80 R14,85 t,dot 2119,tubeless
IMG_9310 - Viren Viren.JPG,,img 9312 - viren viren.jpg,6.69,7.45,7.18,6.24,6.890000000000001,apollo,alnac 4g,185/70 R15,89h,dot 4624,tubeless
IMG_9314 - Viren Viren.JPG,,img 9315 - viren viren.jpg,6.7,6.41,6.61,6.31,6.507499999999999,apollo,alnac 4g,185/70 R15,89h,dot 4624,tubeless
IMG_9317 - Viren Viren.JPG,,img 9318 - viren viren.jpg,6.89,7.46,7.34,6.51,7.049999999999999,apollo,alnac 4g,185/70 R15,89h,dot 4624,tubeless
IMG_9320 - Viren Viren.JPG,,img 9321 - viren viren.jpg,6.57,7.21,7.22,6.46,6.865,apollo,alnac 4g,185/70 R15,89h,dot 4624,tubeless
IMG_9323 - Viren Viren.JPG,,img 9324 - viren viren.jpg,7.87,7.27,7.27,7.03,7.36,bridgestone,turanza,255/55 R18,98v,dot 3725,tubeless
IMG_9326[1] - Viren Viren.JPG,,img 9327 - viren viren.jpg,5.9,7.5,7.51,6.57,6.87,bridgestone,turanza,255/55 R18,98v,dot 3726,tubeless
IMG_9329 - Viren Viren.JPG,,img 9330 - viren viren.jpg,5.81,7.34,6.68,6.91,6.685,bridgestone,turanza,255/55 R18,98v,dot 3625,tubeless
IMG_9332 - Viren Viren.JPG,,img 9333 - viren viren.jpg,3.34,3.87,3.94,3.29,3.61,goodyear,assurance triplemax,205/65 R16,95h,,tubeless
IMG_9335 - Viren Viren.JPG,,img 9336 - viren viren.jpg,3.62,4.06,4.35,4.07,4.025,bridgestone,turanza,255/55 R18,98v,dot 3725,tubeless
IMG_9344 - Viren Viren.JPG,,img 9345 - viren viren.jpg,3.01,3.4,3.32,3.4,3.2825,mrf,wanderer ecotread,215/60 R16,95h,dot 2922,tubeless
IMG_9347 - Viren Viren.JPG,,img 9348 - viren viren.jpg,3.19,3.66,3.71,4.02,3.645,goodyear,assurance triplemax,205/65 R16,95h,,tubeless
IMG_9350 - Viren Viren.JPG,,img 9351 - viren viren.jpg,3.17,3.62,3.46,3.45,3.425,mrf,wanderer ecotread,215/60 R16,95h,dot 2922,tubeless
IMG_9353 - Viren Viren.JPG,,img 9354 - viren viren.jpg,3.13,3.4,3.37,2.99,3.2225,mrf,wanderer ecotread,215/60 R16,95h,dot 2922,tubeless
IMG_9356 - Viren Viren.JPG,,img 9357 - viren viren.jpg,3.2,3.39,3.5,2.88,3.2425,mrf,wanderer ecotread,215/60 R16,95h,dot 2523,tubeless
IMG_9359 - Viren Viren.JPG,,img 9360 - viren viren.jpg,4.43,4.44,4.26,4.376666666666667,4.376666666666667,goodyear,duraplus,185/65 R15,88s,dot 0924,tubeless
IMG_9362 - Viren Viren.JPG,,img 9363 - viren viren.jpg,5.18,5.44,4.86,5.16,5.16,goodyear,duraplus,185/65 R15,88s,dot 0924,tubeless
IMG_9365 - Viren Viren.JPG,,img 9366 - viren viren.jpg,3.95,4.24,4.07,4.086666666666667,4.086666666666667,goodyear,duraplus,185/65 R15,88s,dot 0924,tubeless
IMG_9368 - Viren Viren.JPG,,img 9369 - viren viren.jpg,4.9,5.01,4.57,4.826666666666667,4.826666666666667,goodyear,duraplus,185/65 R15,88s,dot 0924,tubeless
IMG_9371 - Viren Viren.JPG,,img 9372 - viren viren.jpg,3.44,3.86,3.2,3.35,3.4625,ceat,securedrive,215/60 R16,95h,dot 2724,tubeless
IMG_9374 - Viren Viren.JPG,,img 9375 - viren viren.jpg,4.27,4.52,4.64,4.83,4.565,ceat,securedrive,215/60 R16,95h,dot 2724,tubeless
IMG_9377 - Viren Viren.JPG,,img 9378 - viren viren.jpg,4.66,5.38,5.17,4.82,5.0075,ceat,securedrive,215/60 R16,95h,dot 2724,tubeless
IMG_9380 - Viren Viren.JPG,,img 9381 - viren viren.jpg,3.8,4.13,4.48,4.15,4.140000000000001,ceat,securedrive,215/60 R16,95h,dot 2724,tubeless
IMG_9383 - Viren Viren.JPG,,img 9384 - viren viren.jpg,5.06,5.89,5.1,5.349999999999999,5.349999999999999,ceat,energydrive,185/70 R15,89h,dot 4824,tubeless
IMG_9386 - Viren Viren.JPG,,img 9387 - viren viren.jpg,4.71,5.31,4.94,4.986666666666667,4.986666666666667,ceat,energydrive,185/70 R15,89h,dot 4824,tubeless
IMG_9389 - Viren Viren.JPG,,img 9390 - viren viren.jpg,5.19,5.78,5.73,5.566666666666667,5.566666666666667,ceat,energydrive,185/70 R15,89h,dot 4824,tubeless
IMG_9392 - Viren Viren.JPG,,img 9393 - viren viren.jpg,4.61,4.42,4.72,4.53,4.57,ceat,securedrive,205/55 R16,91h,,tubeless
IMG_9395 - Viren Viren.JPG,,img 9396 - viren viren.jpg,2.21,2.27,2.24,2.24,2.24,apollo,amazer 4g,165/70 R14,81t,,tubeless
IMG_9398 - Viren Viren.JPG,,img 9399 - viren viren.jpg,1.38,3.38,2.03,2.263333333333333,2.263333333333333,jk tyre,ultima-xpc1,155/R13 C,90 - 89 s,,tubeless
IMG_9404 - Viren Viren.JPG,,img 9405 - viren viren.jpg,2.41,2.7,2.55,2.553333333333333,2.553333333333333,jk tyre,ultima-xpc1,155/R13 C,90 - 89 s,,tubeless
IMG_9407 - Viren Viren.JPG,,img 9408 - viren viren.jpg,3.51,3.05,2.99,3.1833333333333336,3.1833333333333336,bridgestone,ecopia ep150,175/65 R15,84h,dot 4022,tubeless
IMG_9410 - Viren Viren.JPG,,img 9411 - viren viren.jpg,3.29,3.29,2.28,2.953333333333333,2.953333333333333,bridgestone,ecopia ep150,175/65 R15,84h,dot 4022,tubeless
IMG_9413 - Viren Viren.JPG,,img 9414 - viren viren.jpg,7.49,7.41,7.33,7.18,7.3525,bridgestone,turanza,205/55 R16,91w,dot 2324,tubeless
IMG_9416 - Viren Viren.JPG,,img 9417 - viren viren.jpg,6.64,6.88,7.02,7.32,6.965,bridgestone,turanza,205/55 R16,91w,dot 2324,tubeless
IMG_9419 - Viren Viren.JPG,,img 9420 - viren viren.jpg,2.68,2.46,2.26,2.466666666666667,2.466666666666667,bridgestone,b290,145/80 R12,74t,dot 5317,tubeless
IMG_9423 - Viren Viren.JPG,,img 9424 - viren viren.jpg,4.4,4.13,4.52,4.3500000000000005,4.3500000000000005,bridgestone,b290,145/80 R12,74t,dot 5317,tubeless
IMG_9426 - Viren Viren.JPG,,img 9427 - viren viren.jpg,5.61,5.76,5.35,5.573333333333333,5.573333333333333,goodyear,assurance triplemax,165/70 R14,81t,dot 3524,tubeless
IMG_9429 - Viren Viren.JPG,,img 9431 - viren viren.jpg,5.15,5.6,5.53,4.8,5.2700000000000005,apollo,amazer 4g,165/65 R14,79t,dot 3525,tubeless
IMG_9433 - Shubham Chodankar.JPG,,img 9434 - shubham chodankar.jpg,1.34,2.13,2.13,1.8666666666666665,1.8666666666666665,mrf,zvtv,185/65 R15,88s,,tubeless
IMG_9498 - Ubaid Elahi Baba.JPG,,img 9541 - ubaid elahi baba.jpg,6.67,6.6,6.45,6.573333333333333,6.573333333333333,mrf,zlx,145/80 R12,74t,dot 4524,tubeless
IMG_9628 - Ubaid Elahi Baba.JPG,,img 9629 - ubaid elahi baba.jpg,7.33,7.39,7.67,7.463333333333334,7.463333333333334,mrf,wanderer,215/60 R17,96h,,tubeless
IMG_9631 - Ubaid Elahi Baba.JPG,,img 9632 - ubaid elahi baba.jpg,3.32,3.4,3.11,3.276666666666667,3.276666666666667,ceat,secura drive,205/55 R16,91h,dot 2223,tubeless
IMG_9634 - Ubaid Elahi Baba.JPG,,img 9635 - ubaid elahi baba.jpg,3.21,3.23,3.41,3.85,3.425,ceat,secura drive,205/55 R16,91h,dot 2123,tubeless
IMG_9637 - Ubaid Elahi Baba.JPG,,img 9638 - ubaid elahi baba.jpg,1.94,3.22,3.54,3.06,2.94,yokohama,earth-1,205/65 R16,95h,dot 4321,tubeless
IMG_9640 - Ubaid Elahi Baba.JPG,,img 9641 - ubaid elahi baba.jpg,3.41,3.87,3.48,3.5866666666666664,3.5866666666666664,bridgestone,sturdo,155/65 R14,75t,dot 2323,tubeless
IMG_9643 - Ubaid Elahi Baba.JPG,,img 9644 - ubaid elahi baba.jpg,3.23,3.48,3.33,3.3466666666666662,3.3466666666666662,bridgestone,sturdo,155/65 R14,75t,dot 2323,tubeless
IMG_9646 - Ubaid Elahi Baba.JPG,,img 9647 - ubaid elahi baba.jpg,3.82,5.17,5.44,4.6,4.7575,yokohama,earth-1,185/65 R15,88h,dot 0125,tubeless
IMG_9649 - Ubaid Elahi Baba.JPG,,img 9650 - ubaid elahi baba.jpg,5.55,6.75,6.83,6.67,6.450000000000001,yokohama,earth-1,185/65 R15,88h,dot 3425,tubeless
IMG_9652 - Ubaid Elahi Baba.JPG,,img 9653 - ubaid elahi baba.jpg,2.02,2.32,2.5,1.82,2.165,yokohama,earth-1,185/65 R15,88h,dot 4022,tubeless
IMG_9655 - Ubaid Elahi Baba.JPG,,img 9656 - ubaid elahi baba.jpg,2.84,2.98,2.97,2.93,2.93,bridgestone,b290,175/65 R14,88t,dot 1122,tubeless
IMG_9658 - Ubaid Elahi Baba.JPG,,img 9659 - ubaid elahi baba.jpg,6.3,6.24,5.75,6.096666666666667,6.096666666666667,goodyear,assurance triplemax,175/60 R15,81t,,tubeless
IMG_9662 - Ubaid Elahi Baba.JPG,,img 9663 - ubaid elahi baba.jpg,5.74,6.19,4.84,5.59,5.59,ceat,securadrive,185/70 R15,89h,dot 2723,tubeless
IMG_9665 - Ubaid Elahi Baba.JPG,,img 9666 - ubaid elahi baba.jpg,6.24,6.66,6.03,6.31,6.31,goodyear,assurance triplemax,175/60 R15,81t,dot 2825,tubeless
IMG_9668 - Ubaid Elahi Baba.JPG,,img 9669 - ubaid elahi baba.jpg,6.52,6.88,6.44,6.613333333333333,6.613333333333333,ceat,securadrive,185/70 R15,89h,dot 2723,tubeless
IMG_9671 - Ubaid Elahi Baba.JPG,,img 9672 - ubaid elahi baba.jpg,5.8,6.43,5.57,5.933333333333334,5.933333333333334,ceat,securadrive,185/70 R15,89h,dot 2723,tubeless
IMG_9674 - Ubaid Elahi Baba.JPG,,img 9675 - ubaid elahi baba.jpg,6.7,7.1,7.07,6.956666666666667,6.956666666666667,ceat,securadrive,185/70 R15,89h,dot 3623,tubeless
IMG_9677 - Ubaid Elahi Baba.JPG,,img 9678 - ubaid elahi baba.jpg,5.7,5.68,5.43,5.603333333333333,5.603333333333333,mrf,zlx,155/80 R13,79t,,tubeless
IMG_9680 - Ubaid Elahi Baba.JPG,,img 9681 - ubaid elahi baba.jpg,4.74,4.97,5.0,4.903333333333333,4.903333333333333,mrf,zlx,155/80 R13,79t,,tubeless
IMG_9683 - Ubaid Elahi Baba.JPG,,img 9684 - ubaid elahi baba.jpg,4.71,4.81,4.66,4.726666666666667,4.726666666666667,mrf,zlx,155/80 R13,79t,,tubeless
IMG_9686 - Ubaid Elahi Baba.JPG,,img 9687 - ubaid elahi baba.jpg,6.47,5.73,5.7,5.966666666666666,5.966666666666666,mrf,zlx,155/80 R13,79t,,tubeless
IMG_9689 - Ubaid Elahi Baba.JPG,,img 9690 - ubaid elahi baba.jpg,5.27,5.61,5.6,5.12,5.4,jk tyre,ux royale,215/60 R17,96h,dot 0326,tubeless
IMG_9692 - Ubaid Elahi Baba.JPG,,img 9693 - ubaid elahi baba.jpg,3.8,3.64,4.68,3.65,3.9425,jk tyre,ux royale,215/60 R17,96h,dot 0324,tubeless
IMG_9695 - Ubaid Elahi Baba.JPG,,img 9696 - ubaid elahi baba.jpg,5.41,5.52,5.67,5.61,5.5525,jk tyre,ux royale,215/60 R17,96h,dot 0326,tubeless
IMG_9698 - Ubaid Elahi Baba.JPG,,img 9699 - ubaid elahi baba.jpg,5.31,5.38,5.69,5.36,5.435,jk tyre,ux royale,215/60 R17,96h,dot 0324,tubeless
IMG_9701 - Ubaid Elahi Baba.JPG,,img 9702 - ubaid elahi baba.jpg,5.97,6.81,6.42,5.31,6.1275,apollo,alnac 4g,195/60 R16,89h,dot 4222,tubeless
IMG_9704 - Ubaid Elahi Baba.JPG,,img 9705 - ubaid elahi baba.jpg,4.5,5.19,5.17,3.81,4.6675,apollo,alnac 4g,195/60 R16,89h,dot 4222,tubeless
IMG_9707 - Ubaid Elahi Baba.JPG,,img 9708 - ubaid elahi baba.jpg,4.58,5.2,5.28,4.01,4.7675,apollo,alnac 4g,195/60 R16,89h,dot 4222,tubeless
IMG_9710 - Ubaid Elahi Baba.JPG,,img 9711 - ubaid elahi baba.jpg,5.98,6.75,6.7,5.56,6.2475,apollo,alnac 4g,195/60 R16,89h,dot 3922,tubeless
IMG_9713 - Ubaid Elahi Baba.JPG,,img 9714 - ubaid elahi baba.jpg,3.5,3.62,3.53,3.5500000000000003,3.5500000000000003,bridgestone,turanza t001,215/60 R16,95h,,tubeless
IMG_9716 - Ubaid Elahi Baba.JPG,,img 9717 - ubaid elahi baba.jpg,3.27,3.67,4.52,3.82,3.82,bridgestone,turanza t001,215/60 R16,95h,,tubeless
IMG_9719 - Ubaid Elahi Baba.JPG,,img 9720 - ubaid elahi baba.jpg,3.33,3.17,4.12,3.5400000000000005,3.5400000000000005,bridgestone,turanza t001,215/60 R16,95h,,tubeless
IMG_9722 - Ubaid Elahi Baba.JPG,,img 9723 - ubaid elahi baba.jpg,3.54,3.91,4.35,3.9333333333333336,3.9333333333333336,bridgestone,turanza t001,215/60 R16,95h,,tubeless
IMG_9725 - Ubaid Elahi Baba.JPG,,img 9726 - ubaid elahi baba.jpg,3.13,3.36,3.13,3.206666666666667,3.206666666666667,bridgestone,ecopia ep150,185/65 R15,88s,dot 2821,tubeless
IMG_9729 - Ubaid Elahi Baba.JPG,,img 9730 - ubaid elahi baba.jpg,4.0,3.82,3.18,3.6666666666666665,3.6666666666666665,mrf,zvtv ecotread,185/65 R15,88t,dot 0824,tubeless
IMG_9733 - Ubaid Elahi Baba.JPG,,img 9734 - ubaid elahi baba.jpg,5.36,5.23,5.03,5.206666666666667,5.206666666666667,mrf,zvtv ecotread,185/65 R15,88t,dot 0824,tubeless
IMG_9736 - Ubaid Elahi Baba.JPG,,img 9737 - ubaid elahi baba.jpg,3.06,3.36,2.66,3.026666666666667,3.026666666666667,ceat,milaze x3,155/65 R13,73t,dot 3122,tubeless
IMG_9740 - Ubaid Elahi Baba.JPG,,img 9741 - ubaid elahi baba.jpg,3.0,3.42,3.72,3.3800000000000003,3.3800000000000003,ceat,milaze x3,155/65 R13,73t,dot 5122,tubeless
IMG_9744 - Ubaid Elahi Baba.JPG,,img 9745 - ubaid elahi baba.jpg,3.28,3.56,3.27,3.37,3.37,mrf,zlx,155/65 R13,73t,,tubeless
IMG_9747 - Ubaid Elahi Baba.JPG,,img 9748 - ubaid elahi baba.jpg,2.8,3.23,3.28,3.103333333333333,3.103333333333333,mrf,zvtv ecotread,155/70 R14,81s,,tubeless
IMG_9750 - Ubaid Elahi Baba.JPG,,img 9751 - ubaid elahi baba.jpg,2.78,2.34,2.95,2.69,2.69,mrf,zvtv ecotread,155/70 R14,81s,,tubeless
IMG_9753 - Ubaid Elahi Baba.JPG,,img 9754 - ubaid elahi baba.jpg,3.75,3.14,3.16,3.35,3.35,mrf,zvtv ecotread,155/70 R14,81s,,tubeless
IMG_9492 - Ubaid Elahi Baba.JPG,,img 9493 - ubaid elahi baba.jpg,3.39,4.34,3.64,3.790000000000001,3.790000000000001,continental,comfortcontact cc6,165/70 R14,81t,dot 5022,tubeless
IMG_9501 - Ubaid Elahi Baba.JPG,,img 9502 - ubaid elahi baba.jpg,4.64,4.68,4.6,4.64,4.64,mrf,zvtv,165/65 R14,79h,,tubeless
IMG_9504 - Ubaid Elahi Baba.JPG,,img 9505 - ubaid elahi baba.jpg,2.95,3.69,3.47,3.370000000000001,3.370000000000001,ceat,securadrive,185/70 R15,89h,dot 4228,tubeless
IMG_9507 - Ubaid Elahi Baba.JPG,,img 9508 - ubaid elahi baba.jpg,6.12,6.78,6.42,6.44,6.44,ceat,securadrive,185/70 R15,89h,dot 4823,tubeless
IMG_9510 - Ubaid Elahi Baba.JPG,,img 9511 - ubaid elahi baba.jpg,5.03,5.14,5.07,4.28,4.88,jk tyre,ultima-neo,155/65 R14,75t,dot 0225,tubeless
IMG_9513 - Ubaid Elahi Baba.JPG,,img 9514 - ubaid elahi baba.jpg,6.37,6.69,6.38,6.48,6.48,ceat,securadrive,185/70 R15,89h,dot 4823,tubeless
IMG_9516 - Ubaid Elahi Baba.JPG,,img 9517 - ubaid elahi baba.jpg,4.72,4.37,4.16,4.416666666666667,4.416666666666667,ceat,securadrive,185/70 R15,89h,dot 4823,tubeless
IMG_9519 - Ubaid Elahi Baba.JPG,,img 9520 - ubaid elahi baba.jpg,3.29,3.22,3.51,2.64,3.165,jk tyre,ux royale,205/60 R16,92v,dot 4321,tubeless
IMG_9522 - Ubaid Elahi Baba.JPG,,img 9523 - ubaid elahi baba.jpg,5.34,5.88,5.24,4.76,5.305,maxtrek,maximus m1,205/60 R16,92h,,tubeless
IMG_9525 - Ubaid Elahi Baba.JPG,,img 9526 - ubaid elahi baba.jpg,5.48,5.43,5.51,5.33,5.4375,maxtrek,maximus m1,205/60 R16,92h,,tubeless
IMG_9528 - Ubaid Elahi Baba.JPG,,img 9529 - ubaid elahi baba.jpg,5.3,6.33,6.6,5.66,5.972499999999999,dunlop,enasave rv504,205/60 R16,92h,,tubeless
IMG_9531 - Ubaid Elahi Baba.JPG,,img 9532 - ubaid elahi baba.jpg,5.53,5.52,5.2,5.416666666666667,5.416666666666667,mrf,zv2k,205/60 R16,92h,,tubeless
IMG_9534 - Ubaid Elahi Baba.JPG,,img 9535 - ubaid elahi baba.jpg,5.76,5.8,5.93,5.829999999999999,5.829999999999999,mrf,zlx,145/80 R12,74t,dot 4624,tubeless
IMG_9537 - Ubaid Elahi Baba.JPG,,img 9538 - ubaid elahi baba.jpg,6.94,6.83,6.59,6.786666666666666,6.786666666666666,mrf,zlx,145/80 R12,74t,dot 5124,tubeless
IMG_9544 - Ubaid Elahi Baba.JPG,,img 9545 - ubaid elahi baba.jpg,5.4,4.99,5.76,5.383333333333333,5.383333333333333,mrf,zlx,145/80 R12,74t,dot 1625,tubeless
IMG_9547 - Ubaid Elahi Baba.JPG,,img 9548 - ubaid elahi baba.jpg,6.53,7.31,6.85,6.896666666666666,6.896666666666666,mrf,zlx,165/65 R14,79h,dot 2324,tubeless
IMG_9550 - Ubaid Elahi Baba.JPG,,img 9551 - ubaid elahi baba.jpg,7.74,8.01,7.66,7.803333333333334,7.803333333333334,mrf,zlx,165/65 R14,79h,dot 2324,tubeless
IMG_9553 - Ubaid Elahi Baba.JPG,,img 9554 - ubaid elahi baba.jpg,7.77,8.17,7.73,7.890000000000001,7.890000000000001,mrf,zlx,165/65 R14,79h,dot 0725,tubeless
IMG_9556 - Ubaid Elahi Baba.JPG,,img 9557 - ubaid elahi baba.jpg,3.99,3.44,2.84,3.4233333333333333,3.4233333333333333,jk tyre,tornado,165/80 R14,85s,dot 5014,tubeless
IMG_9559 - Ubaid Elahi Baba.JPG,,img 9560 - ubaid elahi baba.jpg,2.66,2.39,2.42,2.49,2.49,bridgestone,ecopia ep150,165/80 R14,85t,dot 4021,tubeless
IMG_9562 - Ubaid Elahi Baba.JPG,,img 9563 - ubaid elahi baba.jpg,2.69,2.51,2.89,2.6966666666666668,2.6966666666666668,bridgestone,ecopia ep150,165/80 R14,85t,dot 0322,tubeless
IMG_9565 - Ubaid Elahi Baba.JPG,,img 9566 - ubaid elahi baba.jpg,0.35,0.65,0.1,0.3666666666666667,0.3666666666666667,yokohama,earth-1,165/80 R14,85t,dot 1123,tubeless
IMG_9568 - Ubaid Elahi Baba.JPG,,img 9569 - ubaid elahi baba.jpg,1.83,2.35,2.52,2.14,2.21,goodyear,assurance triplemax,205/65 R16,95h,dot 3020,tubeless
IMG_9571 - Ubaid Elahi Baba.JPG,,img 9572 - ubaid elahi baba.jpg,2.85,3.0,3.1,3.06,3.0025,goodyear,assurance triplemax,205/65 R16,95h,dot 0321,tubeless
IMG_9574 - Ubaid Elahi Baba.JPG,,img 9575 - ubaid elahi baba.jpg,1.48,2.13,2.32,2.32,2.0625,goodyear,assurance triplemax,205/65 R16,95h,dot 3020,tubeless
IMG_9577 - Ubaid Elahi Baba.JPG,,img 9578 - ubaid elahi baba.jpg,4.0,3.44,4.22,3.8866666666666663,3.8866666666666663,ceat,milaze x3,155/80 R13,79t,dot 2416,tubeless
IMG_9580 - Ubaid Elahi Baba.JPG,,img 9581 - ubaid elahi baba.jpg,1.22,0.98,1.1,1.1,1.1,goodyear,assurance duraplus,155/80 R13,79t,dot 2122,tubeless
IMG_9583 - Ubaid Elahi Baba.JPG,,img 9584 - ubaid elahi baba.jpg,0.23,1.82,1.025,1.025,1.025,goodyear,assurance duraplus,155/80 R13,79t,dot 2122,tubeless
IMG_9586 - Ubaid Elahi Baba.JPG,,img 9587 - ubaid elahi baba.jpg,3.99,4.24,4.115,4.115,4.115,goodyear,assurance duraplus,155/80 R13,79t,dot 2122,tubeless
IMG_9589 - Ubaid Elahi Baba.JPG,,img 9590 - ubaid elahi baba.jpg,6.82,6.84,6.5,6.72,6.72,mrf,zlx,155/65 R15,71s,dot 0525,tubeless
IMG_9592 - Ubaid Elahi Baba.JPG,,img 9593 - ubaid elahi baba.jpg,6.75,6.79,6.07,6.536666666666666,6.536666666666666,mrf,zlx,155/65 R15,71s,dot 2525,tubeless
IMG_9595 - Ubaid Elahi Baba.JPG,,img 9596 - ubaid elahi baba.jpg,1.28,1.49,1.48,1.2,1.3625,apollo,alnac 4g,205/65 R16,95h,dot 2223,tubeless
IMG_9598 - Ubaid Elahi Baba.JPG,,img 9599 - ubaid elahi baba.jpg,0.69,0.98,0.92,1.44,1.0074999999999998,apollo,alnac 4g,205/65 R16,95h,dot 2223,tubeless
IMG_9601 - Ubaid Elahi Baba.JPG,,img 9602 - ubaid elahi baba.jpg,1.06,1.08,1.19,1.04,1.0925,apollo,alnac 4g,205/65 R16,95h,dot 2223,tubeless
IMG_9604 - Ubaid Elahi Baba.JPG,,img 9605 - ubaid elahi baba.jpg,4.25,4.28,3.78,4.1033333333333335,4.1033333333333335,mrf,zlx,155/65 R15,71s,,tubeless
IMG_9607 - Ubaid Elahi Baba.JPG,,img 9608 - ubaid elahi baba.jpg,1.24,2.51,1.77,1.84,1.84,mrf,zvcl,155/65 R15,71s,,tubeless
IMG_9610 - Ubaid Elahi Baba.JPG,,img 9611 - ubaid elahi baba.jpg,1.46,2.85,1.99,2.1,2.1,mrf,zlx,155/65 R15,71s,,tubeless
IMG_9613 - Ubaid Elahi Baba.JPG,,img 9614 - ubaid elahi baba.jpg,7.32,7.64,7.54,7.5,7.5,bridgestone,sturdo,165/70 R14,81t,,tubeless
IMG_9616 - Ubaid Elahi Baba.JPG,,img 9617 - ubaid elahi baba.jpg,7.36,7.82,7.33,7.503333333333333,7.503333333333333,bridgestone,sturdo,165/70 R14,81t,dot 4325,tubeless
IMG_9619 - Ubaid Elahi Baba.JPG,,img 9620 - ubaid elahi baba.jpg,7.72,7.83,7.71,7.753333333333334,7.753333333333334,bridgestone,sturdo,165/70 R14,81t,dot 4725,tubeless
IMG_9622 - Ubaid Elahi Baba.JPG,,img 9623 - ubaid elahi baba.jpg,7.24,7.33,7.71,7.426666666666667,7.426666666666667,bridgestone,sturdo,165/70 R14,81t,dot 4425,tubeless
IMG_9847 - Viren Viren.JPG,,img 9848 - viren viren.jpg,4.85,4.78,4.66,4.763333333333333,4.763333333333333,goodyear,assurance,195/60 R16,89h,dot 0525,tubeless
IMG_9850 - Viren Viren.JPG,,img 9851 - viren viren.jpg,5.67,5.96,6.03,5.78,5.86,goodyear,assurance,195/60 R16,89h,dot 0525,tubeless
IMG_9853 - Viren Viren.JPG,,img 9854 - viren viren.jpg,5.74,5.67,5.75,5.79,5.7375,goodyear,assurance,195/60 R16,89h,dot 0525,tubeless
IMG_9856 - Viren Viren.JPG,,img 9857 - viren viren.jpg,5.31,5.72,4.86,5.296666666666667,5.296666666666667,mrf,zvts,145/70 R13,71t,,tubeless
IMG_9859 - Viren Viren.JPG,,img 9860 - viren viren.jpg,5.54,5.94,5.41,5.63,5.63,mrf,zvts,145/70 R13,71t,,tubeless
IMG_9862 - Viren Viren.JPG,,img 9864 - viren viren.jpg,5.23,5.53,5.29,5.3500000000000005,5.3500000000000005,mrf,zvts,145/70 R13,71t,,tubeless
IMG_9866 - Viren Viren.JPG,,img 9867 - viren viren.jpg,1.68,1.82,1.77,1.7566666666666666,1.7566666666666666,mrf,zvtv,185/65 R15,88t,,tubeless
IMG_9869 - Viren Viren.JPG,,img 9870 - viren viren.jpg,5.05,4.96,5.05,5.02,5.02,mrf,zvtv,185/65 R15,88t,,tubeless
IMG_9872 - Viren Viren.JPG,,img 9873 - viren viren.jpg,5.46,5.31,4.67,5.1466666666666665,5.1466666666666665,mrf,zvtv,185/65 R15,88t,dot 3525,tubeless
IMG_9875 - Viren Viren.JPG,,img 9876 - viren viren.jpg,4.73,3.55,4.37,4.216666666666668,4.216666666666668,bridgestone,nextry,145/80 R13,75s,,tubeless
IMG_9878 - Viren Viren.JPG,,img 9880 - viren viren.jpg,1.68,2.85,2.4,2.5,2.3575,yokohama,earth-1,185/65 R15,88h,dot 4117,tubeless
IMG_9882 - Viren Viren.JPG,,img 9883 - viren viren.jpg,2.58,3.77,3.9,3.57,3.455,yokohama,earth-1,185/65 R15,88h,dot 4117,tubeless
IMG_9885 - Viren Viren.JPG,,img 9886 - viren viren.jpg,1.11,1.28,2.54,1.82,1.6875,yokohama,earth-1,185/65 R15,88h,dot 2616,tubeless
IMG_9888 - Viren Viren.JPG,,img 9889 - viren viren.jpg,6.73,7.53,7.4,6.31,6.992500000000001,apollo,alnac 4gs,215/60 R16,95h,dot 4525,tubeless
IMG_9891 - Viren Viren.JPG,,img 9892 - viren viren.jpg,6.65,7.71,7.86,7.61,7.4575,apollo,alnac 4gs,215/60 R16,95h,dot 4625,tubeless
IMG_9894 - Viren Viren.JPG,,img 9895 - viren viren.jpg,6.63,7.52,7.23,6.3,6.92,apollo,alnac 4gs,215/60 R16,95h,dot 4625,tubeless
IMG_9897 - Viren Viren.JPG,,img 9898 - viren viren.jpg,6.73,7.58,7.73,6.85,7.2225,apollo,alnac 4gs,215/60 R16,95h,dot 4625,tubeless
IMG_9900 - Viren Viren.JPG,,img 9901 - viren viren.jpg,6.57,5.42,6.67,6.22,6.22,mrf,zvtv,185/60 R15,84h,,tubeless
IMG_9903 - Viren Viren.JPG,,img 9904 - viren viren.jpg,6.52,6.92,7.06,6.833333333333333,6.833333333333333,mrf,zvtv,185/60 R15,84h,,tubeless
IMG_9906 - Viren Viren.JPG,,img 9907 - viren viren.jpg,6.21,6.64,6.41,6.419999999999999,6.419999999999999,mrf,zvtv,185/60 R15,84h,,tubeless
IMG_9910 - Viren Viren.JPG,,img 9911 - viren viren.jpg,1.91,2.9,3.12,2.22,2.5375,yokohama,earth-1,205/65 R16,95h,dot 4321,tubeless
IMG_9913 - Viren Viren.JPG,,img 9914 - viren viren.jpg,2.53,3.31,3.24,2.75,2.9575,yokohama,earth-1,205/65 R16,95h,dot 4321,tubeless
IMG_9916 - Viren Viren.JPG,,img 9917 - viren viren.jpg,2.66,2.41,3.63,2.56,2.815,yokohama,earth-1,205/65 R16,95h,dot 3921,tubeless
IMG_9919 - Viren Viren.JPG,,img 9920 - viren viren.jpg,2.59,3.96,3.87,2.49,3.2275,yokohama,earth-1,205/65 R16,95h,dot 3921,tubeless
IMG_9923 - Viren Viren.JPG,,img 9924 - viren viren.jpg,2.41,4.41,4.55,3.91,3.82,goodyear,excellence,215/60 R16,95h,dot 1623,tubeless
IMG_9926 - Viren Viren.JPG,,img 9927 - viren viren.jpg,3.94,6.79,6.54,5.34,5.6525,goodyear,excellence,215/60 R16,95h,dot 1623,tubeless
IMG_9930 - Viren Viren.JPG,,img 9932 - viren viren.jpg,5.9,6.56,6.4,5.42,6.07,goodyear,excellence,215/60 R16,95h,dot 1623,tubeless
IMG_9934 - Viren Viren.JPG,,img 9936 - viren viren.jpg,3.45,4.35,4.53,3.42,3.9375,goodyear,excellence,215/60 R16,95h,dot 1523,tubeless
IMG_9938 - Viren Viren.JPG,,img 9939 - viren viren.jpg,7.37,7.62,7.67,7.3,7.49,mrf,wanderer,215/60 R17,96h,,tubeless
IMG_9942 - Viren Viren.JPG,,img 9943 - viren viren.jpg,7.03,7.49,7.61,7.48,7.4025,mrf,wanderer,215/60 R17,96h,dot 3025,tubeless
IMG_9946 - Viren Viren.JPG,,img 9947 - viren viren.jpg,7.66,8.07,8.35,7.75,7.9575,mrf,wanderer,215/60 R17,96h,dot 3025,tubeless
IMG_9950 - Viren Viren.JPG,,img 9951 - viren viren.jpg,7.77,8.3,8.18,8.16,8.1025,mrf,wanderer,215/60 R17,96h,dot 3425,tubeless
IMG_9954 - Viren Viren.JPG,,img 9955 - viren viren.jpg,3.65,4.03,4.54,4.073333333333333,4.073333333333333,bridgestone,turanza t001,215/60 R16,95h,,tubeless
IMG_9957 - Viren Viren.JPG,,img 9958 - viren viren.jpg,3.55,3.96,4.24,3.9166666666666665,3.9166666666666665,bridgestone,turanza t001,215/60 R16,95h,,tubeless
IMG_9960 - Viren Viren.JPG,,img 9961 - viren viren.jpg,3.28,3.53,4.17,3.66,3.66,bridgestone,turanza t001,215/60 R16,95h,,tubeless
IMG_9963 - Viren Viren.JPG,,img 9964 - viren viren.jpg,3.38,3.87,4.07,3.773333333333333,3.773333333333333,bridgestone,turanza t001,215/60 R16,95h,,tubeless
IMG_9966 - Viren Viren.JPG,,img 9967 - viren viren.jpg,5.2,5.98,5.39,6.0,5.6425,ceat,secura drive,215/60 R16,95h,dot 3223,tubeless
IMG_9970 - Viren Viren.JPG,,img 9971 - viren viren.jpg,1.58,2.39,1.85,0.8,1.655,mrf,wanderer,215/65 R16,98h,dot 2717,tubeless
IMG_9974 - Viren Viren.JPG,,img 9975 - viren viren.jpg,5.59,5.66,5.28,5.510000000000001,5.510000000000001,apollo,alnac 4g,195/55 R16,87h,dot 3522,tubeless
IMG_9977 - Viren Viren.JPG,,img 9978 - viren viren.jpg,5.12,5.89,5.96,5.06,5.507499999999999,apollo,alnac 4g,195/55 R16,87h,dot 3524,tubeless
IMG_9980 - Viren Viren.JPG,,img 9981 - viren viren.jpg,6.67,6.2,7.16,6.676666666666667,6.676666666666667,kelly,vfm 3,155/65 R14,75t,dot 4025,tubeless
IMG_9983 - Viren Viren.JPG,,img 9984 - viren viren.jpg,3.58,4.78,4.76,4.42,4.385,jk tyre,ultima-neo,155/65 R14,75t,dot 3219,tubeless
IMG_9986 - Viren Viren.JPG,,img 9987 - viren viren.jpg,6.59,6.93,6.7,6.739999999999999,6.739999999999999,jk tyre,ultima-neo,155/65 R14,75t,dot 3925,tubeless
IMG_9989 - Viren Viren.JPG,,img 9990 - viren viren.jpg,7.07,7.56,7.55,7.393333333333333,7.393333333333333,bridgestone,sturdo,185/70 R14,88t,dot 4524,tubeless
IMG_9992 - Viren Viren.JPG,,img 9993 - viren viren.jpg,7.62,7.63,6.89,7.38,7.38,bridgestone,sturdo,185/70 R14,88t,dot 0625,tubeless
IMG_9995 - Viren Viren.JPG,,img 9996 - viren viren.jpg,6.23,6.0,6.49,6.239999999999999,6.239999999999999,mrf,zvtv,175/65 R14,84t,dot 3624,tubeless
IMG_9998 - Viren Viren.JPG,,img 9999 - viren viren.jpg,6.43,6.11,6.34,6.293333333333333,6.293333333333333,mrf,zvtv,175/65 R14,84t,dot 3624,tubeless
IMG_0002 - Viren Viren.JPG,,img 0003 - viren viren.jpg,6.8,7.36,6.71,6.956666666666667,6.956666666666667,mrf,zvtv,175/65 R14,84t,dot 0825,tubeless
IMG_0005 - Viren Viren.JPG,,img 0006 - viren viren.jpg,6.54,6.6,6.31,6.483333333333333,6.483333333333333,mrf,zvtv,175/65 R14,84t,dot 0825,tubeless
IMG_0008 - Viren Viren.JPG,,img 0009 - viren viren.jpg,5.67,6.65,6.0,6.1066666666666665,6.1066666666666665,mrf,zvtv,175/65 R14,84t,dot 4222,tubeless
IMG_0011 - Viren Viren.JPG,,img 0012 - viren viren.jpg,7.32,7.95,7.36,7.543333333333333,7.543333333333333,firestone,roadhawk 2z,155/70 R13,75t,dot 4423,tubeless
IMG_0014 - Viren Viren.JPG,,img 0015 - viren viren.jpg,7.52,7.55,7.22,7.43,7.43,firestone,roadhawk 2z,155/70 R13,75t,dot 4323,tubeless
IMG_0017 - Viren Viren.JPG,,img 0018 - viren viren.jpg,5.82,6.08,5.56,5.82,5.82,mrf,zvts,155/70 R13,75t,dot 4299,tubeless
IMG_0020 - Viren Viren.JPG,,img 0021 - viren viren.jpg,3.44,3.02,3.01,3.07,3.135,ceat,milaze x3,185/70 R14,88t,dot 4521,tubeless
IMG_0023 - Viren Viren.JPG,,img 0024 - viren viren.jpg,2.59,3.25,2.97,2.936666666666667,2.936666666666667,ceat,fuel smart,185/70 R14,88h,dot 3221,tubeless
IMG_0026 - Viren Viren.JPG,,img 0027 - viren viren.jpg,1.5,2.65,2.75,2.87,2.4425,bridgestone,turanza er60,185/70 R14,88h,,tubeless
IMG_0029 - Viren Viren.JPG,,img 0030 - viren viren.jpg,1.86,1.84,1.61,1.55,1.715,bridgestone,ecopia nh100,185/70 R14,88s,dot 0818,tubeless
IMG_0032 - Viren Viren.JPG,,img 0033 - viren viren.jpg,7.16,6.9,6.48,6.846666666666667,6.846666666666667,firestone,roadhawk 2z,185/70 R14,88t,,tubeless
IMG_0035 - Viren Viren.JPG,,img 0036 - viren viren.jpg,3.68,4.16,3.44,3.76,3.76,bridgestone,sturdo,185/65/ R15,88h,dot 0323,tubeless
IMG_0038 - Viren Viren.JPG,,img 0039 - viren viren.jpg,1.96,2.12,3.09,2.39,2.39,bridgestone,sturdo,185/65/ R15,88h,dot 0423,tubeless
IMG_0041 - Viren Viren.JPG,,img 0042 - viren viren.jpg,0.89,1.1,1.31,1.1,1.1,bridgestone,sturdo,185/65/ R15,88h,dot 0821,tubeless
IMG_0044 - Viren Viren.JPG,,img 0045 - viren viren.jpg,6.35,6.95,6.41,6.57,6.57,ceat,securadrive,185/70 R15,89h,dot 4823,tubeless
IMG_0047 - Viren Viren.JPG,,img 0048 - viren viren.jpg,6.65,7.45,6.08,6.726666666666667,6.726666666666667,ceat,securadrive,185/70 R15,89h,dot 4823,tubeless
IMG_0050 - Viren Viren.JPG,,img 0051 - viren viren.jpg,3.61,4.4,4.1,4.036666666666666,4.036666666666666,ceat,securadrive,185/70 R15,89h,dot 4823,tubeless
IMG_0053 - Viren Viren.JPG,,img 0054 - viren viren.jpg,2.93,3.85,3.38,3.3866666666666667,3.3866666666666667,ceat,securadrive,185/70 R15,89h,dot 4823,tubeless
IMG_0056 - Viren Viren.JPG,,img 0057 - viren viren.jpg,6.24,6.01,6.16,6.136666666666667,6.136666666666667,mrf,ecotread gca1,165/80 R14,85t,,tubeless
IMG_0059 - Viren Viren.JPG,,img 0060 - viren viren.jpg,6.01,6.0,6.14,6.05,6.05,mrf,ecotread gca1,165/80 R14,85t,,tubeless
IMG_0144 - Viren Viren.JPG,,img 0145 - viren viren.jpg,6.07,6.09,5.77,5.976666666666667,5.976666666666667,bridgestone,ecopia ep150,175/65 R15,84h,dot 0823,tubeless
IMG_0147 - Viren Viren.JPG,,,5.47,5.86,5.59,5.640000000000001,5.640000000000001,unknown,,Unknown,,,tubeless
IMG_0150 - Viren Viren.JPG,,img 0151 - viren viren.jpg,4.57,5.47,4.8,4.946666666666666,4.946666666666666,bridgestone,ecopia ep150,175/65 R15,84h,dot 0823,tubeless
IMG_0153 - Viren Viren.JPG,,img 0154 - viren viren.jpg,4.79,5.03,4.41,4.743333333333333,4.743333333333333,bridgestone,ecopia ep150,175/65 R15,84h,dot 0823,tubeless
IMG_0156 - Viren Viren.JPG,,img 0157 - viren viren.jpg,2.48,2.48,2.46,2.473333333333333,2.473333333333333,kelly,vfm 3,155/80 R13,79t,dot 1223,tubeless
IMG_0159 - Viren Viren.JPG,,img 0160 - viren viren.jpg,4.18,3.65,4.0,3.943333333333333,3.943333333333333,kelly,vfm 3,155/80 R13,79t,dot 1924,tubeless
IMG_0162 - Viren Viren.JPG,,img 0163 - viren viren.jpg,4.28,3.78,4.07,4.043333333333334,4.043333333333334,kelly,vfm 3,155/80 R13,79t,dot 1924,tubeless
IMG_0165 - Viren Viren.JPG,,img 0166 - viren viren.jpg,2.07,2.62,2.5,2.3966666666666665,2.3966666666666665,kelly,vfm 3,155/80 R13,79t,dot 1924,tubeless
IMG_0168 - Viren Viren.JPG,,img 0169 - viren viren.jpg,4.57,4.54,4.45,3.63,4.297499999999999,apollo,amperion,195/60 R16,89h,dot 2324,tubeless
IMG_0171 - Viren Viren.JPG,,img 0172 - viren viren.jpg,3.8,5.06,5.22,3.6,4.42,apollo,amperion,195/60 R16,89h,dot 2324,tubeless
IMG_0175 - Viren Viren.JPG,,,4.04,5.1,5.33,3.1,4.3925,unknown,,Unknown,,,tubeless
IMG_0177 - Viren Viren.JPG,,,4.0,5.29,4.85,3.34,4.369999999999999,unknown,,Unknown,,,tubeless
IMG_0179 - Viren Viren.JPG,,,5.85,5.3,5.46,5.57,5.545,unknown,,Unknown,,,tubeless
IMG_0181 - Viren Viren.JPG,,img 0182 - viren viren.jpg,6.27,6.25,6.31,6.56,6.347499999999999,mrf,wanderer,205/60 R16,92h,dot 1825,tubeless
IMG_0184 - Viren Viren.JPG,,img 0185 - viren viren.jpg,6.32,6.63,6.78,6.56,6.5725,mrf,wanderer,205/60 R16,92h,dot 1825,tubeless
IMG_0187 - Viren Viren.JPG,,,5.48,5.45,5.5,5.8,5.5575,unknown,,Unknown,,,tubeless
IMG_0189 - Viren Viren.JPG,,img 0190 - viren viren.jpg,6.5,7.43,7.15,7.06,7.034999999999999,mrf,wanderer,205/60 R16,95h,dot 1425,tubeless
IMG_0192 - Viren Viren.JPG,,img 0193 - viren viren.jpg,6.42,7.11,6.94,6.83,6.825000000000001,mrf,wanderer,205/60 R16,95h,,tubeless
IMG_0195 - Viren Viren.JPG,,img 0197 - viren viren.jpg,6.32,6.68,6.66,6.45,6.5275,mrf,wanderer,205/60 R16,95h,dot 1425,tubeless
IMG_0200 - Viren Viren.JPG,,img 0201 - viren viren.jpg,6.47,6.75,6.99,6.42,6.657500000000001,mrf,wanderer,205/60 R16,95h,,tubeless
IMG_0203 - Viren Viren.JPG,,img 0204 - viren viren.jpg,5.39,5.64,5.71,5.579999999999999,5.579999999999999,mrf,zvtv,165/70 R14,81s,,tubeless
IMG_0206 - Viren Viren.JPG,,img 0207 - viren viren.jpg,5.79,6.14,5.81,5.913333333333333,5.913333333333333,bridgestone,sturdo,165/65 R14,81t,dot 8052,tubeless
IMG_0209 - Viren Viren.JPG,,img 0210 - viren viren.jpg,5.6,5.1,5.77,5.489999999999999,5.489999999999999,bridgestone,sturdo,165/65 R14,81t,dot 8025,tubeless
IMG_0212 - Viren Viren.JPG,,img 0213 - viren viren.jpg,6.28,6.56,6.76,6.533333333333334,6.533333333333334,bridgestone,sturdo,165/65 R14,81t,dot 8025,tubeless
IMG_0217 - Viren Viren.JPG,,img 0219 - viren viren.jpg,2.08,2.47,2.07,2.206666666666667,2.206666666666667,apollo,alnac 4g,195/55 R16,87h,dot 0822,tubeless
IMG_0222 - Viren Viren.JPG,,img 0221 - viren viren.jpg,3.1,3.44,3.3,2.65,3.1225,apollo,alnac 4g,195/55 R16,87h,dot 0822,tubeless
IMG_0224 - Viren Viren.JPG,,img 0225 - viren viren.jpg,3.75,3.54,3.36,2.63,3.3200000000000003,apollo,alnac 4g,195/55 R16,87h,dot 0822,tubeless
IMG_0227 - Viren Viren.JPG,,img 0228 - viren viren.jpg,2.09,2.2,2.06,1.38,1.9325,apollo,alnac 4g,195/55 R16,87h,dot 0822,tubeless
IMG_0230 - Viren Viren.JPG,,img 0231 - viren viren.jpg,3.37,4.18,3.79,3.78,3.78,apollo,amazer 3g maxx,165/80 R14,85t,dot 5017,tubeless
IMG_0233 - Viren Viren.JPG,,img 0234 - viren viren.jpg,6.05,5.57,6.49,6.036666666666666,6.036666666666666,mrf,ztx,165/80 R14,85t,,tubeless
IMG_0236 - Viren Viren.JPG,,img 0237 - viren viren.jpg,6.22,5.95,6.35,6.173333333333333,6.173333333333333,mrf,ztx,165/80 R14,85t,,tubeless
IMG_0239 - Viren Viren.JPG,,img 0240 - viren viren.jpg,6.43,6.4,6.54,6.456666666666667,6.456666666666667,mrf,ztx,165/80 R14,85t,dot 2924,tubeless
IMG_0243 - Viren Viren.JPG,,img 0244 - viren viren.jpg,4.26,5.09,5.07,4.09,4.6275,apollo,apterra cross,215/60 R17,96h,dot 3723,tubeless
IMG_0247 - Viren Viren.JPG,,img 0246 - viren viren.jpg,5.27,5.75,5.5,4.84,5.34,apollo,apterra cross,215/60 R17,96h,dot 3723,tubeless
IMG_0249 - Viren Viren.JPG,,img 0250 - viren viren.jpg,5.34,5.95,5.9,5.37,5.64,apollo,apterra cross,215/60 R17,96h,dot 3723,tubeless
IMG_0252 - Viren Viren.JPG,,img 0253 - viren viren.jpg,5.54,5.15,5.09,4.4,5.045,apollo,apterra cross,215/60 R17,96h,dot 3723,tubeless
IMG_0256 - Viren Viren.JPG,,img 0257 - viren viren.jpg,5.78,6.55,6.56,6.04,6.2325,mrf,wanderer ecotread,215/60 R17,95h,dot 4322,tubeless
IMG_0260 - Viren Viren.JPG,,img 0259 - viren viren.jpg,4.78,5.01,4.95,4.44,4.795,mrf,wanderer ecotread,215/60 R17,95h,dot 4322,tubeless
IMG_0262 - Viren Viren.JPG,,img 0263 - viren viren.jpg,3.78,4.34,4.72,4.24,4.27,mrf,wanderer ecotread,215/60 R17,95h,,tubeless
IMG_0265 - Viren Viren.JPG,,img 0266 - viren viren.jpg,5.46,6.54,6.43,6.09,6.13,mrf,wanderer ecotread,215/60 R17,95h,,tubeless
IMG_0268 - Viren Viren.JPG,,img 0269 - viren viren.jpg,5.6,6.06,5.72,5.793333333333333,5.793333333333333,jk tyre,ultima-neo,145/80 R13,75s,dot 4523,tubeless
IMG_0271 - Viren Viren.JPG,,img 0272 - viren viren.jpg,4.17,4.26,4.38,4.27,4.27,jk tyre,ultima-neo,145/80 R13,75s,dot 4523,tubeless
IMG_0274 - Viren Viren.JPG,,img 0275 - viren viren.jpg,3.94,4.17,3.85,3.9866666666666655,3.9866666666666655,jk tyre,ultima-neo,145/80 R13,75s,dot 4523,tubeless
IMG_0277 - Viren Viren.JPG,,img 0278 - viren viren.jpg,5.42,5.67,5.5,5.53,5.53,jk tyre,ultima-neo,145/80 R13,75s,dot 4523,tubeless
IMG_0281 - Viren Viren.JPG,,img 0280 - viren viren.jpg,5.97,6.64,6.92,5.58,6.2775,goodyear,excellence,215/60 R16,95h,dot 1723,tubeless
IMG_0284 - Viren Viren.JPG,,img 0283 - viren viren.jpg,4.5,4.97,4.88,4.39,4.685,goodyear,excellence,215/60 R16,95h,dot 1723,tubeless
IMG_0286 - Viren Viren.JPG,,img 0287 - viren viren.jpg,4.11,4.49,4.79,4.33,4.43,goodyear,excellence,215/60 R16,95h,dot 1723,tubeless
IMG_0289 - Viren Viren.JPG,,img 0290 - viren viren.jpg,5.88,6.46,6.62,5.72,6.17,goodyear,excellence,215/60 R16,95h,dot 1723,tubeless
IMG_0293 - Viren Viren.JPG,,img 0292 - viren viren.jpg,5.92,6.36,6.46,6.05,6.197500000000001,jk tyre,ux royale,215/55 R18,95 h,dot 1825,tubeless
IMG_0296 - Viren Viren.JPG,,img 0295 - viren viren.jpg,4.99,4.94,5.51,5.14,5.145,jk tyre,ux royale,215/55 R18,95 h,dot 2025,tubeless
IMG_0298 - Viren Viren.JPG,,img 0299 - viren viren.jpg,5.17,5.22,5.69,4.86,5.235,jk tyre,ux royale,215/55 R18,95 h,dot 1625,tubeless
IMG_0301 - Viren Viren.JPG,,img 0302 - viren viren.jpg,5.94,6.29,6.77,6.16,6.29,jk tyre,ux royale,215/55 R18,95 h,dot 3925,tubeless
IMG_0304 - Viren Viren.JPG,,img 0305 - viren viren.jpg,7.17,7.24,7.22,6.56,7.047499999999999,mrf,wanderer ecotread,195/60 R16,89h,dot 0426,tubeless
IMG_0308 - Viren Viren.JPG,,img 0307 - viren viren.jpg,6.88,7.49,7.45,6.75,7.1425,mrf,wanderer ecotread,195/60 R16,89h,,tubeless
IMG_0310 - Viren Viren.JPG,,img 0311 - viren viren.jpg,6.7,7.35,7.29,6.82,7.04,mrf,wanderer ecotread,195/60 R16,89h,,tubeless
IMG_0313 - Viren Viren.JPG,,img 0314 - viren viren.jpg,6.76,7.32,7.27,6.82,7.0425,mrf,wanderer ecotread,195/60 R16,89h,dot 0426,tubeless
IMG_0317 - Viren Viren.JPG,,img 0316 - viren viren.jpg,5.58,5.32,5.78,5.56,5.56,mrf,ecotread gca1,165/80 R14,85t,,tubeless
IMG_0320 - Viren Viren.JPG,,img 0319 - viren viren.jpg,5.37,5.3,5.51,5.3933333333333335,5.3933333333333335,mrf,ecotread gca1,165/80 R14,85t,dot 1125,tubeless
IMG_0322 - Viren Viren.JPG,,img 0323 - viren viren.jpg,5.2,5.38,5.63,5.403333333333333,5.403333333333333,mrf,ecotread gca1,165/80 R14,85t,,tubeless
IMG_0325 - Viren Viren.JPG,,img 0326 - viren viren.jpg,5.63,5.68,6.07,5.793333333333333,5.793333333333333,mrf,ecotread gca1,165/80 R14,85t,,tubeless
IMG_0329 - Viren Viren.JPG,,img 0328 - viren viren.jpg,4.82,5.46,4.93,5.07,5.07,goodyear,assurance triplemax,185/60/ R15,84h,dot 3124,tubeless
IMG_0332 - Viren Viren.JPG,,img 0331 - viren viren.jpg,3.22,4.33,3.93,3.826666666666666,3.826666666666666,goodyear,assurance triplemax,185/60/ R15,84h,dot 5220,tubeless
IMG_0335 - Viren Viren.JPG,,img 0336 - viren viren.jpg,4.3,4.38,4.4,4.36,4.36,goodyear,assurance triplemax,185/60/ R15,84h,dot 5220,tubeless
IMG20260325155830 - Viren Viren.jpg,,,5.62,5.74,5.6,5.653333333333333,5.653333333333333,unknown,,Unknown,,,
IMG20260325155758 - Viren Viren.jpg,,,5.49,5.92,5.86,5.756666666666667,5.756666666666667,unknown,,Unknown,,,
IMG20260325155725 - Viren Viren.jpg,,,5.21,5.38,5.19,5.260000000000001,5.260000000000001,unknown,,Unknown,,,
IMG20260325155646 - Viren Viren.jpg,,,5.75,6.02,5.67,5.813333333333333,5.813333333333333,unknown,,Unknown,,,
IMG20260325155613 - Viren Viren.jpg,,,3.42,4.06,3.84,3.773333333333333,3.773333333333333,unknown,,Unknown,,,
IMG20260325155539 - Viren Viren.jpg,,,5.97,5.89,6.38,6.079999999999999,6.079999999999999,unknown,,Unknown,,,
IMG20260325155505 - Viren Viren.jpg,,,6.06,5.83,6.29,6.06,6.06,unknown,,Unknown,,,
IMG20260325155439 - Viren Viren.jpg,,,6.31,6.21,6.54,6.353333333333333,6.353333333333333,unknown,,Unknown,,,
IMG20260325155356 - Viren Viren.jpg,,,5.51,6.06,5.61,5.726666666666667,5.726666666666667,unknown,,Unknown,,,
IMG20260325155332 - Viren Viren.jpg,,,3.15,3.23,3.72,3.3666666666666667,3.3666666666666667,unknown,,Unknown,,,
IMG20260325155257[1] - Viren Viren.jpg,,,3.78,3.99,3.07,3.613333333333333,3.613333333333333,unknown,,Unknown,,,
IMG20260325155222[1] - Viren Viren.jpg,,,5.86,6.32,6.19,6.123333333333334,6.123333333333334,unknown,,Unknown,,,
IMG20260325155146[1] - Viren Viren.jpg,,,3.63,4.24,4.58,3.87,4.08,unknown,,Unknown,,,
IMG20260325155103[1] - Viren Viren.jpg,,,5.18,5.97,5.99,5.7,5.71,unknown,,Unknown,,,
IMG20260325155025[1] - Viren Viren.jpg,,,5.6,5.63,5.23,5.486666666666667,5.486666666666667,unknown,,Unknown,,,
IMG20260325154958[1] - Viren Viren.jpg,,,3.41,4.24,4.37,4.29,4.0775,unknown,,Unknown,,,
IMG20260325154919[1] - Viren Viren.jpg,,,5.32,6.07,6.1,5.22,5.6775,unknown,,Unknown,,,
IMG20260325154814[1] - Viren Viren.jpg,,,5.02,5.55,5.63,4.87,5.2675,unknown,,Unknown,,,
IMG20260325154706[1] - Viren Viren.jpg,,,4.24,4.87,5.16,4.16,4.6075,unknown,,Unknown,,,
IMG20260325154629[1] - Viren Viren.jpg,,,4.61,4.93,4.93,4.31,4.694999999999999,unknown,,Unknown,,,
IMG20260325154559[1] - Viren Viren.jpg,,,4.05,4.22,4.29,4.1866666666666665,4.1866666666666665,unknown,,Unknown,,,
IMG20260325154528[1] - Viren Viren.jpg,,,3.59,3.78,3.85,3.74,3.74,unknown,,Unknown,,,
IMG20260325154502 - Viren Viren.jpg,,,5.37,5.93,5.46,5.586666666666667,5.586666666666667,unknown,,Unknown,,,
IMG20260325154442[1] - Viren Viren.jpg,,,5.45,5.6,5.74,5.596666666666667,5.596666666666667,unknown,,Unknown,,,
IMG20260325154416 - Viren Viren.jpg,,,3.33,3.5,3.5,3.4433333333333334,3.4433333333333334,unknown,,Unknown,,,
IMG20260325154346[1] - Viren Viren.jpg,,,4.17,4.27,4.22,4.22,4.22,unknown,,Unknown,,,
IMG20260325154313[1] - Viren Viren.jpg,,,3.77,3.92,3.845,3.845,3.845,unknown,,Unknown,,,
IMG20260325154240[1] - Viren Viren.jpg,,,0.9,1.63,1.31,1.28,1.28,unknown,,Unknown,,,
IMG20260325154151[1] - Viren Viren.jpg,,,1.61,2.0,1.79,1.06,1.6150000000000002,unknown,,Unknown,,,
IMG20260325154109 - Viren Viren.jpg,,,3.1,3.39,3.48,3.72,3.4225000000000003,unknown,,Unknown,,,
IMG20260325154018 - Viren Viren.jpg,,,3.14,3.46,3.41,2.39,3.1,unknown,,Unknown,,,
IMG20260325153941 - Viren Viren.jpg,,,1.89,1.9,1.9,1.42,1.7775,unknown,,Unknown,,,
IMG20260325153836 - Viren Viren.jpg,,,3.15,4.85,4.33,4.11,4.11,unknown,,Unknown,,,
IMG20260325153756 - Viren Viren.jpg,,,3.82,4.31,3.33,3.82,3.82,unknown,,Unknown,,,
IMG20260325153652 - Viren Viren.jpg,,,2.24,2.21,2.23,2.2266666666666666,2.2266666666666666,unknown,,Unknown,,,
IMG20260325153624 - Viren Viren.jpg,,,3.75,3.65,3.52,3.64,3.64,unknown,,Unknown,,,
IMG20260325153543 - Viren Viren.jpg,,,4.71,4.82,4.83,4.5,4.715,unknown,,Unknown,,,
IMG20260325153512 - Viren Viren.jpg,,,3.11,3.35,3.01,2.44,2.9775,unknown,,Unknown,,,
IMG20260325153420 - Viren Viren.jpg,,,1.89,1.94,2.0,2.19,2.005,unknown,,Unknown,,,
IMG20260325153335 - Viren Viren.jpg,,,4.71,4.76,4.93,4.66,4.765,unknown,,Unknown,,,
IMG20260330120034 - Viren Viren.jpg,,,5.72,5.96,5.87,5.96,5.8775,unknown,,Unknown,,,
IMG20260330120203 - Viren Viren.jpg,,,2.42,2.44,2.9,2.5866666666666664,2.5866666666666664,unknown,,Unknown,,,
IMG20260330120232 - Viren Viren.jpg,,,4.45,3.62,3.14,2.53,3.435,unknown,,Unknown,,,
IMG20260330120339 - Viren Viren.jpg,,,4.73,5.54,4.75,5.006666666666667,5.006666666666667,unknown,,Unknown,,,
IMG20260330120413 - Viren Viren.jpg,,,5.0,4.94,3.55,4.496666666666667,4.496666666666667,unknown,,Unknown,,,
IMG20260330120440 - Viren Viren.jpg,,,3.3,4.6,4.35,3.02,3.8175,unknown,,Unknown,,,
IMG20260330120518 - Viren Viren.jpg,,,4.36,4.29,3.72,4.123333333333334,4.123333333333334,unknown,,Unknown,,,
IMG20260330120547 - Viren Viren.jpg,,,1.26,2.08,2.27,1.78,1.8475,unknown,,Unknown,,,
IMG20260330120615 - Viren Viren.jpg,,,5.12,5.88,5.92,6.53,5.862500000000001,unknown,,Unknown,,,
IMG20260330120641 - Viren Viren.jpg,,,1.66,2.41,2.56,1.38,2.0025000000000004,unknown,,Unknown,,,
IMG20260330120720 - Viren Viren.jpg,,,3.91,4.67,4.66,3.51,4.1875,unknown,,Unknown,,,
IMG20260330120746 - Viren Viren.jpg,,,2.95,3.13,2.84,2.18,2.775,unknown,,Unknown,,,
IMG20260330120816 - Viren Viren.jpg,,,4.71,4.65,4.87,3.77,4.5,unknown,,Unknown,,,
IMG20260330120916 - Viren Viren.jpg,,,5.6,5.53,5.63,5.82,5.645,unknown,,Unknown,,,
IMG20260330121012 - Viren Viren.jpg,,,3.98,4.86,4.6,2.93,4.0925,unknown,,Unknown,,,
IMG20260330121053 - Viren Viren.jpg,,,2.29,1.9,1.65,1.9466666666666663,1.9466666666666663,unknown,,Unknown,,,
IMG20260330121118 - Viren Viren.jpg,,,5.13,5.17,4.46,4.920000000000001,4.920000000000001,unknown,,Unknown,,,
IMG20260330121143 - Viren Viren.jpg,,,3.88,3.72,3.59,4.35,3.885,unknown,,Unknown,,,
IMG20260330121219 - Viren Viren.jpg,,,2.94,3.14,3.12,2.54,2.935,unknown,,Unknown,,,
IMG20260330121313 - Viren Viren.jpg,,,3.03,1.74,1.17,1.53,1.8675,unknown,,Unknown,,,
IMG20260330121512 - Viren Viren.jpg,,,2.42,1.63,1.5,1.46,1.7525,unknown,,Unknown,,,
IMG20260330121539 - Viren Viren.jpg,,,5.93,6.04,5.89,5.953333333333333,5.953333333333333,unknown,,Unknown,,,
IMG20260330121605 - Viren Viren.jpg,,,7.22,7.48,7.23,7.31,7.31,unknown,,Unknown,,,
IMG20260330121637 - Viren Viren.jpg,,,3.46,3.19,2.97,3.206666666666667,3.206666666666667,unknown,,Unknown,,,
IMG20260330121702 - Viren Viren.jpg,,,4.89,4.96,4.99,4.946666666666666,4.946666666666666,unknown,,Unknown,,,
IMG20260330121731 - Viren Viren.jpg,,,5.68,5.78,4.45,3.53,4.86,unknown,,Unknown,,,
IMG20260330121759 - Viren Viren.jpg,,,2.97,3.64,3.69,3.42,3.43,unknown,,Unknown,,,
IMG20260330121827 - Viren Viren.jpg,,,6.11,7.11,6.48,6.566666666666667,6.566666666666667,unknown,,Unknown,,,
IMG20260330121935 - Viren Viren.jpg,,,5.52,6.32,4.91,5.583333333333333,5.583333333333333,unknown,,Unknown,,,
IMG20260330122002 - Viren Viren.jpg,,,5.74,5.64,5.86,5.746666666666666,5.746666666666666,unknown,,Unknown,,,
IMG20260330122037 - Viren Viren.jpg,,,4.03,4.84,3.71,4.193333333333334,4.193333333333334,unknown,,Unknown,,,
IMG20260330122110 - Viren Viren.jpg,,,4.36,4.92,4.62,4.633333333333334,4.633333333333334,unknown,,Unknown,,,
IMG20260330123443 - Viren Viren.jpg,,,2.04,3.17,3.37,2.86,2.86,unknown,,Unknown,,,
IMG20260330123511 - Viren Viren.jpg,,,2.56,3.08,3.02,1.95,2.6525,unknown,,Unknown,,,
IMG20260330123554 - Viren Viren.jpg,,,2.7,2.1,2.05,1.67,2.13,unknown,,Unknown,,,
IMG20260330123652 - Viren Viren.jpg,,,5.64,6.19,6.7,5.88,6.1025,unknown,,Unknown,,,
IMG20260330123753 - Viren Viren.jpg,,,4.12,4.61,4.31,4.0,4.26,unknown,,Unknown,,,
IMG20260330123816 - Viren Viren.jpg,,,4.12,3.86,4.27,3.99,4.0600000000000005,unknown,,Unknown,,,
IMG20260330123854 - Viren Viren.jpg,,,2.74,2.72,3.28,3.57,3.0775,unknown,,Unknown,,,
IMG20260330123921 - Viren Viren.jpg,,,2.98,3.34,3.43,3.33,3.27,unknown,,Unknown,,,
IMG20260330123943 - Viren Viren.jpg,,,2.85,3.64,3.74,2.52,3.1875,unknown,,Unknown,,,
IMG20260330124012 - Viren Viren.jpg,,,2.39,3.59,3.48,1.95,2.8525,unknown,,Unknown,,,
IMG20260330124054 - Viren Viren.jpg,,,8.0,8.0,8.0,8.0,8.0,unknown,,Unknown,,,
IMG20260330124123 - Viren Viren.jpg,,,8.0,8.0,8.0,8.0,8.0,unknown,,Unknown,,,
IMG20260330124145 - Viren Viren.jpg,,,8.0,8.0,8.0,8.0,8.0,unknown,,Unknown,,,
IMG20260330124212 - Viren Viren.jpg,,,6.73,7.83,7.6,6.45,7.1525,unknown,,Unknown,,,
IMG20260330124240 - Viren Viren.jpg,,,6.82,7.63,7.74,7.08,7.317499999999999,unknown,,Unknown,,,
IMG20260330124317 - Viren Viren.jpg,,,8.0,8.0,8.0,8.0,8.0,unknown,,Unknown,,,
IMG20260330124343 - Viren Viren.jpg,,,8.0,8.0,8.0,8.0,8.0,unknown,,Unknown,,,
IMG20260330124435 - Viren Viren.jpg,,,8.0,8.0,8.0,8.0,8.0,unknown,,Unknown,,,
IMG20260330124500 - Viren Viren.jpg,,,8.0,8.0,8.0,8.0,8.0,unknown,,Unknown,,,
IMG20260330124528 - Viren Viren.jpg,,,8.0,8.0,8.0,8.0,8.0,unknown,,Unknown,,,
IMG20260330124552 - Viren Viren.jpg,,,8.0,8.0,8.0,8.0,8.0,unknown,,Unknown,,,
IMG20260330124623 - Viren Viren.jpg,,,8.0,8.0,8.0,8.0,8.0,unknown,,Unknown,,,
IMG20260330124648 - Viren Viren.jpg,,,8.0,8.0,8.0,8.0,8.0,unknown,,Unknown,,,
IMG20260330124751 - Viren Viren.jpg,,,8.0,8.0,8.0,8.0,8.0,unknown,,Unknown,,,
IMG20260330124820 - Viren Viren.jpg,,,8.0,8.0,8.0,8.0,8.0,unknown,,Unknown,,,
IMG20260330124855 - Viren Viren.jpg,,,3.15,3.81,3.86,3.606666666666667,3.606666666666667,unknown,,Unknown,,,
IMG20260330124919 - Viren Viren.jpg,,,2.9,3.43,3.3,3.2099999999999995,3.2099999999999995,unknown,,Unknown,,,
IMG20260330125033 - Viren Viren.jpg,,,4.39,4.82,4.42,4.543333333333334,4.543333333333334,unknown,,Unknown,,,
IMG20260330125055 - Viren Viren.jpg,,,3.17,3.45,3.16,3.26,3.26,unknown,,Unknown,,,
IMG20260330125113 - Viren Viren.jpg,,,2.61,3.91,2.08,2.8666666666666667,2.8666666666666667,unknown,,Unknown,,,
IMG20260330125139 - Viren Viren.jpg,,,3.48,4.46,3.85,3.35,3.785,unknown,,Unknown,,,
IMG20260330125214 - Viren Viren.jpg,,,3.69,3.0,3.17,2.43,3.0725,unknown,,Unknown,,,
IMG20260330125302 - Viren Viren.jpg,,,1.92,2.4,2.12,2.146666666666667,2.146666666666667,unknown,,Unknown,,,
IMG20260330125329 - Viren Viren.jpg,,,2.57,2.87,3.05,2.66,2.7875,unknown,,Unknown,,,
IMG20260330125535 - Viren Viren.jpg,,,8.0,8.0,8.0,8.0,8.0,unknown,,Unknown,,,
IMG20260330125538 - Viren Viren.jpg,,,8.0,8.0,8.0,8.0,8.0,unknown,,Unknown,,,
IMG20260330125542 - Viren Viren.jpg,,,8.0,8.0,8.0,8.0,8.0,unknown,,Unknown,,,
IMG20260330125546 - Viren Viren.jpg,,,8.0,8.0,8.0,8.0,8.0,unknown,,Unknown,,,
IMG20260330125556 - Viren Viren.jpg,,,8.0,8.0,8.0,8.0,8.0,unknown,,Unknown,,,
IMG20260330125600 - Viren Viren.jpg,,,8.0,8.0,8.0,8.0,8.0,unknown,,Unknown,,,
IMG20260330125611 - Viren Viren.jpg,,,8.0,8.0,8.0,8.0,8.0,unknown,,Unknown,,,
IMG20260330125615 - Viren Viren.jpg,,,8.0,8.0,8.0,8.0,8.0,unknown,,Unknown,,,
IMG20260330125619 - Viren Viren.jpg,,,8.0,8.0,8.0,8.0,8.0,unknown,,Unknown,,,
IMG20260330125621 - Viren Viren.jpg,,,8.0,8.0,8.0,8.0,8.0,unknown,,Unknown,,,
IMG20260330125635 - Viren Viren.jpg,,,8.0,8.0,8.0,8.0,8.0,unknown,,Unknown,,,
IMG20260330125638 - Viren Viren.jpg,,,8.0,8.0,8.0,8.0,8.0,unknown,,Unknown,,,
IMG20260330125643 - Viren Viren.jpg,,,8.0,8.0,8.0,8.0,8.0,unknown,,Unknown,,,
IMG20260330125647 - Viren Viren.jpg,,,8.0,8.0,8.0,8.0,8.0,unknown,,Unknown,,,
IMG20260330125806 - Viren Viren.jpg,,,1.72,2.52,2.54,2.33,2.2775,unknown,,Unknown,,,
IMG20260330125900 - Viren Viren.jpg,,,4.76,4.16,5.05,4.49,4.615,unknown,,Unknown,,,
IMG20260330125938 - Viren Viren.jpg,,,5.87,5.72,6.49,6.026666666666666,6.026666666666666,unknown,,Unknown,,,
IMG20260330130000 - Viren Viren.jpg,,,3.13,2.67,3.17,3.59,3.14,unknown,,Unknown,,,
IMG20260402103749 - Viren Viren.jpg,,,1.92,2.07,1.88,1.9566666666666663,1.9566666666666663,unknown,,Unknown,,,
IMG20260402103834 - Viren Viren.jpg,,,1.74,2.77,2.74,1.46,2.1775,unknown,,Unknown,,,
IMG20260402103903 - Viren Viren.jpg,,,3.53,4.41,3.89,3.27,3.775,unknown,,Unknown,,,
IMG20260402103930 - Viren Viren.jpg,,,4.87,5.4,5.4,5.08,5.1875,unknown,,Unknown,,,
IMG20260402103954 - Viren Viren.jpg,,,2.67,3.22,3.11,2.55,2.8875,unknown,,Unknown,,,
IMG20260402104019 - Viren Viren.jpg,,,2.92,3.43,3.78,3.11,3.31,unknown,,Unknown,,,
IMG20260402104055 - Viren Viren.jpg,,,4.93,4.14,4.38,4.483333333333333,4.483333333333333,unknown,,Unknown,,,
IMG20260402104122 - Viren Viren.jpg,,,5.68,6.32,6.35,5.75,6.025,unknown,,Unknown,,,
IMG20260402104209 - Viren Viren.jpg,,,6.19,6.07,5.95,6.02,6.0575,unknown,,Unknown,,,
IMG20260402104251 - Viren Viren.jpg,,,3.38,3.84,3.84,3.686666666666666,3.686666666666666,unknown,,Unknown,,,
IMG20260402104320 - Viren Viren.jpg,,,4.88,4.63,4.28,4.596666666666667,4.596666666666667,unknown,,Unknown,,,
IMG20260402104401 - Viren Viren.jpg,,,3.58,3.81,4.21,3.866666666666667,3.866666666666667,unknown,,Unknown,,,
IMG20260402104429 - Viren Viren.jpg,,,4.98,4.76,5.05,4.93,4.93,unknown,,Unknown,,,
IMG20260402104452 - Viren Viren.jpg,,,5.2,5.65,5.34,5.396666666666667,5.396666666666667,unknown,,Unknown,,,
IMG20260402105926 - Viren Viren.jpg,,,2.97,3.57,3.68,3.51,3.4325,unknown,,Unknown,,,
IMG20260402110056 - Viren Viren.jpg,,,6.67,7.55,7.83,6.86,7.227499999999999,unknown,,Unknown,,,
IMG20260402110125 - Viren Viren.jpg,,,5.89,6.25,6.19,6.3,6.157500000000001,unknown,,Unknown,,,
IMG20260402110152 - Viren Viren.jpg,,,4.91,5.3,5.44,4.9,5.137500000000001,unknown,,Unknown,,,
IMG20260402110219 - Viren Viren.jpg,,,3.12,3.05,3.04,2.69,2.975,unknown,,Unknown,,,
IMG20260402110241 - Viren Viren.jpg,,,4.06,4.2,4.36,3.74,4.09,unknown,,Unknown,,,
IMG20260402110317 - Viren Viren.jpg,,,6.97,7.11,6.53,6.87,6.87,unknown,,Unknown,,,
IMG20260402110351 - Viren Viren.jpg,,,5.57,6.7,6.62,6.78,6.4175,unknown,,Unknown,,,
IMG20260402110418 - Viren Viren.jpg,,,5.38,5.67,5.78,5.16,5.4975000000000005,unknown,,Unknown,,,
IMG20260402110445 - Viren Viren.jpg,,,5.75,6.08,6.09,5.68,5.9,unknown,,Unknown,,,
IMG20260402110513 - Viren Viren.jpg,,,4.06,4.03,4.08,3.68,3.9625,unknown,,Unknown,,,
IMG20260402110540 - Viren Viren.jpg,,,4.57,5.0,4.3,4.623333333333334,4.623333333333334,unknown,,Unknown,,,
IMG20260402110605 - Viren Viren.jpg,,,4.26,4.25,4.11,4.41,4.2575,unknown,,Unknown,,,
IMG20260402110708 - Viren Viren.jpg,,,4.48,4.59,4.55,4.28,4.4750000000000005,unknown,,Unknown,,,
IMG20260402110743 - Viren Viren.jpg,,,4.41,3.65,4.72,3.77,4.1375,unknown,,Unknown,,,
IMG20260402110807 - Viren Viren.jpg,,,4.1,4.07,3.79,3.66,3.905,unknown,,Unknown,,,
IMG20260402110833 - Viren Viren.jpg,,,5.09,5.9,5.9,4.89,5.445,unknown,,Unknown,,,
IMG20260402110930 - Viren Viren.jpg,,,5.38,6.03,6.16,5.5,5.7675,unknown,,Unknown,,,
IMG20260402111001 - Viren Viren.jpg,,,5.56,6.3,6.4,5.58,5.959999999999999,unknown,,Unknown,,,
IMG20260402111023 - Viren Viren.jpg,,,5.27,6.22,6.44,5.68,5.9025,unknown,,Unknown,,,
IMG20260402111050 - Viren Viren.jpg,,,5.94,4.54,3.89,4.79,4.79,unknown,,Unknown,,,
IMG20260402111110 - Viren Viren.jpg,,,3.76,3.98,4.03,4.0,3.9425,unknown,,Unknown,,,
IMG20260402111137 - Viren Viren.jpg,,,3.03,3.31,2.32,2.8866666666666667,2.8866666666666667,unknown,,Unknown,,,
IMG20260402111159 - Viren Viren.jpg,,,3.46,3.89,3.06,3.47,3.47,unknown,,Unknown,,,
IMG20260402111223 - Viren Viren.jpg,,,3.53,3.84,3.36,3.576666666666666,3.576666666666666,unknown,,Unknown,,,
IMG20260402111251 - Viren Viren.jpg,,,5.15,5.78,5.72,5.55,5.55,unknown,,Unknown,,,
IMG20260402111315 - Viren Viren.jpg,,,6.02,6.44,6.47,4.36,5.8225,unknown,,Unknown,,,
IMG20260402111346 - Viren Viren.jpg,,,6.21,7.07,6.57,6.616666666666667,6.616666666666667,unknown,,Unknown,,,
IMG20260402111443 - Viren Viren.jpg,,,3.16,3.77,3.6,3.48,3.5025,unknown,,Unknown,,,
IMG20260402111501 - Viren Viren.jpg,,,5.35,5.71,5.92,5.7,5.669999999999999,unknown,,Unknown,,,
IMG20260402111546 - Viren Viren.jpg,,,4.08,4.19,3.53,3.33,3.7825,unknown,,Unknown,,,
IMG20260402111613 - Viren Viren.jpg,,,5.37,3.76,4.52,4.36,4.5025,unknown,,Unknown,,,
IMG20260402111638 - Viren Viren.jpg,,,4.77,5.25,5.04,3.81,4.717499999999999,unknown,,Unknown,,,
IMG20260402111701 - Viren Viren.jpg,,,5.01,5.97,6.0,5.34,5.58,unknown,,Unknown,,,
IMG20260402111822 - Viren Viren.jpg,,,0.69,1.09,0.88,0.8866666666666667,0.8866666666666667,unknown,,Unknown,,,
IMG20260402111848 - Viren Viren.jpg,,,0.34,0.48,0.41,0.41,0.41,unknown,,Unknown,,,
IMG20260402111938 - Viren Viren.jpg,,,7.8,8.34,8.07,7.35,7.890000000000001,unknown,,Unknown,,,
IMG20260402112016 - Viren Viren.jpg,,,0.83,1.43,2.7,1.653333333333333,1.653333333333333,unknown,,Unknown,,,
IMG20260402112044 - Viren Viren.jpg,,,2.31,2.26,1.96,2.1766666666666667,2.1766666666666667,unknown,,Unknown,,,
IMG20260402112147 - Viren Viren.jpg,,,1.54,1.53,1.535,1.535,1.535,unknown,,Unknown,,,
IMG20260402112205 - Viren Viren.jpg,,,1.17,1.3,1.235,1.235,1.235,unknown,,Unknown,,,
IMG20260402112223 - Viren Viren.jpg,,,1.82,1.57,1.79,2.27,1.8625,unknown,,Unknown,,,
IMG20260402112249 - Viren Viren.jpg,,,2.31,1.45,1.09,1.68,1.6324999999999998,unknown,,Unknown,,,
IMG20260402112317 - Viren Viren.jpg,,,3.91,5.14,3.82,4.29,4.29,unknown,,Unknown,,,
IMG20260402112351 - Viren Viren.jpg,,,2.63,2.94,3.28,2.94,2.9475,unknown,,Unknown,,,
IMG20260402112422 - Viren Viren.jpg,,,3.77,4.41,4.26,4.1466666666666665,4.1466666666666665,unknown,,Unknown,,,
IMG20260402112447 - Viren Viren.jpg,,,3.5,3.84,3.13,3.49,3.49,unknown,,Unknown,,,
IMG20260402112521 - Viren Viren.jpg,,,1.53,2.23,2.52,2.05,2.0825,unknown,,Unknown,,,
IMG20260402112552 - Viren Viren.jpg,,,6.64,7.12,7.26,7.08,7.025,unknown,,Unknown,,,
IMG20260402112617 - Viren Viren.jpg,,,2.65,3.53,3.91,2.51,3.15,unknown,,Unknown,,,
IMG20260402112648 - Viren Viren.jpg,,,2.49,2.11,1.91,2.84,2.3375,unknown,,Unknown,,,
IMG20260402112716 - Viren Viren.jpg,,,2.5,2.5,2.8,2.6,2.6,unknown,,Unknown,,,
IMG20260402112748 - Viren Viren.jpg,,,2.33,1.93,2.24,3.01,2.3775,unknown,,Unknown,,,
IMG20260406113429 - Viren Viren.jpg,,,8.0,8.0,8.0,8.0,8.0,unknown,,Unknown,,,
IMG20260406113440 - Viren Viren.jpg,,,8.0,8.0,8.0,8.0,8.0,unknown,,Unknown,,,
IMG20260406113448 - Viren Viren.jpg,,,8.0,8.0,8.0,8.0,8.0,unknown,,Unknown,,,
IMG20260406113454 - Viren Viren.jpg,,,8.0,8.0,8.0,8.0,8.0,unknown,,Unknown,,,
IMG20260406113459 - Viren Viren.jpg,,,8.0,8.0,8.0,8.0,8.0,unknown,,Unknown,,,
IMG20260406113505 - Viren Viren.jpg,,,8.0,8.0,8.0,8.0,8.0,unknown,,Unknown,,,
IMG20260406113516 - Viren Viren.jpg,,,8.0,8.0,8.0,8.0,8.0,unknown,,Unknown,,,
IMG20260406113521 - Viren Viren.jpg,,,8.0,8.0,8.0,8.0,8.0,unknown,,Unknown,,,
IMG20260406113529 - Viren Viren.jpg,,,8.0,8.0,8.0,8.0,8.0,unknown,,Unknown,,,
IMG20260406113534 - Viren Viren.jpg,,,8.0,8.0,8.0,8.0,8.0,unknown,,Unknown,,,
IMG20260406113554 - Viren Viren.jpg,,,8.0,8.0,8.0,8.0,8.0,unknown,,Unknown,,,
IMG20260406113559 - Viren Viren.jpg,,,8.0,8.0,8.0,8.0,8.0,unknown,,Unknown,,,
IMG20260406113604 - Viren Viren.jpg,,,8.0,8.0,8.0,8.0,8.0,unknown,,Unknown,,,
IMG20260406113610 - Viren Viren.jpg,,,8.0,8.0,8.0,8.0,8.0,unknown,,Unknown,,,
IMG20260406113614 - Viren Viren.jpg,,,8.0,8.0,8.0,8.0,8.0,unknown,,Unknown,,,
IMG20260406113618 - Viren Viren.jpg,,,8.0,8.0,8.0,8.0,8.0,unknown,,Unknown,,,
IMG20260406113622 - Viren Viren.jpg,,,8.0,8.0,8.0,8.0,8.0,unknown,,Unknown,,,
IMG20260406113629 - Viren Viren.jpg,,,8.0,8.0,8.0,8.0,8.0,unknown,,Unknown,,,
IMG20260406113637 - Viren Viren.jpg,,,8.0,8.0,8.0,8.0,8.0,unknown,,Unknown,,,
IMG20260406113648 - Viren Viren.jpg,,,8.0,8.0,8.0,8.0,8.0,unknown,,Unknown,,,
IMG20260406113652 - Viren Viren.jpg,,,8.0,8.0,8.0,8.0,8.0,unknown,,Unknown,,,
IMG20260406113656 - Viren Viren.jpg,,,8.0,8.0,8.0,8.0,8.0,unknown,,Unknown,,,
IMG20260406113705 - Viren Viren.jpg,,,8.0,8.0,8.0,8.0,8.0,unknown,,Unknown,,,
IMG20260406113712 - Viren Viren.jpg,,,8.0,8.0,8.0,8.0,8.0,unknown,,Unknown,,,
IMG20260406113716 - Viren Viren.jpg,,,8.0,8.0,8.0,8.0,8.0,unknown,,Unknown,,,
IMG20260406113726 - Viren Viren.jpg,,,8.0,8.0,8.0,8.0,8.0,unknown,,Unknown,,,
IMG20260406113736 - Viren Viren.jpg,,,8.0,8.0,8.0,8.0,8.0,unknown,,Unknown,,,
IMG20260406113740 - Viren Viren.jpg,,,8.0,8.0,8.0,8.0,8.0,unknown,,Unknown,,,
IMG20260406113752 - Viren Viren.jpg,,,8.0,8.0,8.0,8.0,8.0,unknown,,Unknown,,,
IMG20260406113756 - Viren Viren.jpg,,,8.0,8.0,8.0,8.0,8.0,unknown,,Unknown,,,
IMG20260406113813 - Viren Viren.jpg,,,8.0,8.0,8.0,8.0,8.0,unknown,,Unknown,,,
IMG20260406113829 - Viren Viren.jpg,,,8.0,8.0,8.0,8.0,8.0,unknown,,Unknown,,,
IMG20260406113833 - Viren Viren.jpg,,,8.0,8.0,8.0,8.0,8.0,unknown,,Unknown,,,
IMG20260406113844 - Viren Viren.jpg,,,8.0,8.0,8.0,8.0,8.0,unknown,,Unknown,,,
IMG20260406113920 - Viren Viren.jpg,,,8.0,8.0,8.0,8.0,8.0,unknown,,Unknown,,,
IMG20260406113925 - Viren Viren.jpg,,,8.0,8.0,8.0,8.0,8.0,unknown,,Unknown,,,
IMG20260406113959 - Viren Viren.jpg,,,8.0,8.0,8.0,8.0,8.0,unknown,,Unknown,,,
IMG20260406114008 - Viren Viren.jpg,,,8.0,8.0,8.0,8.0,8.0,unknown,,Unknown,,,
IMG20260406114013 - Viren Viren.jpg,,,8.0,8.0,8.0,8.0,8.0,unknown,,Unknown,,,
IMG20260406114020 - Viren Viren.jpg,,,8.0,8.0,8.0,8.0,8.0,unknown,,Unknown,,,
IMG20260406114024 - Viren Viren.jpg,,,8.0,8.0,8.0,8.0,8.0,unknown,,Unknown,,,
IMG20260406114028 - Viren Viren.jpg,,,8.0,8.0,8.0,8.0,8.0,unknown,,Unknown,,,
IMG20260406114032 - Viren Viren.jpg,,,8.0,8.0,8.0,8.0,8.0,unknown,,Unknown,,,
IMG20260406114035 - Viren Viren.jpg,,,8.0,8.0,8.0,8.0,8.0,unknown,,Unknown,,,
IMG20260406114038 - Viren Viren.jpg,,,8.0,8.0,8.0,8.0,8.0,unknown,,Unknown,,,
IMG20260406114111 - Viren Viren.jpg,,,8.0,8.0,8.0,8.0,8.0,unknown,,Unknown,,,
IMG20260406114117 - Viren Viren.jpg,,,8.0,8.0,8.0,8.0,8.0,unknown,,Unknown,,,
IMG20260406114127 - Viren Viren.jpg,,,8.0,8.0,8.0,8.0,8.0,unknown,,Unknown,,,
IMG20260406114142 - Viren Viren.jpg,,,8.0,8.0,8.0,8.0,8.0,unknown,,Unknown,,,
IMG20260406114152 - Viren Viren.jpg,,,8.0,8.0,8.0,8.0,8.0,unknown,,Unknown,,,
IMG20260406114158 - Viren Viren.jpg,,,8.0,8.0,8.0,8.0,8.0,unknown,,Unknown,,,
IMG20260406114223 - Viren Viren.jpg,,,8.0,8.0,8.0,8.0,8.0,unknown,,Unknown,,,
IMG20260406114230 - Viren Viren.jpg,,,8.0,8.0,8.0,8.0,8.0,unknown,,Unknown,,,
IMG20260406114244 - Viren Viren.jpg,,,8.0,8.0,8.0,8.0,8.0,unknown,,Unknown,,,
IMG20260406114352 - Viren Viren.jpg,,,8.0,8.0,8.0,8.0,8.0,unknown,,Unknown,,,
IMG20260406114358 - Viren Viren.jpg,,,8.0,8.0,8.0,8.0,8.0,unknown,,Unknown,,,
IMG20260406114411 - Viren Viren.jpg,,,8.0,8.0,8.0,8.0,8.0,unknown,,Unknown,,,
IMG20260406114415 - Viren Viren.jpg,,,8.0,8.0,8.0,8.0,8.0,unknown,,Unknown,,,
IMG20260406114420 - Viren Viren.jpg,,,8.0,8.0,8.0,8.0,8.0,unknown,,Unknown,,,
IMG20260406114431 - Viren Viren.jpg,,,8.0,8.0,8.0,8.0,8.0,unknown,,Unknown,,,
IMG20260406114441 - Viren Viren.jpg,,,8.0,8.0,8.0,8.0,8.0,unknown,,Unknown,,,
IMG20260406114506 - Viren Viren.jpg,,,8.0,8.0,8.0,8.0,8.0,unknown,,Unknown,,,
IMG20260406114537 - Viren Viren.jpg,,,8.0,8.0,8.0,8.0,8.0,unknown,,Unknown,,,
IMG20260406114544 - Viren Viren.jpg,,,8.0,8.0,8.0,8.0,8.0,unknown,,Unknown,,,
IMG20260406114557 - Viren Viren.jpg,,,8.0,8.0,8.0,8.0,8.0,unknown,,Unknown,,,
IMG20260406114603 - Viren Viren.jpg,,,8.0,8.0,8.0,8.0,8.0,unknown,,Unknown,,,
IMG20260406114749 - Viren Viren.jpg,,,4.34,4.86,4.38,4.526666666666666,4.526666666666666,unknown,,Unknown,,,
IMG20260406114806 - Viren Viren.jpg,,,3.74,3.48,3.05,3.4233333333333333,3.4233333333333333,unknown,,Unknown,,,
IMG20260406114821 - Viren Viren.jpg,,,7.44,7.15,6.93,7.173333333333333,7.173333333333333,unknown,,Unknown,,,
IMG20260406114838 - Viren Viren.jpg,,,3.89,3.76,3.37,3.673333333333333,3.673333333333333,unknown,,Unknown,,,
IMG20260406114900 - Viren Viren.jpg,,,5.06,5.87,5.72,4.96,5.4025,unknown,,Unknown,,,
IMG20260406114925 - Viren Viren.jpg,,,2.45,4.05,4.01,3.5033333333333334,3.5033333333333334,unknown,,Unknown,,,
IMG20260406115004 - Viren Viren.jpg,,,3.76,4.04,2.93,3.5766666666666667,3.5766666666666667,unknown,,Unknown,,,
IMG20260406115046 - Viren Viren.jpg,,,2.12,2.04,1.22,1.7933333333333332,1.7933333333333332,unknown,,Unknown,,,
IMG20260406115102 - Viren Viren.jpg,,,1.32,1.05,0.84,1.07,1.07,unknown,,Unknown,,,
IMG20260406115117 - Viren Viren.jpg,,,1.63,1.78,0.92,1.4433333333333334,1.4433333333333334,unknown,,Unknown,,,
IMG20260406115136 - Viren Viren.jpg,,,1.51,1.58,0.96,1.35,1.35,unknown,,Unknown,,,
IMG20260406115158 - Viren Viren.jpg,,,0.99,1.32,1.66,1.3233333333333333,1.3233333333333333,unknown,,Unknown,,,
IMG20260406115217 - Viren Viren.jpg,,,1.05,0.49,0.84,0.64,0.755,unknown,,Unknown,,,
IMG20260406115241 - Viren Viren.jpg,,,1.38,1.67,1.35,1.19,1.3975,unknown,,Unknown,,,
IMG20260406115307 - Viren Viren.jpg,,,1.57,1.66,1.18,1.76,1.5425,unknown,,Unknown,,,
IMG20260406115325 - Viren Viren.jpg,,,1.6,1.56,1.3,1.07,1.3825,unknown,,Unknown,,,
IMG20260406115422 - Viren Viren.jpg,,,0.67,2.22,3.18,2.023333333333333,2.023333333333333,unknown,,Unknown,,,
IMG20260406115455 - Viren Viren.jpg,,,0.97,2.6,2.6,2.056666666666666,2.056666666666666,unknown,,Unknown,,,
IMG20260406115515 - Viren Viren.jpg,,,0.67,1.52,1.32,1.17,1.17,unknown,,Unknown,,,
IMG20260406115544 - Viren Viren.jpg,,,2.05,2.14,1.8,1.9966666666666664,1.9966666666666664,unknown,,Unknown,,,
IMG20260406115610 - Viren Viren.jpg,,,1.54,1.98,1.41,1.643333333333333,1.643333333333333,unknown,,Unknown,,,
IMG20260406115708 - Viren Viren.jpg,,,1.38,1.78,2.19,1.7833333333333332,1.7833333333333332,unknown,,Unknown,,,
IMG20260406115732 - Viren Viren.jpg,,,1.09,1.07,0.74,0.9666666666666668,0.9666666666666668,unknown,,Unknown,,,
https://drive.google.com/open?id=1J0eZBJ_gUGH5bTvAHe1PjCz9e3Een7Tz,,,6.09,6.62,6.92,6.55,6.545000000000001,unknown,,Unknown,,,
https://drive.google.com/open?id=1EB44Pv2aBtgBw6VueO9wvFf_-MriItsa,,,5.23,5.3,5.1,5.08,5.1775,unknown,,Unknown,,,
https://drive.google.com/open?id=1ssG0d2O_QF3_wFqDqvQNRLj46kBfhPd2,,,6.21,6.41,6.71,6.39,6.430000000000001,unknown,,Unknown,,,
https://drive.google.com/open?id=1mLBv5vtGMBhJMR04mn31-QTTR4-qe_mK,,,5.66,5.84,5.69,5.44,5.657500000000001,unknown,,Unknown,,,
https://drive.google.com/open?id=197MhN36peHjH1Am22NifvM5kMZl9-4_-,,,2.46,2.7,2.58,2.58,2.58,unknown,,Unknown,,,
https://drive.google.com/open?id=1AhUEqS8iqEEwBLnv6lidpQFtaqcyg50O,,,2.6,2.78,2.69,2.69,2.69,unknown,,Unknown,,,
https://drive.google.com/open?id=19RQm5T74YlWmoVVqf1znuW7ZkKSI9T5W,,,1.24,0.94,1.09,1.09,1.09,unknown,,Unknown,,,
https://drive.google.com/open?id=1GHbSIxW7k1xgTrew-rlQYyzs7qT9c5J3,,,6.81,7.02,7.17,6.6,6.9,unknown,,Unknown,,,
https://drive.google.com/open?id=1-VVR5WKlGWZLVswxFDYD6JrxeISXSGyy,,,6.79,7.2,7.15,6.17,6.827500000000001,unknown,,Unknown,,,
https://drive.google.com/open?id=1MJ1Cg3EsjAgFXn12ynEv90fDv5otgl3E,,,7.66,7.84,7.6,7.7,7.7,unknown,,Unknown,,,
https://drive.google.com/open?id=1Y1h5iFUw4hL1ILOLBTybuAjcidLmfIn2,,,2.36,2.33,2.04,2.243333333333333,2.243333333333333,unknown,,Unknown,,,
https://drive.google.com/open?id=1x4toVmCgbShof_t-F-71LTwCMZQlYCrp,,,4.27,4.27,4.52,4.353333333333333,4.353333333333333,unknown,,Unknown,,,
https://drive.google.com/open?id=1T1UdV72QI74yu62j7GHFu_P13PmIqtca,,,4.72,4.97,4.81,4.833333333333333,4.833333333333333,unknown,,Unknown,,,
https://drive.google.com/open?id=1ed1oZkjAih_amMoYMtX7joah8G_aRnwi,,,3.2,3.66,3.49,2.87,3.3050000000000006,unknown,,Unknown,,,
IMG20260115085908.jpg,,,0.26,0.45,0.28,0.21,0.3,unknown,,Unknown,,,
IMG20260121113753.jpg,,,0.58,0.53,0.5549999999999999,0.5549999999999999,0.5549999999999999,unknown,,Unknown,,,
IMG20260121113853.jpg,,,0.58,0.58,0.58,0.58,0.58,unknown,,Unknown,,,
IMG20260121114013.jpg,,,1.22,0.64,0.8,0.8866666666666667,0.8866666666666667,unknown,,Unknown,,,
1769244151437.jpg,,,0.94,1.05,0.75,0.9133333333333334,0.9133333333333334,unknown,,Unknown,,,
IMG20260115090719.jpg,,,1.77,1.57,0.41,0.1,0.9625,unknown,,Unknown,,,
IMG20260128121045 (1).jpg,,,1.0,1.11,1.11,1.0733333333333337,1.0733333333333337,unknown,,Unknown,,,
IMG_7050.JPG,,,1.13,1.1,1.04,1.09,1.09,unknown,,Unknown,,,
IMG20260121160116.jpg,,,1.11,1.18,1.14,1.143333333333333,1.143333333333333,unknown,,Unknown,,,
IMG_6972.JPG,,,1.3,1.14,1.07,1.11,1.155,unknown,,Unknown,,,
IMG20260121114107.jpg,,,1.2,1.28,0.99,1.1566666666666665,1.1566666666666665,unknown,,Unknown,,,
IMG_6994.JPG,,,1.15,1.32,1.01,1.16,1.16,unknown,,Unknown,,,
IMG_7016.JPG,,,1.22,1.38,1.03,1.21,1.21,unknown,,Unknown,,,
IMG20260121113216.jpg,,,0.94,1.4,1.3,1.2133333333333332,1.2133333333333332,unknown,,Unknown,,,
IMG20251218154402.heic,,,1.32,1.32,1.1,1.2466666666666668,1.2466666666666668,unknown,,Unknown,,,
1769244151386.jpg,,,1.26,1.4,1.11,1.2566666666666668,1.2566666666666668,unknown,,Unknown,,,
IMG_6943.JPG,,,1.25,1.49,1.15,1.26,1.2875,unknown,,Unknown,,,
IMG20260128122355.jpg,,,1.38,1.39,1.24,1.336666666666667,1.336666666666667,unknown,,Unknown,,,
IMG20260121115233.jpg,,,1.47,1.32,1.4,1.3966666666666665,1.3966666666666665,unknown,,Unknown,,,
IMG20260128122450.jpg,,,1.84,1.27,1.1,1.4033333333333335,1.4033333333333335,unknown,,Unknown,,,
IMG20260121115817.jpg,,,1.39,1.75,1.58,0.94,1.415,unknown,,Unknown,,,
IMG_6991.JPG,,,1.3,1.55,1.41,1.42,1.42,unknown,,Unknown,,,
IMG20260121114853.jpg,,,1.01,2.0,1.31,1.4400000000000002,1.4400000000000002,unknown,,Unknown,,,
IMG20260121160330.jpg,,,1.38,1.54,1.52,1.4799999999999998,1.4799999999999998,unknown,,Unknown,,,
IMG20260128123037.jpg,,,1.5,1.73,1.34,1.5233333333333334,1.5233333333333334,unknown,,Unknown,,,
IMG20260121114946.jpg,,,1.31,2.03,1.44,1.593333333333333,1.593333333333333,unknown,,Unknown,,,
IMG20260121115440.jpg,,,1.57,1.51,1.7,1.82,1.65,unknown,,Unknown,,,
IMG_6966.JPG,,,1.77,1.76,1.65,1.49,1.6675,unknown,,Unknown,,,
IMG20260121115535.jpg,,,1.55,1.59,1.78,1.8,1.68,unknown,,Unknown,,,
IMG20260121160257.jpg,,,1.75,1.64,1.7,1.6966666666666663,1.6966666666666663,unknown,,Unknown,,,
IMG20260128122316.jpg,,,1.6,1.72,1.78,1.7000000000000002,1.7000000000000002,unknown,,Unknown,,,
IMG_6988.JPG,,,1.74,1.74,1.66,1.7133333333333332,1.7133333333333332,unknown,,Unknown,,,
IMG20260128121235.jpg,,,1.92,1.8,1.74,1.4,1.715,unknown,,Unknown,,,
IMG20260128121148.jpg,,,1.69,1.87,1.9,1.43,1.7225,unknown,,Unknown,,,
IMG20260121115327.jpg,,,1.64,1.83,1.72,1.7299999999999998,1.7299999999999998,unknown,,Unknown,,,
IMG20260128123126.jpg,,,1.79,1.9,1.6,1.7633333333333334,1.7633333333333334,unknown,,Unknown,,,
IMG20260121114805.jpg,,,1.48,2.3,1.55,1.7766666666666666,1.7766666666666666,unknown,,Unknown,,,
IMG20260128122910.jpg,,,1.68,1.84,1.88,1.8,1.8,unknown,,Unknown,,,
IMG20260121114224.jpg,,,1.37,1.91,2.13,1.8033333333333332,1.8033333333333332,unknown,,Unknown,,,
IMG20260121114341.jpg,,,1.59,2.05,2.19,1.49,1.83,unknown,,Unknown,,,
IMG_6934.JPG,,,1.76,1.83,1.91,1.87,1.8425,unknown,,Unknown,,,
IMG20260121114436.jpg,,,1.65,2.15,2.1,1.5,1.85,unknown,,Unknown,,,
IMG20251218155033.heic,,,2.17,2.22,1.18,1.856666666666667,1.856666666666667,unknown,,Unknown,,,
IMG20260128121712.jpg,,,1.43,2.16,1.98,1.856666666666667,1.856666666666667,unknown,,Unknown,,,
IMG20251103164609.heic,,,1.6,2.54,2.27,1.15,1.89,unknown,,Unknown,,,
IMG_6940.JPG,,,1.56,1.89,2.12,2.11,1.92,unknown,,Unknown,,,
IMG_6947.JPG,,,2.1,1.93,1.95,1.83,1.9525,unknown,,Unknown,,,
IMG20260121115654.jpg,,,1.6,2.17,2.32,1.83,1.98,unknown,,Unknown,,,
IMG20260128122957.jpg,,,1.99,2.05,2.05,2.03,2.03,unknown,,Unknown,,,
IMG20260121114537_01.jpg,,,1.7,2.18,2.4,1.95,2.0575,unknown,,Unknown,,,
IMG_6925.JPG,,,2.07,2.07,2.16,2.1,2.1,unknown,,Unknown,,,
IMG20260121114711.jpg,,,1.85,2.56,1.9,2.103333333333333,2.103333333333333,unknown,,Unknown,,,
IMG20260128122819.jpg,,,2.57,2.32,1.57,2.1533333333333333,2.1533333333333333,unknown,,Unknown,,,
IMG_6918.JPG,,,2.42,2.03,2.11,2.19,2.1875,unknown,,Unknown,,,
IMG20260128122154.jpg,,,2.0,2.44,2.13,2.19,2.19,unknown,,Unknown,,,
IMG20260128122230.jpg,,,2.3,2.57,1.93,2.266666666666666,2.266666666666666,unknown,,Unknown,,,
IMG20260121113359.jpg,,,2.28,2.34,2.28,2.2999999999999994,2.2999999999999994,unknown,,Unknown,,,
IMG20260121161400.jpg,,,2.07,2.53,2.31,2.303333333333333,2.303333333333333,unknown,,Unknown,,,
IMG_7022.JPG,,,2.32,2.45,2.22,2.33,2.33,unknown,,Unknown,,,
Copy of IMG20251218151751.jpg,,,2.56,2.52,2.2,2.4266666666666667,2.4266666666666667,unknown,,Unknown,,,
IMG20251218154623.heic,,,2.29,2.37,2.62,2.4266666666666667,2.4266666666666667,unknown,,Unknown,,,
IMG20260121113305.jpg,,,2.4,2.64,2.3,2.4466666666666668,2.4466666666666668,unknown,,Unknown,,,
IMG20260121161458.jpg,,,2.39,2.56,2.44,2.4633333333333334,2.4633333333333334,unknown,,Unknown,,,
IMG20260128121444.jpg,,,2.57,2.5,2.61,2.23,2.4775,unknown,,Unknown,,,
IMG20260121160223.jpg,,,2.95,1.79,2.74,2.4933333333333336,2.4933333333333336,unknown,,Unknown,,,
IMG_7019.JPG,,,2.54,2.79,2.55,2.6266666666666665,2.6266666666666665,unknown,,Unknown,,,
IMG_6931.JPG,,,2.51,2.65,2.72,2.72,2.6500000000000004,unknown,,Unknown,,,
IMG20260128122711.jpg,,,2.64,2.74,2.65,2.676666666666667,2.676666666666667,unknown,,Unknown,,,
IMG_6997.JPG,,,2.71,2.74,2.67,2.706666666666667,2.706666666666667,unknown,,Unknown,,,
IMG20260128121628.jpg,,,2.64,2.88,2.52,2.84,2.72,unknown,,Unknown,,,
IMG20260115090353.jpg,,,2.81,1.93,3.41,2.78,2.7325,unknown,,Unknown,,,
IMG20260121112523.jpg,,,2.71,2.71,2.81,2.7433333333333336,2.7433333333333336,unknown,,Unknown,,,
IMG20260128122610.jpg,,,2.84,2.69,2.74,2.7566666666666664,2.7566666666666664,unknown,,Unknown,,,
IMG20260121115143.jpg,,,2.71,2.83,2.77,2.77,2.77,unknown,,Unknown,,,
IMG20260121115033.jpg,,,2.79,2.82,2.83,2.813333333333333,2.813333333333333,unknown,,Unknown,,,
Copy of IMG20251218151653.jpg,,,2.87,2.86,2.73,2.8200000000000003,2.8200000000000003,unknown,,Unknown,,,
IMG20260128122525.jpg,,,2.68,2.77,3.02,2.8233333333333337,2.8233333333333337,unknown,,Unknown,,,
IMG20260121112252.jpg,,,2.84,2.75,2.91,2.833333333333333,2.833333333333333,unknown,,Unknown,,,
IMG20260121161110.jpg,,,2.79,2.85,2.98,2.873333333333333,2.873333333333333,unknown,,Unknown,,,
IMG20260121112649.jpg,,,2.84,2.91,2.9,2.8833333333333333,2.8833333333333333,unknown,,Unknown,,,
IMG20260121120740.jpg,,,2.79,3.01,2.86,2.8866666666666667,2.8866666666666667,unknown,,Unknown,,,
IMG20260128121756.jpg,,,3.03,2.8,2.96,2.93,2.93,unknown,,Unknown,,,
IMG20260121112135.jpg,,,2.93,2.86,3.01,2.9333333333333336,2.9333333333333336,unknown,,Unknown,,,
IMG20251218160210.heic,,,2.69,3.14,3.05,2.9599999999999995,2.9599999999999995,unknown,,Unknown,,,
IMG_7010.JPG,,,3.04,2.84,3.0,2.9599999999999995,2.9599999999999995,unknown,,Unknown,,,
IMG_7007.JPG,,,3.0,2.92,2.97,2.9633333333333334,2.9633333333333334,unknown,,Unknown,,,
IMG20260128121354.jpg,,,3.04,3.15,3.01,2.68,2.97,unknown,,Unknown,,,
IMG20251218155818.heic,,,2.2,3.8,3.01,3.0033333333333334,3.0033333333333334,unknown,,Unknown,,,
IMG20260121160906.jpg,,,3.01,3.01,3.01,3.01,3.01,unknown,,Unknown,,,
IMG_7004.JPG,,,2.88,2.85,3.3,3.01,3.01,unknown,,Unknown,,,
IMG_7001.JPG,,,3.05,3.07,3.01,3.043333333333333,3.043333333333333,unknown,,Unknown,,,
IMG20260121160804.jpg,,,2.92,3.31,2.92,3.0500000000000003,3.0500000000000003,unknown,,Unknown,,,
IMG_6982.JPG,,,3.01,3.07,3.19,3.12,3.0975,unknown,,Unknown,,,
IMG20260128121953.jpg,,,3.07,2.99,3.24,3.1,3.1,unknown,,Unknown,,,
IMG_6975.JPG,,,2.86,3.42,3.12,3.09,3.1225,unknown,,Unknown,,,
IMG_7038.JPG,,,3.24,3.15,3.07,3.1533333333333338,3.1533333333333338,unknown,,Unknown,,,
IMG20260121161303.jpg,,,3.84,2.91,2.73,3.16,3.16,unknown,,Unknown,,,
IMG20260128122123.jpg,,,3.12,3.14,3.32,3.1933333333333334,3.1933333333333334,unknown,,Unknown,,,
IMG_6985.JPG,,,3.22,3.14,3.25,3.24,3.2125,unknown,,Unknown,,,
IMG_7041.JPG,,,3.25,3.15,3.25,3.216666666666667,3.216666666666667,unknown,,Unknown,,,
IMG_6979.JPG,,,3.98,2.98,3.1,2.83,3.2225,unknown,,Unknown,,,
Copy of IMG20251218151832.jpg,,,3.33,3.26,3.27,3.286666666666666,3.286666666666666,unknown,,Unknown,,,
IMG20251218160057.heic,,,3.1,3.26,3.56,3.306666666666666,3.306666666666666,unknown,,Unknown,,,
IMG20260121161220.jpg,,,3.94,3.03,2.97,3.313333333333333,3.313333333333333,unknown,,Unknown,,,
IMG20251218160358.heic,,,3.1,3.72,3.19,3.3366666666666664,3.3366666666666664,unknown,,Unknown,,,
IMG20260128122046.jpg,,,3.42,3.4,3.36,3.393333333333333,3.393333333333333,unknown,,Unknown,,,
IMG_6957.JPG,,,3.15,3.55,3.65,3.26,3.4025,unknown,,Unknown,,,
1769244151482.jpg,,,3.47,3.66,3.26,3.4633333333333334,3.4633333333333334,unknown,,Unknown,,,
IMG20251218160307.heic,,,3.26,3.83,3.42,3.5033333333333334,3.5033333333333334,unknown,,Unknown,,,
IMG20260128121859.jpg,,,3.63,3.41,3.5,3.513333333333333,3.513333333333333,unknown,,Unknown,,,
IMG20251103164832.heic,,,3.05,3.72,3.9,3.556666666666666,3.556666666666666,unknown,,Unknown,,,
IMG_6951.JPG,,,3.42,3.65,3.79,3.63,3.6225,unknown,,Unknown,,,
IMG20251218155934.heic,,,4.65,3.42,2.96,3.676666666666667,3.676666666666667,unknown,,Unknown,,,
IMG20260121121508.jpg,,,3.83,3.82,3.8,3.73,3.795,unknown,,Unknown,,,
IMG20260121113443.jpg,,,3.29,4.14,4.03,3.82,3.82,unknown,,Unknown,,,
IMG_7025.JPG,,,3.78,3.96,4.12,3.84,3.925,unknown,,Unknown,,,
IMG_7028.JPG,,,3.88,4.03,4.02,3.83,3.94,unknown,,Unknown,,,
IMG_7013.JPG,,,3.94,4.0,3.93,3.9566666666666666,3.9566666666666666,unknown,,Unknown,,,
1769244151336.jpg,,,3.44,4.73,4.22,4.13,4.13,unknown,,Unknown,,,
IMG20251218160520.heic,,,3.88,4.18,4.49,4.183333333333333,4.183333333333333,unknown,,Unknown,,,
IMG20260115085618.jpg,,,3.52,4.39,4.69,4.23,4.2075000000000005,unknown,,Unknown,,,
IMG20251218154457.heic,,,4.11,4.48,4.04,4.21,4.21,unknown,,Unknown,,,
Copy of IMG20251218152144.jpg,,,4.0,4.74,4.0,4.246666666666667,4.246666666666667,unknown,,Unknown,,,
IMG20260121113103.jpg,,,4.29,4.26,4.28,4.26,4.272500000000001,unknown,,Unknown,,,
IMG20251218155739.heic,,,4.02,4.02,4.79,4.276666666666666,4.276666666666666,unknown,,Unknown,,,
IMG20260121112821.jpg,,,4.32,4.27,4.28,4.32,4.2975,unknown,,Unknown,,,
Copy of IMG20251218153808.jpg,,,4.08,4.81,4.08,4.323333333333333,4.323333333333333,unknown,,Unknown,,,
IMG20260121113011.jpg,,,4.15,4.5,4.38,4.29,4.33,unknown,,Unknown,,,
Copy of IMG20251218154022.jpg,,,3.38,5.1,4.57,4.3500000000000005,4.3500000000000005,unknown,,Unknown,,,
IMG20260121112912.jpg,,,4.43,4.43,4.48,4.1,4.359999999999999,unknown,,Unknown,,,
Copy of IMG20251218151035.jpg,,,4.0,5.21,5.03,3.6,4.460000000000001,unknown,,Unknown,,,
Copy of IMG20251218152036.jpg,,,4.31,4.62,4.46,4.463333333333334,4.463333333333334,unknown,,Unknown,,,
Copy of IMG20251218152401.jpg,,,4.2,4.89,4.42,4.503333333333333,4.503333333333333,unknown,,Unknown,,,
Copy of 9.jpg,,,4.13,4.91,4.76,4.6,4.6,unknown,,Unknown,,,
IMG20251218154542.heic,,,4.48,4.77,4.65,4.633333333333334,4.633333333333334,unknown,,Unknown,,,
Copy of IMG20251218145539.jpg,,,4.35,5.15,4.41,4.636666666666667,4.636666666666667,unknown,,Unknown,,,
Copy of IMG20251218145654.jpg,,,4.46,4.72,4.8,4.66,4.66,unknown,,Unknown,,,
Copy of IMG20251218145831.jpg,,,4.66,5.28,4.09,4.676666666666667,4.676666666666667,unknown,,Unknown,,,
Copy of IMG20251218150730.jpg,,,4.15,5.41,5.53,3.69,4.695,unknown,,Unknown,,,
Copy of IMG20251218153610.jpg,,,4.4,5.0,4.7,4.7,4.7,unknown,,Unknown,,,
Copy of 5.jpg,,,4.79,4.88,4.79,4.82,4.82,unknown,,Unknown,,,
Copy of IMG20251218153928.jpg,,,4.47,5.37,4.65,4.83,4.83,unknown,,Unknown,,,
Copy of IMG20251218150254.jpg,,,4.97,4.4,5.25,4.71,4.8325000000000005,unknown,,Unknown,,,
Copy of IMG20251218154203.jpg,,,4.62,5.18,4.89,4.896666666666667,4.896666666666667,unknown,,Unknown,,,
front image.jpeg,,,4.86,5.49,5.48,3.85,4.920000000000001,unknown,,Unknown,,,
Copy of IMG20251218153445.jpg,,,4.4,5.57,4.98,4.983333333333333,4.983333333333333,unknown,,Unknown,,,
Copy of IMG20251218153357.jpg,,,4.91,5.19,4.95,5.016666666666667,5.016666666666667,unknown,,Unknown,,,
Copy of IMG20251218153029.jpg,,,5.16,5.43,4.68,5.09,5.09,unknown,,Unknown,,,
Copy of IMG20251218145812.jpg,,,4.94,4.86,5.61,5.136666666666667,5.136666666666667,unknown,,Unknown,,,
Copy of IMG20251218152902.jpg,,,5.07,5.61,4.75,5.1433333333333335,5.1433333333333335,unknown,,Unknown,,,
Copy of IMG20251218152236.jpg,,,4.5,5.13,5.97,5.199999999999999,5.199999999999999,unknown,,Unknown,,,
Copy of IMG20251218150847.jpg,,,4.29,5.58,5.53,5.53,5.232500000000001,unknown,,Unknown,,,
Copy of IMG20251218150621.jpg,,,5.28,5.64,5.39,4.82,5.2825,unknown,,Unknown,,,
Copy of IMG20251218152538.jpg,,,4.45,5.45,5.77,5.76,5.3575,unknown,,Unknown,,,
IMG20251218154739.heic,,,5.24,5.59,5.39,5.406666666666666,5.406666666666666,unknown,,Unknown,,,
Copy of IMG20251218153307.jpg,,,6.95,4.98,4.41,5.446666666666666,5.446666666666666,unknown,,Unknown,,,
Copy of IMG20251218150508.jpg,,,5.32,5.81,5.72,5.07,5.48,unknown,,Unknown,,,
Copy of IMG20251218151921.jpg,,,5.45,5.44,5.57,5.486666666666667,5.486666666666667,unknown,,Unknown,,,
Copy of IMG20251218152440.jpg,,,5.19,5.28,5.87,5.75,5.5225,unknown,,Unknown,,,
Copy of 1.jpg,,,5.45,5.66,5.71,5.6066666666666665,5.6066666666666665,unknown,,Unknown,,,
IMG20251103170048.heic,,,5.95,6.04,5.45,5.25,5.6725,unknown,,Unknown,,,
IMG20251218155614.heic,,,5.29,6.25,5.79,5.776666666666666,5.776666666666666,unknown,,Unknown,,,
Copy of IMG20251218150412.jpg,,,5.48,6.15,6.3,5.46,5.8475,unknown,,Unknown,,,
IMG20251218154833.heic,,,6.16,6.16,5.45,5.923333333333333,5.923333333333333,unknown,,Unknown,,,
IMG20251218154944.heic,,,5.53,6.28,6.05,5.953333333333333,5.953333333333333,unknown,,Unknown,,,
front image 5.jpeg,,,5.22,6.5,6.15,6.04,5.977499999999999,unknown,,Unknown,,,
front image 4.jpeg,,,5.05,6.38,6.48,6.18,6.0225,unknown,,Unknown,,,
Copy of IMG20251218145404.jpg,,,5.96,6.32,5.81,6.03,6.03,unknown,,Unknown,,,
IMG20251218160602.heic,,,6.29,5.29,6.72,6.1000000000000005,6.1000000000000005,unknown,,Unknown,,,
IMG20251218160636.heic,,,6.26,5.85,6.43,6.18,6.18,unknown,,Unknown,,,
IMG20251103165459.heic,,,6.5,6.65,6.54,5.38,6.2675,unknown,,Unknown,,,
IMG20251103164237.heic,,,6.0,6.26,6.65,6.303333333333334,6.303333333333334,unknown,,Unknown,,,
Copy of IMG20251218152941.jpg,,,6.25,6.74,6.4,6.463333333333334,6.463333333333334,unknown,,Unknown,,,
IMG20251103164020.heic,,,6.6,6.61,6.27,6.493333333333333,6.493333333333333,unknown,,Unknown,,,
Copy of IMG20251218153134.jpg,,,6.28,6.84,6.73,6.616666666666667,6.616666666666667,unknown,,Unknown,,,
IMG20251218160726.heic,,,6.68,6.67,6.98,6.776666666666666,6.776666666666666,unknown,,Unknown,,,
Copy of IMG20251218151359.jpg,,,7.07,7.3,7.07,7.146666666666667,7.146666666666667,unknown,,Unknown,,,
Copy of IMG20251218151620.jpg,,,6.94,7.25,7.28,7.156666666666667,7.156666666666667,unknown,,Unknown,,,
IMG20251103165827.heic,,,6.73,7.54,7.62,7.31,7.3,unknown,,Unknown,,,
002_IMG20260209154457 (1).heic,,,3.3,3.37,3.57,3.37,3.4025,unknown,,Unknown,,,
007_IMG20260209154607.heic,,,3.23,3.58,3.63,3.37,3.452500000000001,unknown,,Unknown,,,
013_IMG20260209154732.heic,,,3.65,3.65,3.65,3.65,3.65,unknown,,Unknown,,,
019_IMG20260209154849.heic,,,3.36,3.67,3.72,3.76,3.6275,unknown,,Unknown,,,
025_IMG20260209154957.heic,,,2.96,3.04,2.79,2.93,2.93,unknown,,Unknown,,,
041_IMG20260209155508.heic,,,2.72,2.71,2.56,2.6633333333333336,2.6633333333333336,unknown,,Unknown,,,
047_IMG20260209155620.heic,,,3.47,3.66,3.16,3.32,3.4025000000000003,unknown,,Unknown,,,
053_IMG20260209155700.heic,,,3.42,3.58,3.53,3.33,3.465,unknown,,Unknown,,,
059_IMG20260209155852.heic,,,3.58,3.67,3.99,3.72,3.74,unknown,,Unknown,,,
065_IMG20260209155957.heic,,,2.87,2.86,2.88,2.87,2.87,unknown,,Unknown,,,
071_IMG20260209160826.heic,,,3.15,3.4,3.25,3.266666666666667,3.266666666666667,unknown,,Unknown,,,
077_IMG20260209161000.heic,,,2.85,2.01,2.01,2.29,2.29,unknown,,Unknown,,,
083_IMG20260209161051.heic,,,2.7,2.75,2.96,2.803333333333333,2.803333333333333,unknown,,Unknown,,,
093_IMG20260209161255.heic,,,2.66,2.91,2.58,2.716666666666667,2.716666666666667,unknown,,Unknown,,,
117_IMG20260209161617.heic,,,2.98,2.96,3.21,2.99,3.035,unknown,,Unknown,,,
123_IMG20260209161701.heic,,,1.44,1.61,1.71,1.52,1.5699999999999998,unknown,,Unknown,,,
129_IMG20260209161808.heic,,,1.42,1.9,1.93,1.65,1.725,unknown,,Unknown,,,
dataset\continuous_learning\front_view\fd9cc42d-35eb-471a-a1d6-afda22c7b14b.jpg,dataset continuous learning front view fd9cc42d-35eb-471a-a1d6-afda22c7b14b.jpg,,5.3,5.4,5.5,5.4,5.4,unknown,,Unknown,,,
